ISO-10303-21;
HEADER;
/* Generated by software containing ST-Developer
 * from STEP Tools, Inc. (www.steptools.com) 
 */

FILE_DESCRIPTION(
/* description */ (''),
/* implementation_level */ '2;1');

FILE_NAME(
/* name */ 'Original CFRP Drone Frame.step',
/* time_stamp */ '2026-06-05T02:54:12-07:00',
/* author */ (''),
/* organization */ (''),
/* preprocessor_version */ 'ST-DEVELOPER v20.1',
/* originating_system */ 'Autodesk Translation Framework v15.8.0.0',
/* authorisation */ '');

FILE_SCHEMA (('AUTOMOTIVE_DESIGN { 1 0 10303 214 3 1 1 }'));
ENDSEC;

DATA;
#10=MECHANICAL_DESIGN_GEOMETRIC_PRESENTATION_REPRESENTATION('',(#83,#84,
#85,#86,#87,#88),#14209);
#11=ITEM_DEFINED_TRANSFORMATION($,$,#8381,#9279);
#12=ITEM_DEFINED_TRANSFORMATION($,$,#9018,#9280);
#13=ITEM_DEFINED_TRANSFORMATION($,$,#9139,#9281);
#14=ITEM_DEFINED_TRANSFORMATION($,$,#8700,#9282);
#15=ITEM_DEFINED_TRANSFORMATION($,$,#9260,#9283);
#16=ITEM_DEFINED_TRANSFORMATION($,$,#8865,#9284);
#17=ITEM_DEFINED_TRANSFORMATION($,$,#9018,#9285);
#18=ITEM_DEFINED_TRANSFORMATION($,$,#9139,#9286);
#19=ITEM_DEFINED_TRANSFORMATION($,$,#9260,#9287);
#20=ITEM_DEFINED_TRANSFORMATION($,$,#9260,#9288);
#21=ITEM_DEFINED_TRANSFORMATION($,$,#9260,#9289);
#22=ITEM_DEFINED_TRANSFORMATION($,$,#9260,#9290);
#23=ITEM_DEFINED_TRANSFORMATION($,$,#9260,#9291);
#24=ITEM_DEFINED_TRANSFORMATION($,$,#9260,#9292);
#25=ITEM_DEFINED_TRANSFORMATION($,$,#9260,#9293);
#26=(
REPRESENTATION_RELATIONSHIP($,$,#14244,#14243)
REPRESENTATION_RELATIONSHIP_WITH_TRANSFORMATION(#11)
SHAPE_REPRESENTATION_RELATIONSHIP()
);
#27=(
REPRESENTATION_RELATIONSHIP($,$,#14247,#14243)
REPRESENTATION_RELATIONSHIP_WITH_TRANSFORMATION(#12)
SHAPE_REPRESENTATION_RELATIONSHIP()
);
#28=(
REPRESENTATION_RELATIONSHIP($,$,#14248,#14243)
REPRESENTATION_RELATIONSHIP_WITH_TRANSFORMATION(#13)
SHAPE_REPRESENTATION_RELATIONSHIP()
);
#29=(
REPRESENTATION_RELATIONSHIP($,$,#14245,#14243)
REPRESENTATION_RELATIONSHIP_WITH_TRANSFORMATION(#14)
SHAPE_REPRESENTATION_RELATIONSHIP()
);
#30=(
REPRESENTATION_RELATIONSHIP($,$,#14249,#14243)
REPRESENTATION_RELATIONSHIP_WITH_TRANSFORMATION(#15)
SHAPE_REPRESENTATION_RELATIONSHIP()
);
#31=(
REPRESENTATION_RELATIONSHIP($,$,#14246,#14243)
REPRESENTATION_RELATIONSHIP_WITH_TRANSFORMATION(#16)
SHAPE_REPRESENTATION_RELATIONSHIP()
);
#32=(
REPRESENTATION_RELATIONSHIP($,$,#14247,#14243)
REPRESENTATION_RELATIONSHIP_WITH_TRANSFORMATION(#17)
SHAPE_REPRESENTATION_RELATIONSHIP()
);
#33=(
REPRESENTATION_RELATIONSHIP($,$,#14248,#14243)
REPRESENTATION_RELATIONSHIP_WITH_TRANSFORMATION(#18)
SHAPE_REPRESENTATION_RELATIONSHIP()
);
#34=(
REPRESENTATION_RELATIONSHIP($,$,#14249,#14243)
REPRESENTATION_RELATIONSHIP_WITH_TRANSFORMATION(#19)
SHAPE_REPRESENTATION_RELATIONSHIP()
);
#35=(
REPRESENTATION_RELATIONSHIP($,$,#14249,#14243)
REPRESENTATION_RELATIONSHIP_WITH_TRANSFORMATION(#20)
SHAPE_REPRESENTATION_RELATIONSHIP()
);
#36=(
REPRESENTATION_RELATIONSHIP($,$,#14249,#14243)
REPRESENTATION_RELATIONSHIP_WITH_TRANSFORMATION(#21)
SHAPE_REPRESENTATION_RELATIONSHIP()
);
#37=(
REPRESENTATION_RELATIONSHIP($,$,#14249,#14243)
REPRESENTATION_RELATIONSHIP_WITH_TRANSFORMATION(#22)
SHAPE_REPRESENTATION_RELATIONSHIP()
);
#38=(
REPRESENTATION_RELATIONSHIP($,$,#14249,#14243)
REPRESENTATION_RELATIONSHIP_WITH_TRANSFORMATION(#23)
SHAPE_REPRESENTATION_RELATIONSHIP()
);
#39=(
REPRESENTATION_RELATIONSHIP($,$,#14249,#14243)
REPRESENTATION_RELATIONSHIP_WITH_TRANSFORMATION(#24)
SHAPE_REPRESENTATION_RELATIONSHIP()
);
#40=(
REPRESENTATION_RELATIONSHIP($,$,#14249,#14243)
REPRESENTATION_RELATIONSHIP_WITH_TRANSFORMATION(#25)
SHAPE_REPRESENTATION_RELATIONSHIP()
);
#41=CONTEXT_DEPENDENT_SHAPE_REPRESENTATION(#26,#14228);
#42=CONTEXT_DEPENDENT_SHAPE_REPRESENTATION(#27,#14229);
#43=CONTEXT_DEPENDENT_SHAPE_REPRESENTATION(#28,#14230);
#44=CONTEXT_DEPENDENT_SHAPE_REPRESENTATION(#29,#14231);
#45=CONTEXT_DEPENDENT_SHAPE_REPRESENTATION(#30,#14232);
#46=CONTEXT_DEPENDENT_SHAPE_REPRESENTATION(#31,#14233);
#47=CONTEXT_DEPENDENT_SHAPE_REPRESENTATION(#32,#14234);
#48=CONTEXT_DEPENDENT_SHAPE_REPRESENTATION(#33,#14235);
#49=CONTEXT_DEPENDENT_SHAPE_REPRESENTATION(#34,#14236);
#50=CONTEXT_DEPENDENT_SHAPE_REPRESENTATION(#35,#14237);
#51=CONTEXT_DEPENDENT_SHAPE_REPRESENTATION(#36,#14238);
#52=CONTEXT_DEPENDENT_SHAPE_REPRESENTATION(#37,#14239);
#53=CONTEXT_DEPENDENT_SHAPE_REPRESENTATION(#38,#14240);
#54=CONTEXT_DEPENDENT_SHAPE_REPRESENTATION(#39,#14241);
#55=CONTEXT_DEPENDENT_SHAPE_REPRESENTATION(#40,#14242);
#56=NEXT_ASSEMBLY_USAGE_OCCURRENCE('BOTTOM:1','BOTTOM:1','BOTTOM:1',#14251,
#14252,'BOTTOM:1');
#57=NEXT_ASSEMBLY_USAGE_OCCURRENCE('ARM_SHORT:1','ARM_SHORT:1',
'ARM_SHORT:1',#14251,#14255,'ARM_SHORT:1');
#58=NEXT_ASSEMBLY_USAGE_OCCURRENCE('ARM_LONG:1','ARM_LONG:1',
'ARM_LONG:1',#14251,#14256,'ARM_LONG:1');
#59=NEXT_ASSEMBLY_USAGE_OCCURRENCE('CENTER:1','CENTER:1','CENTER:1',#14251,
#14253,'CENTER:1');
#60=NEXT_ASSEMBLY_USAGE_OCCURRENCE('SPACER_25MM:1','SPACER_25MM:1',
'SPACER_25MM:1',#14251,#14257,'SPACER_25MM:1');
#61=NEXT_ASSEMBLY_USAGE_OCCURRENCE('TOP:1','TOP:1','TOP:1',#14251,#14254,
'TOP:1');
#62=NEXT_ASSEMBLY_USAGE_OCCURRENCE('ARM_SHORT:2','ARM_SHORT:2',
'ARM_SHORT:2',#14251,#14255,'ARM_SHORT:2');
#63=NEXT_ASSEMBLY_USAGE_OCCURRENCE('ARM_LONG:2','ARM_LONG:2',
'ARM_LONG:2',#14251,#14256,'ARM_LONG:2');
#64=NEXT_ASSEMBLY_USAGE_OCCURRENCE('SPACER_25MM:2','SPACER_25MM:2',
'SPACER_25MM:2',#14251,#14257,'SPACER_25MM:2');
#65=NEXT_ASSEMBLY_USAGE_OCCURRENCE('SPACER_25MM:3','SPACER_25MM:3',
'SPACER_25MM:3',#14251,#14257,'SPACER_25MM:3');
#66=NEXT_ASSEMBLY_USAGE_OCCURRENCE('SPACER_25MM:4','SPACER_25MM:4',
'SPACER_25MM:4',#14251,#14257,'SPACER_25MM:4');
#67=NEXT_ASSEMBLY_USAGE_OCCURRENCE('SPACER_25MM:5','SPACER_25MM:5',
'SPACER_25MM:5',#14251,#14257,'SPACER_25MM:5');
#68=NEXT_ASSEMBLY_USAGE_OCCURRENCE('SPACER_25MM:6','SPACER_25MM:6',
'SPACER_25MM:6',#14251,#14257,'SPACER_25MM:6');
#69=NEXT_ASSEMBLY_USAGE_OCCURRENCE('SPACER_25MM:7','SPACER_25MM:7',
'SPACER_25MM:7',#14251,#14257,'SPACER_25MM:7');
#70=NEXT_ASSEMBLY_USAGE_OCCURRENCE('SPACER_25MM:8','SPACER_25MM:8',
'SPACER_25MM:8',#14251,#14257,'SPACER_25MM:8');
#71=SHAPE_REPRESENTATION_RELATIONSHIP('SRR','None',#14244,#77);
#72=SHAPE_REPRESENTATION_RELATIONSHIP('SRR','None',#14245,#78);
#73=SHAPE_REPRESENTATION_RELATIONSHIP('SRR','None',#14246,#79);
#74=SHAPE_REPRESENTATION_RELATIONSHIP('SRR','None',#14247,#80);
#75=SHAPE_REPRESENTATION_RELATIONSHIP('SRR','None',#14248,#81);
#76=SHAPE_REPRESENTATION_RELATIONSHIP('SRR','None',#14249,#82);
#77=ADVANCED_BREP_SHAPE_REPRESENTATION('',(#89),#14203);
#78=ADVANCED_BREP_SHAPE_REPRESENTATION('',(#90),#14204);
#79=ADVANCED_BREP_SHAPE_REPRESENTATION('',(#91),#14205);
#80=ADVANCED_BREP_SHAPE_REPRESENTATION('',(#92),#14206);
#81=ADVANCED_BREP_SHAPE_REPRESENTATION('',(#93),#14207);
#82=ADVANCED_BREP_SHAPE_REPRESENTATION('',(#94),#14208);
#83=STYLED_ITEM('',(#14283),#89);
#84=STYLED_ITEM('',(#14283),#90);
#85=STYLED_ITEM('',(#14283),#91);
#86=STYLED_ITEM('',(#14283),#92);
#87=STYLED_ITEM('',(#14283),#93);
#88=STYLED_ITEM('',(#14282),#94);
#89=MANIFOLD_SOLID_BREP('Body1',#8307);
#90=MANIFOLD_SOLID_BREP('Body1',#8308);
#91=MANIFOLD_SOLID_BREP('Body1',#8309);
#92=MANIFOLD_SOLID_BREP('Body1',#8310);
#93=MANIFOLD_SOLID_BREP('Body1',#8311);
#94=MANIFOLD_SOLID_BREP('Body1',#8312);
#95=CONICAL_SURFACE('',#8602,1.84999999959,0.785398163397448);
#96=CONICAL_SURFACE('',#8605,1.84999999959,0.785398163397448);
#97=CONICAL_SURFACE('',#8608,1.84999999959,0.785398163397448);
#98=CONICAL_SURFACE('',#8611,1.84999999959,0.785398163397448);
#99=CONICAL_SURFACE('',#8636,1.84999999959,0.785398163397448);
#100=CONICAL_SURFACE('',#8639,1.84999999959,0.785398163397448);
#101=CONICAL_SURFACE('',#8642,1.84999999959,0.785398163397448);
#102=CONICAL_SURFACE('',#8645,1.84999999959,0.785398163397448);
#103=CONICAL_SURFACE('',#8650,1.84999999959,0.785398163397448);
#104=CONICAL_SURFACE('',#8653,1.84999999959,0.785398163397448);
#105=CONICAL_SURFACE('',#8656,1.84999999959,0.785398163397448);
#106=CONICAL_SURFACE('',#8659,1.84999999959,0.785398163397448);
#107=CONICAL_SURFACE('',#8668,1.84999999959,0.785398163397448);
#108=CONICAL_SURFACE('',#8671,1.84999999959,0.785398163397448);
#109=CONICAL_SURFACE('',#8674,1.84999999959,0.785398163397448);
#110=CONICAL_SURFACE('',#8677,1.84999999959,0.785398163397448);
#111=CONICAL_SURFACE('',#8692,1.84999999959,0.785398163397448);
#112=CONICAL_SURFACE('',#8694,1.84999999959,0.785398163397448);
#113=CONICAL_SURFACE('',#8696,1.84999999959,0.785398163397448);
#114=CONICAL_SURFACE('',#8698,1.84999999959,0.785398163397448);
#115=CONICAL_SURFACE('',#8805,0.9999999996565,0.785398163397448);
#116=CONICAL_SURFACE('',#8808,1.999999998777,0.785398163397448);
#117=CONICAL_SURFACE('',#8811,1.999999998777,0.785398163397448);
#118=CONICAL_SURFACE('',#8814,0.9999999996565,0.785398163397448);
#119=CONICAL_SURFACE('',#8817,1.999999998777,0.785398163397448);
#120=CONICAL_SURFACE('',#8820,1.999999998777,0.785398163397448);
#121=CONICAL_SURFACE('',#8823,0.9999999996565,0.785398163397448);
#122=CONICAL_SURFACE('',#8826,1.999999998777,0.785398163397448);
#123=CONICAL_SURFACE('',#8829,1.999999998777,0.785398163397448);
#124=CONICAL_SURFACE('',#8832,0.9999999996565,0.785398163397448);
#125=CONICAL_SURFACE('',#8835,1.999999998777,0.785398163397448);
#126=CONICAL_SURFACE('',#8838,1.999999998777,0.785398163397448);
#127=CONICAL_SURFACE('',#8978,1.599999998978,0.785398163397448);
#128=CONICAL_SURFACE('',#8981,1.599999998978,0.785398163397448);
#129=CONICAL_SURFACE('',#8986,1.599999998978,0.785398163397448);
#130=CONICAL_SURFACE('',#8989,1.599999998978,0.785398163397448);
#131=CONICAL_SURFACE('',#8994,1.599999998978,0.785398163397448);
#132=CONICAL_SURFACE('',#8997,1.599999998978,0.785398163397448);
#133=CONICAL_SURFACE('',#9002,1.599999998978,0.785398163397448);
#134=CONICAL_SURFACE('',#9005,1.599999998978,0.785398163397448);
#135=CONICAL_SURFACE('',#9065,25.39999999946,0.785398163397448);
#136=CONICAL_SURFACE('',#9067,3.693145750075,0.785398163397448);
#137=CONICAL_SURFACE('',#9070,3.693145750047,0.785398163397448);
#138=CONICAL_SURFACE('',#9073,4.59999999878,0.785398163397448);
#139=CONICAL_SURFACE('',#9076,3.693145750047,0.785398163397448);
#140=CONICAL_SURFACE('',#9079,3.693145750075,0.785398163397448);
#141=CONICAL_SURFACE('',#9081,25.39999999946,0.785398163397448);
#142=CONICAL_SURFACE('',#9084,6.599999999999,0.785398163397448);
#143=CONICAL_SURFACE('',#9087,4.099999997072,0.785398163397448);
#144=CONICAL_SURFACE('',#9090,6.6,0.785398163397448);
#145=CONICAL_SURFACE('',#9121,6.6,0.785398163397448);
#146=CONICAL_SURFACE('',#9123,4.099999997072,0.785398163397448);
#147=CONICAL_SURFACE('',#9125,6.599999999999,0.785398163397448);
#148=CONICAL_SURFACE('',#9127,25.39999999946,0.785398163397448);
#149=CONICAL_SURFACE('',#9128,3.693145750075,0.785398163397448);
#150=CONICAL_SURFACE('',#9130,3.693145750047,0.785398163397448);
#151=CONICAL_SURFACE('',#9132,4.59999999878,0.785398163397448);
#152=CONICAL_SURFACE('',#9134,3.693145750047,0.785398163397448);
#153=CONICAL_SURFACE('',#9136,3.693145750075,0.785398163397448);
#154=CONICAL_SURFACE('',#9137,25.39999999946,0.785398163397448);
#155=CONICAL_SURFACE('',#9186,25.39999999951,0.785398163397448);
#156=CONICAL_SURFACE('',#9188,3.693145750075,0.785398163397448);
#157=CONICAL_SURFACE('',#9191,3.693145750016,0.785398163397448);
#158=CONICAL_SURFACE('',#9194,4.59999999878,0.785398163397448);
#159=CONICAL_SURFACE('',#9197,3.693145750016,0.785398163397448);
#160=CONICAL_SURFACE('',#9200,3.693145750075,0.785398163397448);
#161=CONICAL_SURFACE('',#9202,25.3999999995,0.785398163397448);
#162=CONICAL_SURFACE('',#9205,6.600000000001,0.785398163397448);
#163=CONICAL_SURFACE('',#9208,4.099999998149,0.785398163397448);
#164=CONICAL_SURFACE('',#9211,6.600000000001,0.785398163397448);
#165=CONICAL_SURFACE('',#9242,6.6,0.785398163397448);
#166=CONICAL_SURFACE('',#9244,4.099999998149,0.785398163397448);
#167=CONICAL_SURFACE('',#9246,6.6,0.785398163397448);
#168=CONICAL_SURFACE('',#9248,25.3999999995,0.785398163397448);
#169=CONICAL_SURFACE('',#9249,3.693145750075,0.785398163397448);
#170=CONICAL_SURFACE('',#9251,3.693145750016,0.785398163397448);
#171=CONICAL_SURFACE('',#9253,4.59999999878,0.785398163397448);
#172=CONICAL_SURFACE('',#9255,3.693145750016,0.785398163397448);
#173=CONICAL_SURFACE('',#9257,3.693145750075,0.785398163397448);
#174=CONICAL_SURFACE('',#9258,25.39999999951,0.785398163397448);
#175=CONICAL_SURFACE('',#9270,2.7,0.380481776934764);
#176=CONICAL_SURFACE('',#9275,2.7,0.380481776934764);
#177=CYLINDRICAL_SURFACE('',#8453,1.5);
#178=CYLINDRICAL_SURFACE('',#8525,1.5);
#179=CYLINDRICAL_SURFACE('',#8526,1.5);
#180=CYLINDRICAL_SURFACE('',#8527,1.5);
#181=CYLINDRICAL_SURFACE('',#8528,1.5);
#182=CYLINDRICAL_SURFACE('',#8529,1.5);
#183=CYLINDRICAL_SURFACE('',#8530,1.5);
#184=CYLINDRICAL_SURFACE('',#8531,1.5);
#185=CYLINDRICAL_SURFACE('',#8532,1.5);
#186=CYLINDRICAL_SURFACE('',#8533,1.5);
#187=CYLINDRICAL_SURFACE('',#8534,1.5);
#188=CYLINDRICAL_SURFACE('',#8535,1.5);
#189=CYLINDRICAL_SURFACE('',#8536,2.25);
#190=CYLINDRICAL_SURFACE('',#8537,2.25);
#191=CYLINDRICAL_SURFACE('',#8538,2.25);
#192=CYLINDRICAL_SURFACE('',#8539,0.85);
#193=CYLINDRICAL_SURFACE('',#8540,0.85);
#194=CYLINDRICAL_SURFACE('',#8541,0.85);
#195=CYLINDRICAL_SURFACE('',#8542,0.85);
#196=CYLINDRICAL_SURFACE('',#8543,2.25);
#197=CYLINDRICAL_SURFACE('',#8544,3.);
#198=CYLINDRICAL_SURFACE('',#8546,12.);
#199=CYLINDRICAL_SURFACE('',#8547,7.);
#200=CYLINDRICAL_SURFACE('',#8549,10.);
#201=CYLINDRICAL_SURFACE('',#8551,10.);
#202=CYLINDRICAL_SURFACE('',#8553,7.);
#203=CYLINDRICAL_SURFACE('',#8554,8.);
#204=CYLINDRICAL_SURFACE('',#8556,3.);
#205=CYLINDRICAL_SURFACE('',#8558,3.);
#206=CYLINDRICAL_SURFACE('',#8560,8.);
#207=CYLINDRICAL_SURFACE('',#8561,7.);
#208=CYLINDRICAL_SURFACE('',#8563,10.);
#209=CYLINDRICAL_SURFACE('',#8565,10.);
#210=CYLINDRICAL_SURFACE('',#8567,7.);
#211=CYLINDRICAL_SURFACE('',#8568,12.);
#212=CYLINDRICAL_SURFACE('',#8570,3.);
#213=CYLINDRICAL_SURFACE('',#8573,1.);
#214=CYLINDRICAL_SURFACE('',#8575,1.);
#215=CYLINDRICAL_SURFACE('',#8577,1.);
#216=CYLINDRICAL_SURFACE('',#8579,1.);
#217=CYLINDRICAL_SURFACE('',#8581,1.);
#218=CYLINDRICAL_SURFACE('',#8583,1.);
#219=CYLINDRICAL_SURFACE('',#8584,1.);
#220=CYLINDRICAL_SURFACE('',#8586,1.);
#221=CYLINDRICAL_SURFACE('',#8589,1.);
#222=CYLINDRICAL_SURFACE('',#8591,1.);
#223=CYLINDRICAL_SURFACE('',#8593,1.);
#224=CYLINDRICAL_SURFACE('',#8595,1.);
#225=CYLINDRICAL_SURFACE('',#8596,1.);
#226=CYLINDRICAL_SURFACE('',#8598,1.);
#227=CYLINDRICAL_SURFACE('',#8613,1.5);
#228=CYLINDRICAL_SURFACE('',#8615,1.5);
#229=CYLINDRICAL_SURFACE('',#8617,1.5);
#230=CYLINDRICAL_SURFACE('',#8619,1.5);
#231=CYLINDRICAL_SURFACE('',#8621,0.8);
#232=CYLINDRICAL_SURFACE('',#8623,0.8);
#233=CYLINDRICAL_SURFACE('',#8624,0.8);
#234=CYLINDRICAL_SURFACE('',#8626,0.8);
#235=CYLINDRICAL_SURFACE('',#8629,0.8);
#236=CYLINDRICAL_SURFACE('',#8631,0.8);
#237=CYLINDRICAL_SURFACE('',#8632,0.8);
#238=CYLINDRICAL_SURFACE('',#8634,0.8);
#239=CYLINDRICAL_SURFACE('',#8661,1.5);
#240=CYLINDRICAL_SURFACE('',#8663,1.5);
#241=CYLINDRICAL_SURFACE('',#8665,1.5);
#242=CYLINDRICAL_SURFACE('',#8667,1.5);
#243=CYLINDRICAL_SURFACE('',#8681,1.5);
#244=CYLINDRICAL_SURFACE('',#8684,1.5);
#245=CYLINDRICAL_SURFACE('',#8687,1.5);
#246=CYLINDRICAL_SURFACE('',#8690,1.5);
#247=CYLINDRICAL_SURFACE('',#8738,1.5);
#248=CYLINDRICAL_SURFACE('',#8776,1.5);
#249=CYLINDRICAL_SURFACE('',#8777,1.5);
#250=CYLINDRICAL_SURFACE('',#8778,1.5);
#251=CYLINDRICAL_SURFACE('',#8779,1.5);
#252=CYLINDRICAL_SURFACE('',#8780,1.5);
#253=CYLINDRICAL_SURFACE('',#8781,1.5);
#254=CYLINDRICAL_SURFACE('',#8782,1.5);
#255=CYLINDRICAL_SURFACE('',#8783,7.);
#256=CYLINDRICAL_SURFACE('',#8784,101.2298290584);
#257=CYLINDRICAL_SURFACE('',#8785,7.);
#258=CYLINDRICAL_SURFACE('',#8787,10.);
#259=CYLINDRICAL_SURFACE('',#8789,10.);
#260=CYLINDRICAL_SURFACE('',#8791,7.);
#261=CYLINDRICAL_SURFACE('',#8792,50.01832816874);
#262=CYLINDRICAL_SURFACE('',#8793,7.);
#263=CYLINDRICAL_SURFACE('',#8795,10.);
#264=CYLINDRICAL_SURFACE('',#8797,10.);
#265=CYLINDRICAL_SURFACE('',#8799,1.5);
#266=CYLINDRICAL_SURFACE('',#8800,1.5);
#267=CYLINDRICAL_SURFACE('',#8801,1.5);
#268=CYLINDRICAL_SURFACE('',#8802,1.5);
#269=CYLINDRICAL_SURFACE('',#8803,1.5);
#270=CYLINDRICAL_SURFACE('',#8804,1.5);
#271=CYLINDRICAL_SURFACE('',#8842,1.5);
#272=CYLINDRICAL_SURFACE('',#8844,1.5);
#273=CYLINDRICAL_SURFACE('',#8846,1.5);
#274=CYLINDRICAL_SURFACE('',#8848,1.5);
#275=CYLINDRICAL_SURFACE('',#8850,1.5);
#276=CYLINDRICAL_SURFACE('',#8852,1.5);
#277=CYLINDRICAL_SURFACE('',#8854,1.5);
#278=CYLINDRICAL_SURFACE('',#8856,1.5);
#279=CYLINDRICAL_SURFACE('',#8858,1.5);
#280=CYLINDRICAL_SURFACE('',#8860,1.5);
#281=CYLINDRICAL_SURFACE('',#8862,1.5);
#282=CYLINDRICAL_SURFACE('',#8864,1.5);
#283=CYLINDRICAL_SURFACE('',#8901,3.);
#284=CYLINDRICAL_SURFACE('',#8904,3.);
#285=CYLINDRICAL_SURFACE('',#8907,3.);
#286=CYLINDRICAL_SURFACE('',#8910,3.);
#287=CYLINDRICAL_SURFACE('',#8944,1.5);
#288=CYLINDRICAL_SURFACE('',#8945,1.5);
#289=CYLINDRICAL_SURFACE('',#8946,1.5);
#290=CYLINDRICAL_SURFACE('',#8947,1.5);
#291=CYLINDRICAL_SURFACE('',#8948,1.5);
#292=CYLINDRICAL_SURFACE('',#8949,1.5);
#293=CYLINDRICAL_SURFACE('',#8950,1.5);
#294=CYLINDRICAL_SURFACE('',#8951,1.5);
#295=CYLINDRICAL_SURFACE('',#8952,1.1);
#296=CYLINDRICAL_SURFACE('',#8953,1.1);
#297=CYLINDRICAL_SURFACE('',#8955,1.5);
#298=CYLINDRICAL_SURFACE('',#8957,1.5);
#299=CYLINDRICAL_SURFACE('',#8959,1.5);
#300=CYLINDRICAL_SURFACE('',#8960,1.5);
#301=CYLINDRICAL_SURFACE('',#8962,1.5);
#302=CYLINDRICAL_SURFACE('',#8964,1.5);
#303=CYLINDRICAL_SURFACE('',#8966,1.5);
#304=CYLINDRICAL_SURFACE('',#8968,1.5);
#305=CYLINDRICAL_SURFACE('',#8970,1.5);
#306=CYLINDRICAL_SURFACE('',#8973,1.5);
#307=CYLINDRICAL_SURFACE('',#8975,1.5);
#308=CYLINDRICAL_SURFACE('',#8977,1.5);
#309=CYLINDRICAL_SURFACE('',#8991,1.25);
#310=CYLINDRICAL_SURFACE('',#8993,1.25);
#311=CYLINDRICAL_SURFACE('',#9007,1.25);
#312=CYLINDRICAL_SURFACE('',#9009,1.25);
#313=CYLINDRICAL_SURFACE('',#9011,1.);
#314=CYLINDRICAL_SURFACE('',#9013,1.);
#315=CYLINDRICAL_SURFACE('',#9015,1.);
#316=CYLINDRICAL_SURFACE('',#9017,1.);
#317=CYLINDRICAL_SURFACE('',#9038,4.);
#318=CYLINDRICAL_SURFACE('',#9058,2.25);
#319=CYLINDRICAL_SURFACE('',#9059,1.5);
#320=CYLINDRICAL_SURFACE('',#9060,1.5);
#321=CYLINDRICAL_SURFACE('',#9061,1.5);
#322=CYLINDRICAL_SURFACE('',#9062,1.5);
#323=CYLINDRICAL_SURFACE('',#9063,1.5);
#324=CYLINDRICAL_SURFACE('',#9064,1.5);
#325=CYLINDRICAL_SURFACE('',#9094,25.);
#326=CYLINDRICAL_SURFACE('',#9096,4.093145750508);
#327=CYLINDRICAL_SURFACE('',#9099,4.093145750508);
#328=CYLINDRICAL_SURFACE('',#9102,5.);
#329=CYLINDRICAL_SURFACE('',#9105,4.093145750508);
#330=CYLINDRICAL_SURFACE('',#9108,4.093145750508);
#331=CYLINDRICAL_SURFACE('',#9110,25.);
#332=CYLINDRICAL_SURFACE('',#9113,7.);
#333=CYLINDRICAL_SURFACE('',#9116,4.5);
#334=CYLINDRICAL_SURFACE('',#9119,7.);
#335=CYLINDRICAL_SURFACE('',#9159,4.);
#336=CYLINDRICAL_SURFACE('',#9179,2.25);
#337=CYLINDRICAL_SURFACE('',#9180,1.5);
#338=CYLINDRICAL_SURFACE('',#9181,1.5);
#339=CYLINDRICAL_SURFACE('',#9182,1.5);
#340=CYLINDRICAL_SURFACE('',#9183,1.5);
#341=CYLINDRICAL_SURFACE('',#9184,1.5);
#342=CYLINDRICAL_SURFACE('',#9185,1.5);
#343=CYLINDRICAL_SURFACE('',#9215,25.);
#344=CYLINDRICAL_SURFACE('',#9217,4.093145750508);
#345=CYLINDRICAL_SURFACE('',#9220,4.093145750508);
#346=CYLINDRICAL_SURFACE('',#9223,5.);
#347=CYLINDRICAL_SURFACE('',#9226,4.093145750508);
#348=CYLINDRICAL_SURFACE('',#9229,4.093145750508);
#349=CYLINDRICAL_SURFACE('',#9231,25.);
#350=CYLINDRICAL_SURFACE('',#9234,7.);
#351=CYLINDRICAL_SURFACE('',#9237,4.5);
#352=CYLINDRICAL_SURFACE('',#9240,7.);
#353=CYLINDRICAL_SURFACE('',#9264,1.45);
#354=CYLINDRICAL_SURFACE('',#9268,3.);
#355=CYLINDRICAL_SURFACE('',#9272,2.4);
#356=CYLINDRICAL_SURFACE('',#9278,3.);
#357=FACE_BOUND('',#974,.T.);
#358=FACE_BOUND('',#975,.T.);
#359=FACE_BOUND('',#976,.T.);
#360=FACE_BOUND('',#977,.T.);
#361=FACE_BOUND('',#978,.T.);
#362=FACE_BOUND('',#979,.T.);
#363=FACE_BOUND('',#980,.T.);
#364=FACE_BOUND('',#981,.T.);
#365=FACE_BOUND('',#982,.T.);
#366=FACE_BOUND('',#983,.T.);
#367=FACE_BOUND('',#984,.T.);
#368=FACE_BOUND('',#985,.T.);
#369=FACE_BOUND('',#986,.T.);
#370=FACE_BOUND('',#987,.T.);
#371=FACE_BOUND('',#988,.T.);
#372=FACE_BOUND('',#989,.T.);
#373=FACE_BOUND('',#990,.T.);
#374=FACE_BOUND('',#991,.T.);
#375=FACE_BOUND('',#992,.T.);
#376=FACE_BOUND('',#993,.T.);
#377=FACE_BOUND('',#994,.T.);
#378=FACE_BOUND('',#995,.T.);
#379=FACE_BOUND('',#996,.T.);
#380=FACE_BOUND('',#997,.T.);
#381=FACE_BOUND('',#998,.T.);
#382=FACE_BOUND('',#999,.T.);
#383=FACE_BOUND('',#1000,.T.);
#384=FACE_BOUND('',#1001,.T.);
#385=FACE_BOUND('',#1002,.T.);
#386=FACE_BOUND('',#1003,.T.);
#387=FACE_BOUND('',#1004,.T.);
#388=FACE_BOUND('',#1005,.T.);
#389=FACE_BOUND('',#1006,.T.);
#390=FACE_BOUND('',#1007,.T.);
#391=FACE_BOUND('',#1010,.T.);
#392=FACE_BOUND('',#1011,.T.);
#393=FACE_BOUND('',#1012,.T.);
#394=FACE_BOUND('',#1013,.T.);
#395=FACE_BOUND('',#1014,.T.);
#396=FACE_BOUND('',#1015,.T.);
#397=FACE_BOUND('',#1016,.T.);
#398=FACE_BOUND('',#1017,.T.);
#399=FACE_BOUND('',#1018,.T.);
#400=FACE_BOUND('',#1019,.T.);
#401=FACE_BOUND('',#1020,.T.);
#402=FACE_BOUND('',#1021,.T.);
#403=FACE_BOUND('',#1022,.T.);
#404=FACE_BOUND('',#1023,.T.);
#405=FACE_BOUND('',#1024,.T.);
#406=FACE_BOUND('',#1025,.T.);
#407=FACE_BOUND('',#1026,.T.);
#408=FACE_BOUND('',#1027,.T.);
#409=FACE_BOUND('',#1028,.T.);
#410=FACE_BOUND('',#1029,.T.);
#411=FACE_BOUND('',#1030,.T.);
#412=FACE_BOUND('',#1031,.T.);
#413=FACE_BOUND('',#1032,.T.);
#414=FACE_BOUND('',#1033,.T.);
#415=FACE_BOUND('',#1034,.T.);
#416=FACE_BOUND('',#1035,.T.);
#417=FACE_BOUND('',#1036,.T.);
#418=FACE_BOUND('',#1037,.T.);
#419=FACE_BOUND('',#1038,.T.);
#420=FACE_BOUND('',#1039,.T.);
#421=FACE_BOUND('',#1040,.T.);
#422=FACE_BOUND('',#1041,.T.);
#423=FACE_BOUND('',#1042,.T.);
#424=FACE_BOUND('',#1043,.T.);
#425=FACE_BOUND('',#1200,.T.);
#426=FACE_BOUND('',#1201,.T.);
#427=FACE_BOUND('',#1202,.T.);
#428=FACE_BOUND('',#1203,.T.);
#429=FACE_BOUND('',#1204,.T.);
#430=FACE_BOUND('',#1205,.T.);
#431=FACE_BOUND('',#1206,.T.);
#432=FACE_BOUND('',#1207,.T.);
#433=FACE_BOUND('',#1208,.T.);
#434=FACE_BOUND('',#1209,.T.);
#435=FACE_BOUND('',#1210,.T.);
#436=FACE_BOUND('',#1211,.T.);
#437=FACE_BOUND('',#1212,.T.);
#438=FACE_BOUND('',#1213,.T.);
#439=FACE_BOUND('',#1214,.T.);
#440=FACE_BOUND('',#1217,.T.);
#441=FACE_BOUND('',#1218,.T.);
#442=FACE_BOUND('',#1219,.T.);
#443=FACE_BOUND('',#1220,.T.);
#444=FACE_BOUND('',#1221,.T.);
#445=FACE_BOUND('',#1222,.T.);
#446=FACE_BOUND('',#1223,.T.);
#447=FACE_BOUND('',#1224,.T.);
#448=FACE_BOUND('',#1225,.T.);
#449=FACE_BOUND('',#1226,.T.);
#450=FACE_BOUND('',#1227,.T.);
#451=FACE_BOUND('',#1228,.T.);
#452=FACE_BOUND('',#1229,.T.);
#453=FACE_BOUND('',#1230,.T.);
#454=FACE_BOUND('',#1231,.T.);
#455=FACE_BOUND('',#1310,.T.);
#456=FACE_BOUND('',#1311,.T.);
#457=FACE_BOUND('',#1312,.T.);
#458=FACE_BOUND('',#1313,.T.);
#459=FACE_BOUND('',#1314,.T.);
#460=FACE_BOUND('',#1315,.T.);
#461=FACE_BOUND('',#1316,.T.);
#462=FACE_BOUND('',#1317,.T.);
#463=FACE_BOUND('',#1318,.T.);
#464=FACE_BOUND('',#1319,.T.);
#465=FACE_BOUND('',#1320,.T.);
#466=FACE_BOUND('',#1321,.T.);
#467=FACE_BOUND('',#1322,.T.);
#468=FACE_BOUND('',#1323,.T.);
#469=FACE_BOUND('',#1324,.T.);
#470=FACE_BOUND('',#1325,.T.);
#471=FACE_BOUND('',#1326,.T.);
#472=FACE_BOUND('',#1336,.T.);
#473=FACE_BOUND('',#1337,.T.);
#474=FACE_BOUND('',#1338,.T.);
#475=FACE_BOUND('',#1339,.T.);
#476=FACE_BOUND('',#1340,.T.);
#477=FACE_BOUND('',#1341,.T.);
#478=FACE_BOUND('',#1342,.T.);
#479=FACE_BOUND('',#1343,.T.);
#480=FACE_BOUND('',#1344,.T.);
#481=FACE_BOUND('',#1345,.T.);
#482=FACE_BOUND('',#1346,.T.);
#483=FACE_BOUND('',#1347,.T.);
#484=FACE_BOUND('',#1348,.T.);
#485=FACE_BOUND('',#1349,.T.);
#486=FACE_BOUND('',#1350,.T.);
#487=FACE_BOUND('',#1351,.T.);
#488=FACE_BOUND('',#1352,.T.);
#489=FACE_BOUND('',#1420,.T.);
#490=FACE_BOUND('',#1421,.T.);
#491=FACE_BOUND('',#1422,.T.);
#492=FACE_BOUND('',#1423,.T.);
#493=FACE_BOUND('',#1424,.T.);
#494=FACE_BOUND('',#1425,.T.);
#495=FACE_BOUND('',#1426,.T.);
#496=FACE_BOUND('',#1427,.T.);
#497=FACE_BOUND('',#1430,.T.);
#498=FACE_BOUND('',#1431,.T.);
#499=FACE_BOUND('',#1432,.T.);
#500=FACE_BOUND('',#1433,.T.);
#501=FACE_BOUND('',#1434,.T.);
#502=FACE_BOUND('',#1435,.T.);
#503=FACE_BOUND('',#1436,.T.);
#504=FACE_BOUND('',#1437,.T.);
#505=FACE_BOUND('',#1500,.T.);
#506=FACE_BOUND('',#1501,.T.);
#507=FACE_BOUND('',#1502,.T.);
#508=FACE_BOUND('',#1503,.T.);
#509=FACE_BOUND('',#1504,.T.);
#510=FACE_BOUND('',#1505,.T.);
#511=FACE_BOUND('',#1506,.T.);
#512=FACE_BOUND('',#1507,.T.);
#513=FACE_BOUND('',#1510,.T.);
#514=FACE_BOUND('',#1511,.T.);
#515=FACE_BOUND('',#1512,.T.);
#516=FACE_BOUND('',#1513,.T.);
#517=FACE_BOUND('',#1514,.T.);
#518=FACE_BOUND('',#1515,.T.);
#519=FACE_BOUND('',#1516,.T.);
#520=FACE_BOUND('',#1517,.T.);
#521=FACE_BOUND('',#1580,.T.);
#522=FACE_BOUND('',#1583,.T.);
#523=FACE_OUTER_BOUND('',#973,.T.);
#524=FACE_OUTER_BOUND('',#1008,.T.);
#525=FACE_OUTER_BOUND('',#1009,.T.);
#526=FACE_OUTER_BOUND('',#1044,.T.);
#527=FACE_OUTER_BOUND('',#1045,.T.);
#528=FACE_OUTER_BOUND('',#1046,.T.);
#529=FACE_OUTER_BOUND('',#1047,.T.);
#530=FACE_OUTER_BOUND('',#1048,.T.);
#531=FACE_OUTER_BOUND('',#1049,.T.);
#532=FACE_OUTER_BOUND('',#1050,.T.);
#533=FACE_OUTER_BOUND('',#1051,.T.);
#534=FACE_OUTER_BOUND('',#1052,.T.);
#535=FACE_OUTER_BOUND('',#1053,.T.);
#536=FACE_OUTER_BOUND('',#1054,.T.);
#537=FACE_OUTER_BOUND('',#1055,.T.);
#538=FACE_OUTER_BOUND('',#1056,.T.);
#539=FACE_OUTER_BOUND('',#1057,.T.);
#540=FACE_OUTER_BOUND('',#1058,.T.);
#541=FACE_OUTER_BOUND('',#1059,.T.);
#542=FACE_OUTER_BOUND('',#1060,.T.);
#543=FACE_OUTER_BOUND('',#1061,.T.);
#544=FACE_OUTER_BOUND('',#1062,.T.);
#545=FACE_OUTER_BOUND('',#1063,.T.);
#546=FACE_OUTER_BOUND('',#1064,.T.);
#547=FACE_OUTER_BOUND('',#1065,.T.);
#548=FACE_OUTER_BOUND('',#1066,.T.);
#549=FACE_OUTER_BOUND('',#1067,.T.);
#550=FACE_OUTER_BOUND('',#1068,.T.);
#551=FACE_OUTER_BOUND('',#1069,.T.);
#552=FACE_OUTER_BOUND('',#1070,.T.);
#553=FACE_OUTER_BOUND('',#1071,.T.);
#554=FACE_OUTER_BOUND('',#1072,.T.);
#555=FACE_OUTER_BOUND('',#1073,.T.);
#556=FACE_OUTER_BOUND('',#1074,.T.);
#557=FACE_OUTER_BOUND('',#1075,.T.);
#558=FACE_OUTER_BOUND('',#1076,.T.);
#559=FACE_OUTER_BOUND('',#1077,.T.);
#560=FACE_OUTER_BOUND('',#1078,.T.);
#561=FACE_OUTER_BOUND('',#1079,.T.);
#562=FACE_OUTER_BOUND('',#1080,.T.);
#563=FACE_OUTER_BOUND('',#1081,.T.);
#564=FACE_OUTER_BOUND('',#1082,.T.);
#565=FACE_OUTER_BOUND('',#1083,.T.);
#566=FACE_OUTER_BOUND('',#1084,.T.);
#567=FACE_OUTER_BOUND('',#1085,.T.);
#568=FACE_OUTER_BOUND('',#1086,.T.);
#569=FACE_OUTER_BOUND('',#1087,.T.);
#570=FACE_OUTER_BOUND('',#1088,.T.);
#571=FACE_OUTER_BOUND('',#1089,.T.);
#572=FACE_OUTER_BOUND('',#1090,.T.);
#573=FACE_OUTER_BOUND('',#1091,.T.);
#574=FACE_OUTER_BOUND('',#1092,.T.);
#575=FACE_OUTER_BOUND('',#1093,.T.);
#576=FACE_OUTER_BOUND('',#1094,.T.);
#577=FACE_OUTER_BOUND('',#1095,.T.);
#578=FACE_OUTER_BOUND('',#1096,.T.);
#579=FACE_OUTER_BOUND('',#1097,.T.);
#580=FACE_OUTER_BOUND('',#1098,.T.);
#581=FACE_OUTER_BOUND('',#1099,.T.);
#582=FACE_OUTER_BOUND('',#1100,.T.);
#583=FACE_OUTER_BOUND('',#1101,.T.);
#584=FACE_OUTER_BOUND('',#1102,.T.);
#585=FACE_OUTER_BOUND('',#1103,.T.);
#586=FACE_OUTER_BOUND('',#1104,.T.);
#587=FACE_OUTER_BOUND('',#1105,.T.);
#588=FACE_OUTER_BOUND('',#1106,.T.);
#589=FACE_OUTER_BOUND('',#1107,.T.);
#590=FACE_OUTER_BOUND('',#1108,.T.);
#591=FACE_OUTER_BOUND('',#1109,.T.);
#592=FACE_OUTER_BOUND('',#1110,.T.);
#593=FACE_OUTER_BOUND('',#1111,.T.);
#594=FACE_OUTER_BOUND('',#1112,.T.);
#595=FACE_OUTER_BOUND('',#1113,.T.);
#596=FACE_OUTER_BOUND('',#1114,.T.);
#597=FACE_OUTER_BOUND('',#1115,.T.);
#598=FACE_OUTER_BOUND('',#1116,.T.);
#599=FACE_OUTER_BOUND('',#1117,.T.);
#600=FACE_OUTER_BOUND('',#1118,.T.);
#601=FACE_OUTER_BOUND('',#1119,.T.);
#602=FACE_OUTER_BOUND('',#1120,.T.);
#603=FACE_OUTER_BOUND('',#1121,.T.);
#604=FACE_OUTER_BOUND('',#1122,.T.);
#605=FACE_OUTER_BOUND('',#1123,.T.);
#606=FACE_OUTER_BOUND('',#1124,.T.);
#607=FACE_OUTER_BOUND('',#1125,.T.);
#608=FACE_OUTER_BOUND('',#1126,.T.);
#609=FACE_OUTER_BOUND('',#1127,.T.);
#610=FACE_OUTER_BOUND('',#1128,.T.);
#611=FACE_OUTER_BOUND('',#1129,.T.);
#612=FACE_OUTER_BOUND('',#1130,.T.);
#613=FACE_OUTER_BOUND('',#1131,.T.);
#614=FACE_OUTER_BOUND('',#1132,.T.);
#615=FACE_OUTER_BOUND('',#1133,.T.);
#616=FACE_OUTER_BOUND('',#1134,.T.);
#617=FACE_OUTER_BOUND('',#1135,.T.);
#618=FACE_OUTER_BOUND('',#1136,.T.);
#619=FACE_OUTER_BOUND('',#1137,.T.);
#620=FACE_OUTER_BOUND('',#1138,.T.);
#621=FACE_OUTER_BOUND('',#1139,.T.);
#622=FACE_OUTER_BOUND('',#1140,.T.);
#623=FACE_OUTER_BOUND('',#1141,.T.);
#624=FACE_OUTER_BOUND('',#1142,.T.);
#625=FACE_OUTER_BOUND('',#1143,.T.);
#626=FACE_OUTER_BOUND('',#1144,.T.);
#627=FACE_OUTER_BOUND('',#1145,.T.);
#628=FACE_OUTER_BOUND('',#1146,.T.);
#629=FACE_OUTER_BOUND('',#1147,.T.);
#630=FACE_OUTER_BOUND('',#1148,.T.);
#631=FACE_OUTER_BOUND('',#1149,.T.);
#632=FACE_OUTER_BOUND('',#1150,.T.);
#633=FACE_OUTER_BOUND('',#1151,.T.);
#634=FACE_OUTER_BOUND('',#1152,.T.);
#635=FACE_OUTER_BOUND('',#1153,.T.);
#636=FACE_OUTER_BOUND('',#1154,.T.);
#637=FACE_OUTER_BOUND('',#1155,.T.);
#638=FACE_OUTER_BOUND('',#1156,.T.);
#639=FACE_OUTER_BOUND('',#1157,.T.);
#640=FACE_OUTER_BOUND('',#1158,.T.);
#641=FACE_OUTER_BOUND('',#1159,.T.);
#642=FACE_OUTER_BOUND('',#1160,.T.);
#643=FACE_OUTER_BOUND('',#1161,.T.);
#644=FACE_OUTER_BOUND('',#1162,.T.);
#645=FACE_OUTER_BOUND('',#1163,.T.);
#646=FACE_OUTER_BOUND('',#1164,.T.);
#647=FACE_OUTER_BOUND('',#1165,.T.);
#648=FACE_OUTER_BOUND('',#1166,.T.);
#649=FACE_OUTER_BOUND('',#1167,.T.);
#650=FACE_OUTER_BOUND('',#1168,.T.);
#651=FACE_OUTER_BOUND('',#1169,.T.);
#652=FACE_OUTER_BOUND('',#1170,.T.);
#653=FACE_OUTER_BOUND('',#1171,.T.);
#654=FACE_OUTER_BOUND('',#1172,.T.);
#655=FACE_OUTER_BOUND('',#1173,.T.);
#656=FACE_OUTER_BOUND('',#1174,.T.);
#657=FACE_OUTER_BOUND('',#1175,.T.);
#658=FACE_OUTER_BOUND('',#1176,.T.);
#659=FACE_OUTER_BOUND('',#1177,.T.);
#660=FACE_OUTER_BOUND('',#1178,.T.);
#661=FACE_OUTER_BOUND('',#1179,.T.);
#662=FACE_OUTER_BOUND('',#1180,.T.);
#663=FACE_OUTER_BOUND('',#1181,.T.);
#664=FACE_OUTER_BOUND('',#1182,.T.);
#665=FACE_OUTER_BOUND('',#1183,.T.);
#666=FACE_OUTER_BOUND('',#1184,.T.);
#667=FACE_OUTER_BOUND('',#1185,.T.);
#668=FACE_OUTER_BOUND('',#1186,.T.);
#669=FACE_OUTER_BOUND('',#1187,.T.);
#670=FACE_OUTER_BOUND('',#1188,.T.);
#671=FACE_OUTER_BOUND('',#1189,.T.);
#672=FACE_OUTER_BOUND('',#1190,.T.);
#673=FACE_OUTER_BOUND('',#1191,.T.);
#674=FACE_OUTER_BOUND('',#1192,.T.);
#675=FACE_OUTER_BOUND('',#1193,.T.);
#676=FACE_OUTER_BOUND('',#1194,.T.);
#677=FACE_OUTER_BOUND('',#1195,.T.);
#678=FACE_OUTER_BOUND('',#1196,.T.);
#679=FACE_OUTER_BOUND('',#1197,.T.);
#680=FACE_OUTER_BOUND('',#1198,.T.);
#681=FACE_OUTER_BOUND('',#1199,.T.);
#682=FACE_OUTER_BOUND('',#1215,.T.);
#683=FACE_OUTER_BOUND('',#1216,.T.);
#684=FACE_OUTER_BOUND('',#1232,.T.);
#685=FACE_OUTER_BOUND('',#1233,.T.);
#686=FACE_OUTER_BOUND('',#1234,.T.);
#687=FACE_OUTER_BOUND('',#1235,.T.);
#688=FACE_OUTER_BOUND('',#1236,.T.);
#689=FACE_OUTER_BOUND('',#1237,.T.);
#690=FACE_OUTER_BOUND('',#1238,.T.);
#691=FACE_OUTER_BOUND('',#1239,.T.);
#692=FACE_OUTER_BOUND('',#1240,.T.);
#693=FACE_OUTER_BOUND('',#1241,.T.);
#694=FACE_OUTER_BOUND('',#1242,.T.);
#695=FACE_OUTER_BOUND('',#1243,.T.);
#696=FACE_OUTER_BOUND('',#1244,.T.);
#697=FACE_OUTER_BOUND('',#1245,.T.);
#698=FACE_OUTER_BOUND('',#1246,.T.);
#699=FACE_OUTER_BOUND('',#1247,.T.);
#700=FACE_OUTER_BOUND('',#1248,.T.);
#701=FACE_OUTER_BOUND('',#1249,.T.);
#702=FACE_OUTER_BOUND('',#1250,.T.);
#703=FACE_OUTER_BOUND('',#1251,.T.);
#704=FACE_OUTER_BOUND('',#1252,.T.);
#705=FACE_OUTER_BOUND('',#1253,.T.);
#706=FACE_OUTER_BOUND('',#1254,.T.);
#707=FACE_OUTER_BOUND('',#1255,.T.);
#708=FACE_OUTER_BOUND('',#1256,.T.);
#709=FACE_OUTER_BOUND('',#1257,.T.);
#710=FACE_OUTER_BOUND('',#1258,.T.);
#711=FACE_OUTER_BOUND('',#1259,.T.);
#712=FACE_OUTER_BOUND('',#1260,.T.);
#713=FACE_OUTER_BOUND('',#1261,.T.);
#714=FACE_OUTER_BOUND('',#1262,.T.);
#715=FACE_OUTER_BOUND('',#1263,.T.);
#716=FACE_OUTER_BOUND('',#1264,.T.);
#717=FACE_OUTER_BOUND('',#1265,.T.);
#718=FACE_OUTER_BOUND('',#1266,.T.);
#719=FACE_OUTER_BOUND('',#1267,.T.);
#720=FACE_OUTER_BOUND('',#1268,.T.);
#721=FACE_OUTER_BOUND('',#1269,.T.);
#722=FACE_OUTER_BOUND('',#1270,.T.);
#723=FACE_OUTER_BOUND('',#1271,.T.);
#724=FACE_OUTER_BOUND('',#1272,.T.);
#725=FACE_OUTER_BOUND('',#1273,.T.);
#726=FACE_OUTER_BOUND('',#1274,.T.);
#727=FACE_OUTER_BOUND('',#1275,.T.);
#728=FACE_OUTER_BOUND('',#1276,.T.);
#729=FACE_OUTER_BOUND('',#1277,.T.);
#730=FACE_OUTER_BOUND('',#1278,.T.);
#731=FACE_OUTER_BOUND('',#1279,.T.);
#732=FACE_OUTER_BOUND('',#1280,.T.);
#733=FACE_OUTER_BOUND('',#1281,.T.);
#734=FACE_OUTER_BOUND('',#1282,.T.);
#735=FACE_OUTER_BOUND('',#1283,.T.);
#736=FACE_OUTER_BOUND('',#1284,.T.);
#737=FACE_OUTER_BOUND('',#1285,.T.);
#738=FACE_OUTER_BOUND('',#1286,.T.);
#739=FACE_OUTER_BOUND('',#1287,.T.);
#740=FACE_OUTER_BOUND('',#1288,.T.);
#741=FACE_OUTER_BOUND('',#1289,.T.);
#742=FACE_OUTER_BOUND('',#1290,.T.);
#743=FACE_OUTER_BOUND('',#1291,.T.);
#744=FACE_OUTER_BOUND('',#1292,.T.);
#745=FACE_OUTER_BOUND('',#1293,.T.);
#746=FACE_OUTER_BOUND('',#1294,.T.);
#747=FACE_OUTER_BOUND('',#1295,.T.);
#748=FACE_OUTER_BOUND('',#1296,.T.);
#749=FACE_OUTER_BOUND('',#1297,.T.);
#750=FACE_OUTER_BOUND('',#1298,.T.);
#751=FACE_OUTER_BOUND('',#1299,.T.);
#752=FACE_OUTER_BOUND('',#1300,.T.);
#753=FACE_OUTER_BOUND('',#1301,.T.);
#754=FACE_OUTER_BOUND('',#1302,.T.);
#755=FACE_OUTER_BOUND('',#1303,.T.);
#756=FACE_OUTER_BOUND('',#1304,.T.);
#757=FACE_OUTER_BOUND('',#1305,.T.);
#758=FACE_OUTER_BOUND('',#1306,.T.);
#759=FACE_OUTER_BOUND('',#1307,.T.);
#760=FACE_OUTER_BOUND('',#1308,.T.);
#761=FACE_OUTER_BOUND('',#1309,.T.);
#762=FACE_OUTER_BOUND('',#1327,.T.);
#763=FACE_OUTER_BOUND('',#1328,.T.);
#764=FACE_OUTER_BOUND('',#1329,.T.);
#765=FACE_OUTER_BOUND('',#1330,.T.);
#766=FACE_OUTER_BOUND('',#1331,.T.);
#767=FACE_OUTER_BOUND('',#1332,.T.);
#768=FACE_OUTER_BOUND('',#1333,.T.);
#769=FACE_OUTER_BOUND('',#1334,.T.);
#770=FACE_OUTER_BOUND('',#1335,.T.);
#771=FACE_OUTER_BOUND('',#1353,.T.);
#772=FACE_OUTER_BOUND('',#1354,.T.);
#773=FACE_OUTER_BOUND('',#1355,.T.);
#774=FACE_OUTER_BOUND('',#1356,.T.);
#775=FACE_OUTER_BOUND('',#1357,.T.);
#776=FACE_OUTER_BOUND('',#1358,.T.);
#777=FACE_OUTER_BOUND('',#1359,.T.);
#778=FACE_OUTER_BOUND('',#1360,.T.);
#779=FACE_OUTER_BOUND('',#1361,.T.);
#780=FACE_OUTER_BOUND('',#1362,.T.);
#781=FACE_OUTER_BOUND('',#1363,.T.);
#782=FACE_OUTER_BOUND('',#1364,.T.);
#783=FACE_OUTER_BOUND('',#1365,.T.);
#784=FACE_OUTER_BOUND('',#1366,.T.);
#785=FACE_OUTER_BOUND('',#1367,.T.);
#786=FACE_OUTER_BOUND('',#1368,.T.);
#787=FACE_OUTER_BOUND('',#1369,.T.);
#788=FACE_OUTER_BOUND('',#1370,.T.);
#789=FACE_OUTER_BOUND('',#1371,.T.);
#790=FACE_OUTER_BOUND('',#1372,.T.);
#791=FACE_OUTER_BOUND('',#1373,.T.);
#792=FACE_OUTER_BOUND('',#1374,.T.);
#793=FACE_OUTER_BOUND('',#1375,.T.);
#794=FACE_OUTER_BOUND('',#1376,.T.);
#795=FACE_OUTER_BOUND('',#1377,.T.);
#796=FACE_OUTER_BOUND('',#1378,.T.);
#797=FACE_OUTER_BOUND('',#1379,.T.);
#798=FACE_OUTER_BOUND('',#1380,.T.);
#799=FACE_OUTER_BOUND('',#1381,.T.);
#800=FACE_OUTER_BOUND('',#1382,.T.);
#801=FACE_OUTER_BOUND('',#1383,.T.);
#802=FACE_OUTER_BOUND('',#1384,.T.);
#803=FACE_OUTER_BOUND('',#1385,.T.);
#804=FACE_OUTER_BOUND('',#1386,.T.);
#805=FACE_OUTER_BOUND('',#1387,.T.);
#806=FACE_OUTER_BOUND('',#1388,.T.);
#807=FACE_OUTER_BOUND('',#1389,.T.);
#808=FACE_OUTER_BOUND('',#1390,.T.);
#809=FACE_OUTER_BOUND('',#1391,.T.);
#810=FACE_OUTER_BOUND('',#1392,.T.);
#811=FACE_OUTER_BOUND('',#1393,.T.);
#812=FACE_OUTER_BOUND('',#1394,.T.);
#813=FACE_OUTER_BOUND('',#1395,.T.);
#814=FACE_OUTER_BOUND('',#1396,.T.);
#815=FACE_OUTER_BOUND('',#1397,.T.);
#816=FACE_OUTER_BOUND('',#1398,.T.);
#817=FACE_OUTER_BOUND('',#1399,.T.);
#818=FACE_OUTER_BOUND('',#1400,.T.);
#819=FACE_OUTER_BOUND('',#1401,.T.);
#820=FACE_OUTER_BOUND('',#1402,.T.);
#821=FACE_OUTER_BOUND('',#1403,.T.);
#822=FACE_OUTER_BOUND('',#1404,.T.);
#823=FACE_OUTER_BOUND('',#1405,.T.);
#824=FACE_OUTER_BOUND('',#1406,.T.);
#825=FACE_OUTER_BOUND('',#1407,.T.);
#826=FACE_OUTER_BOUND('',#1408,.T.);
#827=FACE_OUTER_BOUND('',#1409,.T.);
#828=FACE_OUTER_BOUND('',#1410,.T.);
#829=FACE_OUTER_BOUND('',#1411,.T.);
#830=FACE_OUTER_BOUND('',#1412,.T.);
#831=FACE_OUTER_BOUND('',#1413,.T.);
#832=FACE_OUTER_BOUND('',#1414,.T.);
#833=FACE_OUTER_BOUND('',#1415,.T.);
#834=FACE_OUTER_BOUND('',#1416,.T.);
#835=FACE_OUTER_BOUND('',#1417,.T.);
#836=FACE_OUTER_BOUND('',#1418,.T.);
#837=FACE_OUTER_BOUND('',#1419,.T.);
#838=FACE_OUTER_BOUND('',#1428,.T.);
#839=FACE_OUTER_BOUND('',#1429,.T.);
#840=FACE_OUTER_BOUND('',#1438,.T.);
#841=FACE_OUTER_BOUND('',#1439,.T.);
#842=FACE_OUTER_BOUND('',#1440,.T.);
#843=FACE_OUTER_BOUND('',#1441,.T.);
#844=FACE_OUTER_BOUND('',#1442,.T.);
#845=FACE_OUTER_BOUND('',#1443,.T.);
#846=FACE_OUTER_BOUND('',#1444,.T.);
#847=FACE_OUTER_BOUND('',#1445,.T.);
#848=FACE_OUTER_BOUND('',#1446,.T.);
#849=FACE_OUTER_BOUND('',#1447,.T.);
#850=FACE_OUTER_BOUND('',#1448,.T.);
#851=FACE_OUTER_BOUND('',#1449,.T.);
#852=FACE_OUTER_BOUND('',#1450,.T.);
#853=FACE_OUTER_BOUND('',#1451,.T.);
#854=FACE_OUTER_BOUND('',#1452,.T.);
#855=FACE_OUTER_BOUND('',#1453,.T.);
#856=FACE_OUTER_BOUND('',#1454,.T.);
#857=FACE_OUTER_BOUND('',#1455,.T.);
#858=FACE_OUTER_BOUND('',#1456,.T.);
#859=FACE_OUTER_BOUND('',#1457,.T.);
#860=FACE_OUTER_BOUND('',#1458,.T.);
#861=FACE_OUTER_BOUND('',#1459,.T.);
#862=FACE_OUTER_BOUND('',#1460,.T.);
#863=FACE_OUTER_BOUND('',#1461,.T.);
#864=FACE_OUTER_BOUND('',#1462,.T.);
#865=FACE_OUTER_BOUND('',#1463,.T.);
#866=FACE_OUTER_BOUND('',#1464,.T.);
#867=FACE_OUTER_BOUND('',#1465,.T.);
#868=FACE_OUTER_BOUND('',#1466,.T.);
#869=FACE_OUTER_BOUND('',#1467,.T.);
#870=FACE_OUTER_BOUND('',#1468,.T.);
#871=FACE_OUTER_BOUND('',#1469,.T.);
#872=FACE_OUTER_BOUND('',#1470,.T.);
#873=FACE_OUTER_BOUND('',#1471,.T.);
#874=FACE_OUTER_BOUND('',#1472,.T.);
#875=FACE_OUTER_BOUND('',#1473,.T.);
#876=FACE_OUTER_BOUND('',#1474,.T.);
#877=FACE_OUTER_BOUND('',#1475,.T.);
#878=FACE_OUTER_BOUND('',#1476,.T.);
#879=FACE_OUTER_BOUND('',#1477,.T.);
#880=FACE_OUTER_BOUND('',#1478,.T.);
#881=FACE_OUTER_BOUND('',#1479,.T.);
#882=FACE_OUTER_BOUND('',#1480,.T.);
#883=FACE_OUTER_BOUND('',#1481,.T.);
#884=FACE_OUTER_BOUND('',#1482,.T.);
#885=FACE_OUTER_BOUND('',#1483,.T.);
#886=FACE_OUTER_BOUND('',#1484,.T.);
#887=FACE_OUTER_BOUND('',#1485,.T.);
#888=FACE_OUTER_BOUND('',#1486,.T.);
#889=FACE_OUTER_BOUND('',#1487,.T.);
#890=FACE_OUTER_BOUND('',#1488,.T.);
#891=FACE_OUTER_BOUND('',#1489,.T.);
#892=FACE_OUTER_BOUND('',#1490,.T.);
#893=FACE_OUTER_BOUND('',#1491,.T.);
#894=FACE_OUTER_BOUND('',#1492,.T.);
#895=FACE_OUTER_BOUND('',#1493,.T.);
#896=FACE_OUTER_BOUND('',#1494,.T.);
#897=FACE_OUTER_BOUND('',#1495,.T.);
#898=FACE_OUTER_BOUND('',#1496,.T.);
#899=FACE_OUTER_BOUND('',#1497,.T.);
#900=FACE_OUTER_BOUND('',#1498,.T.);
#901=FACE_OUTER_BOUND('',#1499,.T.);
#902=FACE_OUTER_BOUND('',#1508,.T.);
#903=FACE_OUTER_BOUND('',#1509,.T.);
#904=FACE_OUTER_BOUND('',#1518,.T.);
#905=FACE_OUTER_BOUND('',#1519,.T.);
#906=FACE_OUTER_BOUND('',#1520,.T.);
#907=FACE_OUTER_BOUND('',#1521,.T.);
#908=FACE_OUTER_BOUND('',#1522,.T.);
#909=FACE_OUTER_BOUND('',#1523,.T.);
#910=FACE_OUTER_BOUND('',#1524,.T.);
#911=FACE_OUTER_BOUND('',#1525,.T.);
#912=FACE_OUTER_BOUND('',#1526,.T.);
#913=FACE_OUTER_BOUND('',#1527,.T.);
#914=FACE_OUTER_BOUND('',#1528,.T.);
#915=FACE_OUTER_BOUND('',#1529,.T.);
#916=FACE_OUTER_BOUND('',#1530,.T.);
#917=FACE_OUTER_BOUND('',#1531,.T.);
#918=FACE_OUTER_BOUND('',#1532,.T.);
#919=FACE_OUTER_BOUND('',#1533,.T.);
#920=FACE_OUTER_BOUND('',#1534,.T.);
#921=FACE_OUTER_BOUND('',#1535,.T.);
#922=FACE_OUTER_BOUND('',#1536,.T.);
#923=FACE_OUTER_BOUND('',#1537,.T.);
#924=FACE_OUTER_BOUND('',#1538,.T.);
#925=FACE_OUTER_BOUND('',#1539,.T.);
#926=FACE_OUTER_BOUND('',#1540,.T.);
#927=FACE_OUTER_BOUND('',#1541,.T.);
#928=FACE_OUTER_BOUND('',#1542,.T.);
#929=FACE_OUTER_BOUND('',#1543,.T.);
#930=FACE_OUTER_BOUND('',#1544,.T.);
#931=FACE_OUTER_BOUND('',#1545,.T.);
#932=FACE_OUTER_BOUND('',#1546,.T.);
#933=FACE_OUTER_BOUND('',#1547,.T.);
#934=FACE_OUTER_BOUND('',#1548,.T.);
#935=FACE_OUTER_BOUND('',#1549,.T.);
#936=FACE_OUTER_BOUND('',#1550,.T.);
#937=FACE_OUTER_BOUND('',#1551,.T.);
#938=FACE_OUTER_BOUND('',#1552,.T.);
#939=FACE_OUTER_BOUND('',#1553,.T.);
#940=FACE_OUTER_BOUND('',#1554,.T.);
#941=FACE_OUTER_BOUND('',#1555,.T.);
#942=FACE_OUTER_BOUND('',#1556,.T.);
#943=FACE_OUTER_BOUND('',#1557,.T.);
#944=FACE_OUTER_BOUND('',#1558,.T.);
#945=FACE_OUTER_BOUND('',#1559,.T.);
#946=FACE_OUTER_BOUND('',#1560,.T.);
#947=FACE_OUTER_BOUND('',#1561,.T.);
#948=FACE_OUTER_BOUND('',#1562,.T.);
#949=FACE_OUTER_BOUND('',#1563,.T.);
#950=FACE_OUTER_BOUND('',#1564,.T.);
#951=FACE_OUTER_BOUND('',#1565,.T.);
#952=FACE_OUTER_BOUND('',#1566,.T.);
#953=FACE_OUTER_BOUND('',#1567,.T.);
#954=FACE_OUTER_BOUND('',#1568,.T.);
#955=FACE_OUTER_BOUND('',#1569,.T.);
#956=FACE_OUTER_BOUND('',#1570,.T.);
#957=FACE_OUTER_BOUND('',#1571,.T.);
#958=FACE_OUTER_BOUND('',#1572,.T.);
#959=FACE_OUTER_BOUND('',#1573,.T.);
#960=FACE_OUTER_BOUND('',#1574,.T.);
#961=FACE_OUTER_BOUND('',#1575,.T.);
#962=FACE_OUTER_BOUND('',#1576,.T.);
#963=FACE_OUTER_BOUND('',#1577,.T.);
#964=FACE_OUTER_BOUND('',#1578,.T.);
#965=FACE_OUTER_BOUND('',#1579,.T.);
#966=FACE_OUTER_BOUND('',#1581,.T.);
#967=FACE_OUTER_BOUND('',#1582,.T.);
#968=FACE_OUTER_BOUND('',#1584,.T.);
#969=FACE_OUTER_BOUND('',#1585,.T.);
#970=FACE_OUTER_BOUND('',#1586,.T.);
#971=FACE_OUTER_BOUND('',#1587,.T.);
#972=FACE_OUTER_BOUND('',#1588,.T.);
#973=EDGE_LOOP('',(#5349,#5350,#5351,#5352,#5353,#5354,#5355,#5356,#5357,
#5358,#5359,#5360,#5361,#5362,#5363,#5364,#5365,#5366,#5367,#5368,#5369,
#5370,#5371,#5372,#5373,#5374,#5375,#5376));
#974=EDGE_LOOP('',(#5377));
#975=EDGE_LOOP('',(#5378));
#976=EDGE_LOOP('',(#5379));
#977=EDGE_LOOP('',(#5380));
#978=EDGE_LOOP('',(#5381));
#979=EDGE_LOOP('',(#5382));
#980=EDGE_LOOP('',(#5383));
#981=EDGE_LOOP('',(#5384));
#982=EDGE_LOOP('',(#5385));
#983=EDGE_LOOP('',(#5386));
#984=EDGE_LOOP('',(#5387));
#985=EDGE_LOOP('',(#5388));
#986=EDGE_LOOP('',(#5389));
#987=EDGE_LOOP('',(#5390));
#988=EDGE_LOOP('',(#5391));
#989=EDGE_LOOP('',(#5392));
#990=EDGE_LOOP('',(#5393));
#991=EDGE_LOOP('',(#5394));
#992=EDGE_LOOP('',(#5395));
#993=EDGE_LOOP('',(#5396));
#994=EDGE_LOOP('',(#5397,#5398,#5399,#5400));
#995=EDGE_LOOP('',(#5401,#5402,#5403,#5404));
#996=EDGE_LOOP('',(#5405,#5406,#5407,#5408));
#997=EDGE_LOOP('',(#5409,#5410,#5411,#5412));
#998=EDGE_LOOP('',(#5413,#5414,#5415,#5416));
#999=EDGE_LOOP('',(#5417,#5418,#5419,#5420));
#1000=EDGE_LOOP('',(#5421,#5422,#5423,#5424));
#1001=EDGE_LOOP('',(#5425,#5426,#5427,#5428));
#1002=EDGE_LOOP('',(#5429,#5430,#5431,#5432));
#1003=EDGE_LOOP('',(#5433,#5434,#5435,#5436));
#1004=EDGE_LOOP('',(#5437,#5438,#5439,#5440));
#1005=EDGE_LOOP('',(#5441,#5442,#5443,#5444,#5445,#5446,#5447,#5448));
#1006=EDGE_LOOP('',(#5449,#5450,#5451,#5452,#5453,#5454,#5455,#5456));
#1007=EDGE_LOOP('',(#5457,#5458,#5459,#5460,#5461,#5462,#5463,#5464));
#1008=EDGE_LOOP('',(#5465,#5466,#5467,#5468));
#1009=EDGE_LOOP('',(#5469,#5470,#5471,#5472,#5473,#5474,#5475,#5476,#5477,
#5478,#5479,#5480,#5481,#5482,#5483,#5484,#5485,#5486,#5487,#5488,#5489,
#5490,#5491,#5492,#5493,#5494,#5495,#5496));
#1010=EDGE_LOOP('',(#5497));
#1011=EDGE_LOOP('',(#5498));
#1012=EDGE_LOOP('',(#5499));
#1013=EDGE_LOOP('',(#5500));
#1014=EDGE_LOOP('',(#5501));
#1015=EDGE_LOOP('',(#5502));
#1016=EDGE_LOOP('',(#5503));
#1017=EDGE_LOOP('',(#5504));
#1018=EDGE_LOOP('',(#5505));
#1019=EDGE_LOOP('',(#5506));
#1020=EDGE_LOOP('',(#5507));
#1021=EDGE_LOOP('',(#5508));
#1022=EDGE_LOOP('',(#5509));
#1023=EDGE_LOOP('',(#5510));
#1024=EDGE_LOOP('',(#5511));
#1025=EDGE_LOOP('',(#5512));
#1026=EDGE_LOOP('',(#5513));
#1027=EDGE_LOOP('',(#5514));
#1028=EDGE_LOOP('',(#5515));
#1029=EDGE_LOOP('',(#5516));
#1030=EDGE_LOOP('',(#5517,#5518,#5519,#5520));
#1031=EDGE_LOOP('',(#5521,#5522,#5523,#5524));
#1032=EDGE_LOOP('',(#5525,#5526,#5527,#5528));
#1033=EDGE_LOOP('',(#5529,#5530,#5531,#5532));
#1034=EDGE_LOOP('',(#5533,#5534,#5535,#5536));
#1035=EDGE_LOOP('',(#5537,#5538,#5539,#5540));
#1036=EDGE_LOOP('',(#5541,#5542,#5543,#5544));
#1037=EDGE_LOOP('',(#5545,#5546,#5547,#5548,#5549,#5550,#5551,#5552));
#1038=EDGE_LOOP('',(#5553,#5554,#5555,#5556));
#1039=EDGE_LOOP('',(#5557,#5558,#5559,#5560));
#1040=EDGE_LOOP('',(#5561,#5562,#5563,#5564));
#1041=EDGE_LOOP('',(#5565,#5566,#5567,#5568));
#1042=EDGE_LOOP('',(#5569,#5570,#5571,#5572,#5573,#5574,#5575,#5576));
#1043=EDGE_LOOP('',(#5577,#5578,#5579,#5580,#5581,#5582,#5583,#5584));
#1044=EDGE_LOOP('',(#5585,#5586,#5587,#5588));
#1045=EDGE_LOOP('',(#5589,#5590,#5591,#5592));
#1046=EDGE_LOOP('',(#5593,#5594,#5595,#5596));
#1047=EDGE_LOOP('',(#5597,#5598,#5599,#5600));
#1048=EDGE_LOOP('',(#5601,#5602,#5603,#5604));
#1049=EDGE_LOOP('',(#5605,#5606,#5607,#5608));
#1050=EDGE_LOOP('',(#5609,#5610,#5611,#5612));
#1051=EDGE_LOOP('',(#5613,#5614,#5615,#5616));
#1052=EDGE_LOOP('',(#5617,#5618,#5619,#5620));
#1053=EDGE_LOOP('',(#5621,#5622,#5623,#5624));
#1054=EDGE_LOOP('',(#5625,#5626,#5627,#5628));
#1055=EDGE_LOOP('',(#5629,#5630,#5631,#5632));
#1056=EDGE_LOOP('',(#5633,#5634,#5635,#5636));
#1057=EDGE_LOOP('',(#5637,#5638,#5639,#5640));
#1058=EDGE_LOOP('',(#5641,#5642,#5643,#5644));
#1059=EDGE_LOOP('',(#5645,#5646,#5647,#5648));
#1060=EDGE_LOOP('',(#5649,#5650,#5651,#5652));
#1061=EDGE_LOOP('',(#5653,#5654,#5655,#5656));
#1062=EDGE_LOOP('',(#5657,#5658,#5659,#5660));
#1063=EDGE_LOOP('',(#5661,#5662,#5663,#5664));
#1064=EDGE_LOOP('',(#5665,#5666,#5667,#5668));
#1065=EDGE_LOOP('',(#5669,#5670,#5671,#5672));
#1066=EDGE_LOOP('',(#5673,#5674,#5675,#5676));
#1067=EDGE_LOOP('',(#5677,#5678,#5679,#5680));
#1068=EDGE_LOOP('',(#5681,#5682,#5683,#5684));
#1069=EDGE_LOOP('',(#5685,#5686,#5687,#5688));
#1070=EDGE_LOOP('',(#5689,#5690,#5691,#5692));
#1071=EDGE_LOOP('',(#5693,#5694,#5695,#5696));
#1072=EDGE_LOOP('',(#5697,#5698,#5699,#5700));
#1073=EDGE_LOOP('',(#5701,#5702,#5703,#5704));
#1074=EDGE_LOOP('',(#5705,#5706,#5707,#5708));
#1075=EDGE_LOOP('',(#5709,#5710,#5711,#5712));
#1076=EDGE_LOOP('',(#5713,#5714,#5715,#5716));
#1077=EDGE_LOOP('',(#5717,#5718,#5719,#5720));
#1078=EDGE_LOOP('',(#5721,#5722,#5723,#5724));
#1079=EDGE_LOOP('',(#5725,#5726,#5727,#5728));
#1080=EDGE_LOOP('',(#5729,#5730,#5731,#5732));
#1081=EDGE_LOOP('',(#5733,#5734,#5735,#5736));
#1082=EDGE_LOOP('',(#5737,#5738,#5739,#5740));
#1083=EDGE_LOOP('',(#5741,#5742,#5743,#5744));
#1084=EDGE_LOOP('',(#5745,#5746,#5747,#5748));
#1085=EDGE_LOOP('',(#5749,#5750,#5751,#5752));
#1086=EDGE_LOOP('',(#5753,#5754,#5755,#5756));
#1087=EDGE_LOOP('',(#5757,#5758,#5759,#5760));
#1088=EDGE_LOOP('',(#5761,#5762,#5763,#5764));
#1089=EDGE_LOOP('',(#5765,#5766,#5767,#5768));
#1090=EDGE_LOOP('',(#5769,#5770,#5771,#5772));
#1091=EDGE_LOOP('',(#5773,#5774,#5775,#5776));
#1092=EDGE_LOOP('',(#5777,#5778,#5779,#5780));
#1093=EDGE_LOOP('',(#5781,#5782,#5783,#5784));
#1094=EDGE_LOOP('',(#5785,#5786,#5787,#5788));
#1095=EDGE_LOOP('',(#5789,#5790,#5791,#5792));
#1096=EDGE_LOOP('',(#5793,#5794,#5795,#5796));
#1097=EDGE_LOOP('',(#5797,#5798,#5799,#5800));
#1098=EDGE_LOOP('',(#5801,#5802,#5803,#5804));
#1099=EDGE_LOOP('',(#5805,#5806,#5807,#5808));
#1100=EDGE_LOOP('',(#5809,#5810,#5811,#5812));
#1101=EDGE_LOOP('',(#5813,#5814,#5815,#5816));
#1102=EDGE_LOOP('',(#5817,#5818,#5819,#5820));
#1103=EDGE_LOOP('',(#5821,#5822,#5823,#5824));
#1104=EDGE_LOOP('',(#5825,#5826,#5827,#5828));
#1105=EDGE_LOOP('',(#5829,#5830,#5831,#5832));
#1106=EDGE_LOOP('',(#5833,#5834,#5835,#5836));
#1107=EDGE_LOOP('',(#5837,#5838,#5839,#5840));
#1108=EDGE_LOOP('',(#5841,#5842,#5843,#5844));
#1109=EDGE_LOOP('',(#5845,#5846,#5847,#5848));
#1110=EDGE_LOOP('',(#5849,#5850,#5851,#5852));
#1111=EDGE_LOOP('',(#5853,#5854,#5855,#5856));
#1112=EDGE_LOOP('',(#5857,#5858,#5859,#5860));
#1113=EDGE_LOOP('',(#5861,#5862,#5863,#5864));
#1114=EDGE_LOOP('',(#5865,#5866,#5867,#5868));
#1115=EDGE_LOOP('',(#5869,#5870,#5871,#5872));
#1116=EDGE_LOOP('',(#5873,#5874,#5875,#5876));
#1117=EDGE_LOOP('',(#5877,#5878,#5879,#5880));
#1118=EDGE_LOOP('',(#5881,#5882,#5883,#5884));
#1119=EDGE_LOOP('',(#5885,#5886,#5887,#5888));
#1120=EDGE_LOOP('',(#5889,#5890,#5891,#5892));
#1121=EDGE_LOOP('',(#5893,#5894,#5895,#5896));
#1122=EDGE_LOOP('',(#5897,#5898,#5899,#5900));
#1123=EDGE_LOOP('',(#5901,#5902,#5903,#5904));
#1124=EDGE_LOOP('',(#5905,#5906,#5907,#5908));
#1125=EDGE_LOOP('',(#5909,#5910,#5911,#5912));
#1126=EDGE_LOOP('',(#5913,#5914,#5915,#5916));
#1127=EDGE_LOOP('',(#5917,#5918,#5919,#5920));
#1128=EDGE_LOOP('',(#5921,#5922,#5923,#5924));
#1129=EDGE_LOOP('',(#5925,#5926,#5927,#5928));
#1130=EDGE_LOOP('',(#5929,#5930,#5931,#5932));
#1131=EDGE_LOOP('',(#5933,#5934,#5935,#5936));
#1132=EDGE_LOOP('',(#5937,#5938,#5939,#5940));
#1133=EDGE_LOOP('',(#5941,#5942,#5943,#5944));
#1134=EDGE_LOOP('',(#5945,#5946,#5947,#5948));
#1135=EDGE_LOOP('',(#5949,#5950,#5951,#5952));
#1136=EDGE_LOOP('',(#5953,#5954,#5955,#5956));
#1137=EDGE_LOOP('',(#5957,#5958,#5959,#5960));
#1138=EDGE_LOOP('',(#5961,#5962,#5963,#5964));
#1139=EDGE_LOOP('',(#5965,#5966,#5967,#5968));
#1140=EDGE_LOOP('',(#5969,#5970,#5971,#5972));
#1141=EDGE_LOOP('',(#5973,#5974,#5975,#5976));
#1142=EDGE_LOOP('',(#5977,#5978,#5979,#5980));
#1143=EDGE_LOOP('',(#5981,#5982,#5983,#5984));
#1144=EDGE_LOOP('',(#5985,#5986,#5987,#5988));
#1145=EDGE_LOOP('',(#5989,#5990,#5991,#5992));
#1146=EDGE_LOOP('',(#5993,#5994,#5995,#5996));
#1147=EDGE_LOOP('',(#5997,#5998,#5999,#6000));
#1148=EDGE_LOOP('',(#6001,#6002,#6003,#6004));
#1149=EDGE_LOOP('',(#6005,#6006,#6007,#6008));
#1150=EDGE_LOOP('',(#6009,#6010,#6011,#6012));
#1151=EDGE_LOOP('',(#6013,#6014,#6015,#6016));
#1152=EDGE_LOOP('',(#6017,#6018,#6019,#6020));
#1153=EDGE_LOOP('',(#6021,#6022,#6023,#6024));
#1154=EDGE_LOOP('',(#6025,#6026,#6027,#6028));
#1155=EDGE_LOOP('',(#6029,#6030,#6031,#6032));
#1156=EDGE_LOOP('',(#6033,#6034,#6035,#6036));
#1157=EDGE_LOOP('',(#6037,#6038,#6039,#6040));
#1158=EDGE_LOOP('',(#6041,#6042,#6043,#6044));
#1159=EDGE_LOOP('',(#6045,#6046,#6047,#6048));
#1160=EDGE_LOOP('',(#6049,#6050,#6051,#6052));
#1161=EDGE_LOOP('',(#6053,#6054,#6055,#6056));
#1162=EDGE_LOOP('',(#6057,#6058,#6059,#6060));
#1163=EDGE_LOOP('',(#6061,#6062,#6063,#6064));
#1164=EDGE_LOOP('',(#6065,#6066,#6067,#6068));
#1165=EDGE_LOOP('',(#6069,#6070,#6071,#6072));
#1166=EDGE_LOOP('',(#6073,#6074,#6075,#6076));
#1167=EDGE_LOOP('',(#6077,#6078,#6079,#6080));
#1168=EDGE_LOOP('',(#6081,#6082,#6083,#6084));
#1169=EDGE_LOOP('',(#6085,#6086,#6087,#6088));
#1170=EDGE_LOOP('',(#6089,#6090,#6091,#6092));
#1171=EDGE_LOOP('',(#6093,#6094,#6095,#6096));
#1172=EDGE_LOOP('',(#6097,#6098,#6099,#6100));
#1173=EDGE_LOOP('',(#6101,#6102,#6103,#6104));
#1174=EDGE_LOOP('',(#6105,#6106,#6107,#6108));
#1175=EDGE_LOOP('',(#6109,#6110,#6111,#6112));
#1176=EDGE_LOOP('',(#6113,#6114,#6115,#6116));
#1177=EDGE_LOOP('',(#6117,#6118,#6119,#6120));
#1178=EDGE_LOOP('',(#6121,#6122,#6123,#6124));
#1179=EDGE_LOOP('',(#6125,#6126,#6127,#6128));
#1180=EDGE_LOOP('',(#6129,#6130,#6131,#6132));
#1181=EDGE_LOOP('',(#6133,#6134,#6135,#6136));
#1182=EDGE_LOOP('',(#6137,#6138,#6139,#6140));
#1183=EDGE_LOOP('',(#6141,#6142,#6143,#6144));
#1184=EDGE_LOOP('',(#6145,#6146,#6147,#6148));
#1185=EDGE_LOOP('',(#6149,#6150,#6151,#6152));
#1186=EDGE_LOOP('',(#6153,#6154,#6155,#6156));
#1187=EDGE_LOOP('',(#6157,#6158,#6159,#6160));
#1188=EDGE_LOOP('',(#6161,#6162,#6163,#6164));
#1189=EDGE_LOOP('',(#6165,#6166,#6167,#6168));
#1190=EDGE_LOOP('',(#6169,#6170,#6171,#6172));
#1191=EDGE_LOOP('',(#6173,#6174,#6175,#6176));
#1192=EDGE_LOOP('',(#6177,#6178,#6179,#6180));
#1193=EDGE_LOOP('',(#6181,#6182,#6183,#6184));
#1194=EDGE_LOOP('',(#6185,#6186,#6187,#6188));
#1195=EDGE_LOOP('',(#6189,#6190,#6191,#6192));
#1196=EDGE_LOOP('',(#6193,#6194,#6195,#6196));
#1197=EDGE_LOOP('',(#6197,#6198,#6199,#6200));
#1198=EDGE_LOOP('',(#6201,#6202,#6203,#6204));
#1199=EDGE_LOOP('',(#6205,#6206,#6207,#6208,#6209,#6210,#6211,#6212,#6213,
#6214,#6215,#6216,#6217,#6218,#6219,#6220));
#1200=EDGE_LOOP('',(#6221));
#1201=EDGE_LOOP('',(#6222));
#1202=EDGE_LOOP('',(#6223));
#1203=EDGE_LOOP('',(#6224));
#1204=EDGE_LOOP('',(#6225));
#1205=EDGE_LOOP('',(#6226));
#1206=EDGE_LOOP('',(#6227));
#1207=EDGE_LOOP('',(#6228));
#1208=EDGE_LOOP('',(#6229,#6230,#6231,#6232,#6233,#6234,#6235,#6236,#6237,
#6238,#6239,#6240,#6241,#6242,#6243,#6244,#6245,#6246,#6247,#6248,#6249,
#6250,#6251,#6252));
#1209=EDGE_LOOP('',(#6253));
#1210=EDGE_LOOP('',(#6254));
#1211=EDGE_LOOP('',(#6255));
#1212=EDGE_LOOP('',(#6256));
#1213=EDGE_LOOP('',(#6257));
#1214=EDGE_LOOP('',(#6258));
#1215=EDGE_LOOP('',(#6259,#6260,#6261,#6262));
#1216=EDGE_LOOP('',(#6263,#6264,#6265,#6266,#6267,#6268,#6269,#6270,#6271,
#6272,#6273,#6274,#6275,#6276,#6277,#6278));
#1217=EDGE_LOOP('',(#6279));
#1218=EDGE_LOOP('',(#6280));
#1219=EDGE_LOOP('',(#6281));
#1220=EDGE_LOOP('',(#6282));
#1221=EDGE_LOOP('',(#6283));
#1222=EDGE_LOOP('',(#6284));
#1223=EDGE_LOOP('',(#6285));
#1224=EDGE_LOOP('',(#6286));
#1225=EDGE_LOOP('',(#6287));
#1226=EDGE_LOOP('',(#6288));
#1227=EDGE_LOOP('',(#6289));
#1228=EDGE_LOOP('',(#6290));
#1229=EDGE_LOOP('',(#6291));
#1230=EDGE_LOOP('',(#6292));
#1231=EDGE_LOOP('',(#6293,#6294,#6295,#6296,#6297,#6298,#6299,#6300,#6301,
#6302,#6303,#6304,#6305,#6306,#6307,#6308,#6309,#6310,#6311,#6312,#6313,
#6314,#6315,#6316));
#1232=EDGE_LOOP('',(#6317,#6318,#6319,#6320));
#1233=EDGE_LOOP('',(#6321,#6322,#6323,#6324));
#1234=EDGE_LOOP('',(#6325,#6326,#6327,#6328));
#1235=EDGE_LOOP('',(#6329,#6330,#6331,#6332));
#1236=EDGE_LOOP('',(#6333,#6334,#6335,#6336));
#1237=EDGE_LOOP('',(#6337,#6338,#6339,#6340));
#1238=EDGE_LOOP('',(#6341,#6342,#6343,#6344));
#1239=EDGE_LOOP('',(#6345,#6346,#6347,#6348));
#1240=EDGE_LOOP('',(#6349,#6350,#6351,#6352));
#1241=EDGE_LOOP('',(#6353,#6354,#6355,#6356));
#1242=EDGE_LOOP('',(#6357,#6358,#6359,#6360));
#1243=EDGE_LOOP('',(#6361,#6362,#6363,#6364));
#1244=EDGE_LOOP('',(#6365,#6366,#6367,#6368));
#1245=EDGE_LOOP('',(#6369,#6370,#6371,#6372));
#1246=EDGE_LOOP('',(#6373,#6374,#6375,#6376));
#1247=EDGE_LOOP('',(#6377,#6378,#6379,#6380));
#1248=EDGE_LOOP('',(#6381,#6382,#6383,#6384));
#1249=EDGE_LOOP('',(#6385,#6386,#6387,#6388));
#1250=EDGE_LOOP('',(#6389,#6390,#6391,#6392));
#1251=EDGE_LOOP('',(#6393,#6394,#6395,#6396));
#1252=EDGE_LOOP('',(#6397,#6398,#6399,#6400));
#1253=EDGE_LOOP('',(#6401,#6402,#6403,#6404));
#1254=EDGE_LOOP('',(#6405,#6406,#6407,#6408));
#1255=EDGE_LOOP('',(#6409,#6410,#6411,#6412));
#1256=EDGE_LOOP('',(#6413,#6414,#6415,#6416));
#1257=EDGE_LOOP('',(#6417,#6418,#6419,#6420));
#1258=EDGE_LOOP('',(#6421,#6422,#6423,#6424));
#1259=EDGE_LOOP('',(#6425,#6426,#6427,#6428));
#1260=EDGE_LOOP('',(#6429,#6430,#6431,#6432));
#1261=EDGE_LOOP('',(#6433,#6434,#6435,#6436));
#1262=EDGE_LOOP('',(#6437,#6438,#6439,#6440));
#1263=EDGE_LOOP('',(#6441,#6442,#6443,#6444));
#1264=EDGE_LOOP('',(#6445,#6446,#6447,#6448));
#1265=EDGE_LOOP('',(#6449,#6450,#6451,#6452));
#1266=EDGE_LOOP('',(#6453,#6454,#6455,#6456));
#1267=EDGE_LOOP('',(#6457,#6458,#6459,#6460));
#1268=EDGE_LOOP('',(#6461,#6462,#6463,#6464));
#1269=EDGE_LOOP('',(#6465,#6466,#6467,#6468));
#1270=EDGE_LOOP('',(#6469,#6470,#6471,#6472));
#1271=EDGE_LOOP('',(#6473,#6474,#6475,#6476));
#1272=EDGE_LOOP('',(#6477,#6478,#6479,#6480));
#1273=EDGE_LOOP('',(#6481,#6482,#6483,#6484));
#1274=EDGE_LOOP('',(#6485,#6486,#6487,#6488));
#1275=EDGE_LOOP('',(#6489,#6490,#6491,#6492));
#1276=EDGE_LOOP('',(#6493,#6494,#6495,#6496));
#1277=EDGE_LOOP('',(#6497,#6498,#6499,#6500));
#1278=EDGE_LOOP('',(#6501,#6502,#6503,#6504));
#1279=EDGE_LOOP('',(#6505,#6506,#6507,#6508));
#1280=EDGE_LOOP('',(#6509,#6510,#6511,#6512));
#1281=EDGE_LOOP('',(#6513,#6514,#6515,#6516));
#1282=EDGE_LOOP('',(#6517,#6518,#6519,#6520));
#1283=EDGE_LOOP('',(#6521,#6522,#6523,#6524));
#1284=EDGE_LOOP('',(#6525,#6526,#6527,#6528));
#1285=EDGE_LOOP('',(#6529,#6530,#6531,#6532));
#1286=EDGE_LOOP('',(#6533,#6534,#6535,#6536));
#1287=EDGE_LOOP('',(#6537,#6538,#6539,#6540));
#1288=EDGE_LOOP('',(#6541,#6542,#6543,#6544));
#1289=EDGE_LOOP('',(#6545,#6546,#6547,#6548));
#1290=EDGE_LOOP('',(#6549,#6550,#6551,#6552));
#1291=EDGE_LOOP('',(#6553,#6554,#6555,#6556));
#1292=EDGE_LOOP('',(#6557,#6558,#6559,#6560));
#1293=EDGE_LOOP('',(#6561,#6562,#6563,#6564));
#1294=EDGE_LOOP('',(#6565,#6566,#6567,#6568));
#1295=EDGE_LOOP('',(#6569,#6570,#6571,#6572));
#1296=EDGE_LOOP('',(#6573,#6574,#6575,#6576));
#1297=EDGE_LOOP('',(#6577,#6578,#6579,#6580));
#1298=EDGE_LOOP('',(#6581,#6582,#6583,#6584));
#1299=EDGE_LOOP('',(#6585,#6586,#6587,#6588));
#1300=EDGE_LOOP('',(#6589,#6590,#6591,#6592));
#1301=EDGE_LOOP('',(#6593,#6594,#6595,#6596));
#1302=EDGE_LOOP('',(#6597,#6598,#6599,#6600));
#1303=EDGE_LOOP('',(#6601,#6602,#6603,#6604));
#1304=EDGE_LOOP('',(#6605,#6606,#6607,#6608));
#1305=EDGE_LOOP('',(#6609,#6610,#6611,#6612));
#1306=EDGE_LOOP('',(#6613,#6614,#6615,#6616));
#1307=EDGE_LOOP('',(#6617,#6618,#6619,#6620));
#1308=EDGE_LOOP('',(#6621,#6622,#6623,#6624));
#1309=EDGE_LOOP('',(#6625,#6626,#6627,#6628,#6629,#6630,#6631,#6632));
#1310=EDGE_LOOP('',(#6633));
#1311=EDGE_LOOP('',(#6634));
#1312=EDGE_LOOP('',(#6635));
#1313=EDGE_LOOP('',(#6636));
#1314=EDGE_LOOP('',(#6637));
#1315=EDGE_LOOP('',(#6638));
#1316=EDGE_LOOP('',(#6639));
#1317=EDGE_LOOP('',(#6640));
#1318=EDGE_LOOP('',(#6641));
#1319=EDGE_LOOP('',(#6642));
#1320=EDGE_LOOP('',(#6643,#6644,#6645,#6646,#6647,#6648));
#1321=EDGE_LOOP('',(#6649,#6650,#6651,#6652,#6653,#6654));
#1322=EDGE_LOOP('',(#6655,#6656,#6657,#6658,#6659,#6660));
#1323=EDGE_LOOP('',(#6661,#6662,#6663,#6664,#6665,#6666));
#1324=EDGE_LOOP('',(#6667,#6668,#6669,#6670));
#1325=EDGE_LOOP('',(#6671,#6672,#6673,#6674));
#1326=EDGE_LOOP('',(#6675,#6676,#6677,#6678,#6679,#6680,#6681,#6682));
#1327=EDGE_LOOP('',(#6683,#6684,#6685,#6686));
#1328=EDGE_LOOP('',(#6687,#6688,#6689,#6690));
#1329=EDGE_LOOP('',(#6691,#6692,#6693,#6694));
#1330=EDGE_LOOP('',(#6695,#6696,#6697,#6698));
#1331=EDGE_LOOP('',(#6699,#6700,#6701,#6702));
#1332=EDGE_LOOP('',(#6703,#6704,#6705,#6706));
#1333=EDGE_LOOP('',(#6707,#6708,#6709,#6710));
#1334=EDGE_LOOP('',(#6711,#6712,#6713,#6714));
#1335=EDGE_LOOP('',(#6715,#6716,#6717,#6718,#6719,#6720,#6721,#6722));
#1336=EDGE_LOOP('',(#6723));
#1337=EDGE_LOOP('',(#6724));
#1338=EDGE_LOOP('',(#6725));
#1339=EDGE_LOOP('',(#6726));
#1340=EDGE_LOOP('',(#6727));
#1341=EDGE_LOOP('',(#6728));
#1342=EDGE_LOOP('',(#6729));
#1343=EDGE_LOOP('',(#6730));
#1344=EDGE_LOOP('',(#6731));
#1345=EDGE_LOOP('',(#6732));
#1346=EDGE_LOOP('',(#6733,#6734,#6735,#6736,#6737,#6738));
#1347=EDGE_LOOP('',(#6739,#6740,#6741,#6742,#6743,#6744));
#1348=EDGE_LOOP('',(#6745,#6746,#6747,#6748,#6749,#6750));
#1349=EDGE_LOOP('',(#6751,#6752,#6753,#6754,#6755,#6756));
#1350=EDGE_LOOP('',(#6757,#6758,#6759,#6760));
#1351=EDGE_LOOP('',(#6761,#6762,#6763,#6764));
#1352=EDGE_LOOP('',(#6765,#6766,#6767,#6768,#6769,#6770,#6771,#6772));
#1353=EDGE_LOOP('',(#6773,#6774,#6775,#6776));
#1354=EDGE_LOOP('',(#6777,#6778,#6779,#6780));
#1355=EDGE_LOOP('',(#6781,#6782,#6783,#6784));
#1356=EDGE_LOOP('',(#6785,#6786,#6787,#6788));
#1357=EDGE_LOOP('',(#6789,#6790,#6791,#6792));
#1358=EDGE_LOOP('',(#6793,#6794,#6795,#6796));
#1359=EDGE_LOOP('',(#6797,#6798,#6799,#6800));
#1360=EDGE_LOOP('',(#6801,#6802,#6803,#6804));
#1361=EDGE_LOOP('',(#6805,#6806,#6807,#6808));
#1362=EDGE_LOOP('',(#6809,#6810,#6811,#6812));
#1363=EDGE_LOOP('',(#6813,#6814,#6815,#6816));
#1364=EDGE_LOOP('',(#6817,#6818,#6819,#6820));
#1365=EDGE_LOOP('',(#6821,#6822,#6823,#6824));
#1366=EDGE_LOOP('',(#6825,#6826,#6827,#6828));
#1367=EDGE_LOOP('',(#6829,#6830,#6831,#6832));
#1368=EDGE_LOOP('',(#6833,#6834,#6835,#6836));
#1369=EDGE_LOOP('',(#6837,#6838,#6839,#6840));
#1370=EDGE_LOOP('',(#6841,#6842,#6843,#6844));
#1371=EDGE_LOOP('',(#6845,#6846,#6847,#6848));
#1372=EDGE_LOOP('',(#6849,#6850,#6851,#6852));
#1373=EDGE_LOOP('',(#6853,#6854,#6855,#6856));
#1374=EDGE_LOOP('',(#6857,#6858,#6859,#6860));
#1375=EDGE_LOOP('',(#6861,#6862,#6863,#6864));
#1376=EDGE_LOOP('',(#6865,#6866,#6867,#6868));
#1377=EDGE_LOOP('',(#6869,#6870,#6871,#6872));
#1378=EDGE_LOOP('',(#6873,#6874,#6875,#6876));
#1379=EDGE_LOOP('',(#6877,#6878,#6879,#6880));
#1380=EDGE_LOOP('',(#6881,#6882,#6883,#6884));
#1381=EDGE_LOOP('',(#6885,#6886,#6887,#6888));
#1382=EDGE_LOOP('',(#6889,#6890,#6891,#6892));
#1383=EDGE_LOOP('',(#6893,#6894,#6895,#6896));
#1384=EDGE_LOOP('',(#6897,#6898,#6899,#6900));
#1385=EDGE_LOOP('',(#6901,#6902,#6903,#6904));
#1386=EDGE_LOOP('',(#6905,#6906,#6907,#6908));
#1387=EDGE_LOOP('',(#6909,#6910,#6911,#6912));
#1388=EDGE_LOOP('',(#6913,#6914,#6915,#6916));
#1389=EDGE_LOOP('',(#6917,#6918,#6919,#6920));
#1390=EDGE_LOOP('',(#6921,#6922,#6923,#6924));
#1391=EDGE_LOOP('',(#6925,#6926,#6927,#6928));
#1392=EDGE_LOOP('',(#6929,#6930,#6931,#6932));
#1393=EDGE_LOOP('',(#6933,#6934,#6935,#6936));
#1394=EDGE_LOOP('',(#6937,#6938,#6939,#6940));
#1395=EDGE_LOOP('',(#6941,#6942,#6943,#6944));
#1396=EDGE_LOOP('',(#6945,#6946,#6947,#6948));
#1397=EDGE_LOOP('',(#6949,#6950,#6951,#6952));
#1398=EDGE_LOOP('',(#6953,#6954,#6955,#6956));
#1399=EDGE_LOOP('',(#6957,#6958,#6959,#6960));
#1400=EDGE_LOOP('',(#6961,#6962,#6963,#6964));
#1401=EDGE_LOOP('',(#6965,#6966,#6967,#6968));
#1402=EDGE_LOOP('',(#6969,#6970,#6971,#6972));
#1403=EDGE_LOOP('',(#6973,#6974,#6975,#6976));
#1404=EDGE_LOOP('',(#6977,#6978,#6979,#6980));
#1405=EDGE_LOOP('',(#6981,#6982,#6983,#6984));
#1406=EDGE_LOOP('',(#6985,#6986,#6987,#6988));
#1407=EDGE_LOOP('',(#6989,#6990,#6991,#6992));
#1408=EDGE_LOOP('',(#6993,#6994,#6995,#6996));
#1409=EDGE_LOOP('',(#6997,#6998,#6999,#7000));
#1410=EDGE_LOOP('',(#7001,#7002,#7003,#7004));
#1411=EDGE_LOOP('',(#7005,#7006,#7007,#7008));
#1412=EDGE_LOOP('',(#7009,#7010,#7011,#7012));
#1413=EDGE_LOOP('',(#7013,#7014,#7015,#7016));
#1414=EDGE_LOOP('',(#7017,#7018,#7019,#7020));
#1415=EDGE_LOOP('',(#7021,#7022,#7023,#7024));
#1416=EDGE_LOOP('',(#7025,#7026,#7027,#7028));
#1417=EDGE_LOOP('',(#7029,#7030,#7031,#7032));
#1418=EDGE_LOOP('',(#7033,#7034,#7035,#7036));
#1419=EDGE_LOOP('',(#7037,#7038,#7039,#7040,#7041,#7042,#7043,#7044,#7045,
#7046,#7047,#7048,#7049,#7050,#7051,#7052,#7053,#7054));
#1420=EDGE_LOOP('',(#7055));
#1421=EDGE_LOOP('',(#7056));
#1422=EDGE_LOOP('',(#7057));
#1423=EDGE_LOOP('',(#7058));
#1424=EDGE_LOOP('',(#7059));
#1425=EDGE_LOOP('',(#7060));
#1426=EDGE_LOOP('',(#7061));
#1427=EDGE_LOOP('',(#7062));
#1428=EDGE_LOOP('',(#7063,#7064,#7065,#7066));
#1429=EDGE_LOOP('',(#7067,#7068,#7069,#7070,#7071,#7072,#7073,#7074,#7075,
#7076,#7077,#7078,#7079,#7080,#7081,#7082,#7083,#7084));
#1430=EDGE_LOOP('',(#7085));
#1431=EDGE_LOOP('',(#7086));
#1432=EDGE_LOOP('',(#7087));
#1433=EDGE_LOOP('',(#7088));
#1434=EDGE_LOOP('',(#7089));
#1435=EDGE_LOOP('',(#7090));
#1436=EDGE_LOOP('',(#7091));
#1437=EDGE_LOOP('',(#7092));
#1438=EDGE_LOOP('',(#7093,#7094,#7095,#7096));
#1439=EDGE_LOOP('',(#7097,#7098,#7099,#7100));
#1440=EDGE_LOOP('',(#7101,#7102,#7103,#7104));
#1441=EDGE_LOOP('',(#7105,#7106,#7107,#7108));
#1442=EDGE_LOOP('',(#7109,#7110,#7111,#7112));
#1443=EDGE_LOOP('',(#7113,#7114,#7115,#7116));
#1444=EDGE_LOOP('',(#7117,#7118,#7119,#7120));
#1445=EDGE_LOOP('',(#7121,#7122,#7123,#7124));
#1446=EDGE_LOOP('',(#7125,#7126,#7127,#7128));
#1447=EDGE_LOOP('',(#7129,#7130,#7131,#7132));
#1448=EDGE_LOOP('',(#7133,#7134,#7135,#7136));
#1449=EDGE_LOOP('',(#7137,#7138,#7139,#7140));
#1450=EDGE_LOOP('',(#7141,#7142,#7143,#7144));
#1451=EDGE_LOOP('',(#7145,#7146,#7147,#7148));
#1452=EDGE_LOOP('',(#7149,#7150,#7151,#7152));
#1453=EDGE_LOOP('',(#7153,#7154,#7155,#7156));
#1454=EDGE_LOOP('',(#7157,#7158,#7159,#7160));
#1455=EDGE_LOOP('',(#7161,#7162,#7163,#7164));
#1456=EDGE_LOOP('',(#7165,#7166,#7167,#7168));
#1457=EDGE_LOOP('',(#7169,#7170,#7171,#7172));
#1458=EDGE_LOOP('',(#7173,#7174,#7175,#7176));
#1459=EDGE_LOOP('',(#7177,#7178,#7179,#7180));
#1460=EDGE_LOOP('',(#7181,#7182,#7183,#7184));
#1461=EDGE_LOOP('',(#7185,#7186,#7187,#7188));
#1462=EDGE_LOOP('',(#7189,#7190,#7191,#7192));
#1463=EDGE_LOOP('',(#7193,#7194,#7195,#7196));
#1464=EDGE_LOOP('',(#7197,#7198,#7199,#7200));
#1465=EDGE_LOOP('',(#7201,#7202,#7203,#7204));
#1466=EDGE_LOOP('',(#7205,#7206,#7207,#7208));
#1467=EDGE_LOOP('',(#7209,#7210,#7211,#7212));
#1468=EDGE_LOOP('',(#7213,#7214,#7215,#7216));
#1469=EDGE_LOOP('',(#7217,#7218,#7219,#7220));
#1470=EDGE_LOOP('',(#7221,#7222,#7223,#7224));
#1471=EDGE_LOOP('',(#7225,#7226,#7227,#7228));
#1472=EDGE_LOOP('',(#7229,#7230,#7231,#7232));
#1473=EDGE_LOOP('',(#7233,#7234,#7235,#7236));
#1474=EDGE_LOOP('',(#7237,#7238,#7239,#7240));
#1475=EDGE_LOOP('',(#7241,#7242,#7243,#7244));
#1476=EDGE_LOOP('',(#7245,#7246,#7247,#7248));
#1477=EDGE_LOOP('',(#7249,#7250,#7251,#7252));
#1478=EDGE_LOOP('',(#7253,#7254,#7255,#7256));
#1479=EDGE_LOOP('',(#7257,#7258,#7259,#7260));
#1480=EDGE_LOOP('',(#7261,#7262,#7263,#7264));
#1481=EDGE_LOOP('',(#7265,#7266,#7267,#7268));
#1482=EDGE_LOOP('',(#7269,#7270,#7271,#7272));
#1483=EDGE_LOOP('',(#7273,#7274,#7275,#7276));
#1484=EDGE_LOOP('',(#7277,#7278,#7279,#7280));
#1485=EDGE_LOOP('',(#7281,#7282,#7283,#7284));
#1486=EDGE_LOOP('',(#7285,#7286,#7287,#7288));
#1487=EDGE_LOOP('',(#7289,#7290,#7291,#7292));
#1488=EDGE_LOOP('',(#7293,#7294,#7295,#7296));
#1489=EDGE_LOOP('',(#7297,#7298,#7299,#7300));
#1490=EDGE_LOOP('',(#7301,#7302,#7303,#7304));
#1491=EDGE_LOOP('',(#7305,#7306,#7307,#7308));
#1492=EDGE_LOOP('',(#7309,#7310,#7311,#7312));
#1493=EDGE_LOOP('',(#7313,#7314,#7315,#7316));
#1494=EDGE_LOOP('',(#7317,#7318,#7319,#7320));
#1495=EDGE_LOOP('',(#7321,#7322,#7323,#7324));
#1496=EDGE_LOOP('',(#7325,#7326,#7327,#7328));
#1497=EDGE_LOOP('',(#7329,#7330,#7331,#7332));
#1498=EDGE_LOOP('',(#7333,#7334,#7335,#7336));
#1499=EDGE_LOOP('',(#7337,#7338,#7339,#7340,#7341,#7342,#7343,#7344,#7345,
#7346,#7347,#7348,#7349,#7350,#7351,#7352,#7353,#7354));
#1500=EDGE_LOOP('',(#7355));
#1501=EDGE_LOOP('',(#7356));
#1502=EDGE_LOOP('',(#7357));
#1503=EDGE_LOOP('',(#7358));
#1504=EDGE_LOOP('',(#7359));
#1505=EDGE_LOOP('',(#7360));
#1506=EDGE_LOOP('',(#7361));
#1507=EDGE_LOOP('',(#7362));
#1508=EDGE_LOOP('',(#7363,#7364,#7365,#7366));
#1509=EDGE_LOOP('',(#7367,#7368,#7369,#7370,#7371,#7372,#7373,#7374,#7375,
#7376,#7377,#7378,#7379,#7380,#7381,#7382,#7383,#7384));
#1510=EDGE_LOOP('',(#7385));
#1511=EDGE_LOOP('',(#7386));
#1512=EDGE_LOOP('',(#7387));
#1513=EDGE_LOOP('',(#7388));
#1514=EDGE_LOOP('',(#7389));
#1515=EDGE_LOOP('',(#7390));
#1516=EDGE_LOOP('',(#7391));
#1517=EDGE_LOOP('',(#7392));
#1518=EDGE_LOOP('',(#7393,#7394,#7395,#7396));
#1519=EDGE_LOOP('',(#7397,#7398,#7399,#7400));
#1520=EDGE_LOOP('',(#7401,#7402,#7403,#7404));
#1521=EDGE_LOOP('',(#7405,#7406,#7407,#7408));
#1522=EDGE_LOOP('',(#7409,#7410,#7411,#7412));
#1523=EDGE_LOOP('',(#7413,#7414,#7415,#7416));
#1524=EDGE_LOOP('',(#7417,#7418,#7419,#7420));
#1525=EDGE_LOOP('',(#7421,#7422,#7423,#7424));
#1526=EDGE_LOOP('',(#7425,#7426,#7427,#7428));
#1527=EDGE_LOOP('',(#7429,#7430,#7431,#7432));
#1528=EDGE_LOOP('',(#7433,#7434,#7435,#7436));
#1529=EDGE_LOOP('',(#7437,#7438,#7439,#7440));
#1530=EDGE_LOOP('',(#7441,#7442,#7443,#7444));
#1531=EDGE_LOOP('',(#7445,#7446,#7447,#7448));
#1532=EDGE_LOOP('',(#7449,#7450,#7451,#7452));
#1533=EDGE_LOOP('',(#7453,#7454,#7455,#7456));
#1534=EDGE_LOOP('',(#7457,#7458,#7459,#7460));
#1535=EDGE_LOOP('',(#7461,#7462,#7463,#7464));
#1536=EDGE_LOOP('',(#7465,#7466,#7467,#7468));
#1537=EDGE_LOOP('',(#7469,#7470,#7471,#7472));
#1538=EDGE_LOOP('',(#7473,#7474,#7475,#7476));
#1539=EDGE_LOOP('',(#7477,#7478,#7479,#7480));
#1540=EDGE_LOOP('',(#7481,#7482,#7483,#7484));
#1541=EDGE_LOOP('',(#7485,#7486,#7487,#7488));
#1542=EDGE_LOOP('',(#7489,#7490,#7491,#7492));
#1543=EDGE_LOOP('',(#7493,#7494,#7495,#7496));
#1544=EDGE_LOOP('',(#7497,#7498,#7499,#7500));
#1545=EDGE_LOOP('',(#7501,#7502,#7503,#7504));
#1546=EDGE_LOOP('',(#7505,#7506,#7507,#7508));
#1547=EDGE_LOOP('',(#7509,#7510,#7511,#7512));
#1548=EDGE_LOOP('',(#7513,#7514,#7515,#7516));
#1549=EDGE_LOOP('',(#7517,#7518,#7519,#7520));
#1550=EDGE_LOOP('',(#7521,#7522,#7523,#7524));
#1551=EDGE_LOOP('',(#7525,#7526,#7527,#7528));
#1552=EDGE_LOOP('',(#7529,#7530,#7531,#7532));
#1553=EDGE_LOOP('',(#7533,#7534,#7535,#7536));
#1554=EDGE_LOOP('',(#7537,#7538,#7539,#7540));
#1555=EDGE_LOOP('',(#7541,#7542,#7543,#7544));
#1556=EDGE_LOOP('',(#7545,#7546,#7547,#7548));
#1557=EDGE_LOOP('',(#7549,#7550,#7551,#7552));
#1558=EDGE_LOOP('',(#7553,#7554,#7555,#7556));
#1559=EDGE_LOOP('',(#7557,#7558,#7559,#7560));
#1560=EDGE_LOOP('',(#7561,#7562,#7563,#7564));
#1561=EDGE_LOOP('',(#7565,#7566,#7567,#7568));
#1562=EDGE_LOOP('',(#7569,#7570,#7571,#7572));
#1563=EDGE_LOOP('',(#7573,#7574,#7575,#7576));
#1564=EDGE_LOOP('',(#7577,#7578,#7579,#7580));
#1565=EDGE_LOOP('',(#7581,#7582,#7583,#7584));
#1566=EDGE_LOOP('',(#7585,#7586,#7587,#7588));
#1567=EDGE_LOOP('',(#7589,#7590,#7591,#7592));
#1568=EDGE_LOOP('',(#7593,#7594,#7595,#7596));
#1569=EDGE_LOOP('',(#7597,#7598,#7599,#7600));
#1570=EDGE_LOOP('',(#7601,#7602,#7603,#7604));
#1571=EDGE_LOOP('',(#7605,#7606,#7607,#7608));
#1572=EDGE_LOOP('',(#7609,#7610,#7611,#7612));
#1573=EDGE_LOOP('',(#7613,#7614,#7615,#7616));
#1574=EDGE_LOOP('',(#7617,#7618,#7619,#7620));
#1575=EDGE_LOOP('',(#7621,#7622,#7623,#7624));
#1576=EDGE_LOOP('',(#7625,#7626,#7627,#7628));
#1577=EDGE_LOOP('',(#7629,#7630,#7631,#7632));
#1578=EDGE_LOOP('',(#7633,#7634,#7635,#7636));
#1579=EDGE_LOOP('',(#7637));
#1580=EDGE_LOOP('',(#7638));
#1581=EDGE_LOOP('',(#7639,#7640,#7641,#7642));
#1582=EDGE_LOOP('',(#7643));
#1583=EDGE_LOOP('',(#7644));
#1584=EDGE_LOOP('',(#7645,#7646,#7647,#7648));
#1585=EDGE_LOOP('',(#7649,#7650,#7651,#7652));
#1586=EDGE_LOOP('',(#7653,#7654,#7655,#7656,#7657));
#1587=EDGE_LOOP('',(#7658,#7659,#7660,#7661,#7662,#7663));
#1588=EDGE_LOOP('',(#7664,#7665,#7666,#7667,#7668));
#1589=LINE('',#11847,#2307);
#1590=LINE('',#11853,#2308);
#1591=LINE('',#11857,#2309);
#1592=LINE('',#11861,#2310);
#1593=LINE('',#11867,#2311);
#1594=LINE('',#11871,#2312);
#1595=LINE('',#11875,#2313);
#1596=LINE('',#11881,#2314);
#1597=LINE('',#11885,#2315);
#1598=LINE('',#11889,#2316);
#1599=LINE('',#11895,#2317);
#1600=LINE('',#11898,#2318);
#1601=LINE('',#11941,#2319);
#1602=LINE('',#11945,#2320);
#1603=LINE('',#11949,#2321);
#1604=LINE('',#11953,#2322);
#1605=LINE('',#11957,#2323);
#1606=LINE('',#11961,#2324);
#1607=LINE('',#11967,#2325);
#1608=LINE('',#11970,#2326);
#1609=LINE('',#11973,#2327);
#1610=LINE('',#11977,#2328);
#1611=LINE('',#11981,#2329);
#1612=LINE('',#11985,#2330);
#1613=LINE('',#11991,#2331);
#1614=LINE('',#11994,#2332);
#1615=LINE('',#11997,#2333);
#1616=LINE('',#12001,#2334);
#1617=LINE('',#12007,#2335);
#1618=LINE('',#12010,#2336);
#1619=LINE('',#12013,#2337);
#1620=LINE('',#12017,#2338);
#1621=LINE('',#12023,#2339);
#1622=LINE('',#12026,#2340);
#1623=LINE('',#12031,#2341);
#1624=LINE('',#12035,#2342);
#1625=LINE('',#12039,#2343);
#1626=LINE('',#12042,#2344);
#1627=LINE('',#12047,#2345);
#1628=LINE('',#12051,#2346);
#1629=LINE('',#12055,#2347);
#1630=LINE('',#12058,#2348);
#1631=LINE('',#12063,#2349);
#1632=LINE('',#12067,#2350);
#1633=LINE('',#12071,#2351);
#1634=LINE('',#12074,#2352);
#1635=LINE('',#12077,#2353);
#1636=LINE('',#12084,#2354);
#1637=LINE('',#12088,#2355);
#1638=LINE('',#12094,#2356);
#1639=LINE('',#12098,#2357);
#1640=LINE('',#12102,#2358);
#1641=LINE('',#12108,#2359);
#1642=LINE('',#12112,#2360);
#1643=LINE('',#12116,#2361);
#1644=LINE('',#12122,#2362);
#1645=LINE('',#12126,#2363);
#1646=LINE('',#12130,#2364);
#1647=LINE('',#12135,#2365);
#1648=LINE('',#12176,#2366);
#1649=LINE('',#12180,#2367);
#1650=LINE('',#12184,#2368);
#1651=LINE('',#12188,#2369);
#1652=LINE('',#12192,#2370);
#1653=LINE('',#12196,#2371);
#1654=LINE('',#12202,#2372);
#1655=LINE('',#12205,#2373);
#1656=LINE('',#12208,#2374);
#1657=LINE('',#12212,#2375);
#1658=LINE('',#12216,#2376);
#1659=LINE('',#12220,#2377);
#1660=LINE('',#12226,#2378);
#1661=LINE('',#12229,#2379);
#1662=LINE('',#12232,#2380);
#1663=LINE('',#12236,#2381);
#1664=LINE('',#12240,#2382);
#1665=LINE('',#12244,#2383);
#1666=LINE('',#12248,#2384);
#1667=LINE('',#12252,#2385);
#1668=LINE('',#12258,#2386);
#1669=LINE('',#12261,#2387);
#1670=LINE('',#12264,#2388);
#1671=LINE('',#12268,#2389);
#1672=LINE('',#12274,#2390);
#1673=LINE('',#12277,#2391);
#1674=LINE('',#12282,#2392);
#1675=LINE('',#12286,#2393);
#1676=LINE('',#12290,#2394);
#1677=LINE('',#12293,#2395);
#1678=LINE('',#12298,#2396);
#1679=LINE('',#12302,#2397);
#1680=LINE('',#12306,#2398);
#1681=LINE('',#12309,#2399);
#1682=LINE('',#12311,#2400);
#1683=LINE('',#12313,#2401);
#1684=LINE('',#12315,#2402);
#1685=LINE('',#12317,#2403);
#1686=LINE('',#12319,#2404);
#1687=LINE('',#12321,#2405);
#1688=LINE('',#12323,#2406);
#1689=LINE('',#12325,#2407);
#1690=LINE('',#12327,#2408);
#1691=LINE('',#12329,#2409);
#1692=LINE('',#12331,#2410);
#1693=LINE('',#12333,#2411);
#1694=LINE('',#12335,#2412);
#1695=LINE('',#12337,#2413);
#1696=LINE('',#12339,#2414);
#1697=LINE('',#12341,#2415);
#1698=LINE('',#12343,#2416);
#1699=LINE('',#12345,#2417);
#1700=LINE('',#12347,#2418);
#1701=LINE('',#12349,#2419);
#1702=LINE('',#12350,#2420);
#1703=LINE('',#12352,#2421);
#1704=LINE('',#12354,#2422);
#1705=LINE('',#12356,#2423);
#1706=LINE('',#12358,#2424);
#1707=LINE('',#12360,#2425);
#1708=LINE('',#12362,#2426);
#1709=LINE('',#12364,#2427);
#1710=LINE('',#12366,#2428);
#1711=LINE('',#12368,#2429);
#1712=LINE('',#12370,#2430);
#1713=LINE('',#12372,#2431);
#1714=LINE('',#12374,#2432);
#1715=LINE('',#12376,#2433);
#1716=LINE('',#12378,#2434);
#1717=LINE('',#12380,#2435);
#1718=LINE('',#12382,#2436);
#1719=LINE('',#12384,#2437);
#1720=LINE('',#12386,#2438);
#1721=LINE('',#12388,#2439);
#1722=LINE('',#12390,#2440);
#1723=LINE('',#12392,#2441);
#1724=LINE('',#12394,#2442);
#1725=LINE('',#12396,#2443);
#1726=LINE('',#12398,#2444);
#1727=LINE('',#12400,#2445);
#1728=LINE('',#12402,#2446);
#1729=LINE('',#12405,#2447);
#1730=LINE('',#12406,#2448);
#1731=LINE('',#12408,#2449);
#1732=LINE('',#12410,#2450);
#1733=LINE('',#12413,#2451);
#1734=LINE('',#12414,#2452);
#1735=LINE('',#12416,#2453);
#1736=LINE('',#12418,#2454);
#1737=LINE('',#12421,#2455);
#1738=LINE('',#12422,#2456);
#1739=LINE('',#12424,#2457);
#1740=LINE('',#12426,#2458);
#1741=LINE('',#12429,#2459);
#1742=LINE('',#12430,#2460);
#1743=LINE('',#12432,#2461);
#1744=LINE('',#12434,#2462);
#1745=LINE('',#12437,#2463);
#1746=LINE('',#12438,#2464);
#1747=LINE('',#12440,#2465);
#1748=LINE('',#12442,#2466);
#1749=LINE('',#12445,#2467);
#1750=LINE('',#12446,#2468);
#1751=LINE('',#12448,#2469);
#1752=LINE('',#12450,#2470);
#1753=LINE('',#12453,#2471);
#1754=LINE('',#12454,#2472);
#1755=LINE('',#12456,#2473);
#1756=LINE('',#12458,#2474);
#1757=LINE('',#12463,#2475);
#1758=LINE('',#12464,#2476);
#1759=LINE('',#12465,#2477);
#1760=LINE('',#12467,#2478);
#1761=LINE('',#12468,#2479);
#1762=LINE('',#12472,#2480);
#1763=LINE('',#12475,#2481);
#1764=LINE('',#12476,#2482);
#1765=LINE('',#12480,#2483);
#1766=LINE('',#12483,#2484);
#1767=LINE('',#12484,#2485);
#1768=LINE('',#12488,#2486);
#1769=LINE('',#12491,#2487);
#1770=LINE('',#12492,#2488);
#1771=LINE('',#12496,#2489);
#1772=LINE('',#12498,#2490);
#1773=LINE('',#12500,#2491);
#1774=LINE('',#12502,#2492);
#1775=LINE('',#12504,#2493);
#1776=LINE('',#12506,#2494);
#1777=LINE('',#12509,#2495);
#1778=LINE('',#12510,#2496);
#1779=LINE('',#12512,#2497);
#1780=LINE('',#12514,#2498);
#1781=LINE('',#12517,#2499);
#1782=LINE('',#12518,#2500);
#1783=LINE('',#12520,#2501);
#1784=LINE('',#12522,#2502);
#1785=LINE('',#12525,#2503);
#1786=LINE('',#12526,#2504);
#1787=LINE('',#12528,#2505);
#1788=LINE('',#12530,#2506);
#1789=LINE('',#12533,#2507);
#1790=LINE('',#12534,#2508);
#1791=LINE('',#12536,#2509);
#1792=LINE('',#12538,#2510);
#1793=LINE('',#12542,#2511);
#1794=LINE('',#12545,#2512);
#1795=LINE('',#12548,#2513);
#1796=LINE('',#12549,#2514);
#1797=LINE('',#12553,#2515);
#1798=LINE('',#12556,#2516);
#1799=LINE('',#12557,#2517);
#1800=LINE('',#12561,#2518);
#1801=LINE('',#12564,#2519);
#1802=LINE('',#12565,#2520);
#1803=LINE('',#12569,#2521);
#1804=LINE('',#12571,#2522);
#1805=LINE('',#12575,#2523);
#1806=LINE('',#12576,#2524);
#1807=LINE('',#12577,#2525);
#1808=LINE('',#12579,#2526);
#1809=LINE('',#12580,#2527);
#1810=LINE('',#12584,#2528);
#1811=LINE('',#12587,#2529);
#1812=LINE('',#12588,#2530);
#1813=LINE('',#12592,#2531);
#1814=LINE('',#12595,#2532);
#1815=LINE('',#12596,#2533);
#1816=LINE('',#12599,#2534);
#1817=LINE('',#12603,#2535);
#1818=LINE('',#12604,#2536);
#1819=LINE('',#12608,#2537);
#1820=LINE('',#12610,#2538);
#1821=LINE('',#12612,#2539);
#1822=LINE('',#12614,#2540);
#1823=LINE('',#12616,#2541);
#1824=LINE('',#12618,#2542);
#1825=LINE('',#12622,#2543);
#1826=LINE('',#12625,#2544);
#1827=LINE('',#12628,#2545);
#1828=LINE('',#12629,#2546);
#1829=LINE('',#12633,#2547);
#1830=LINE('',#12636,#2548);
#1831=LINE('',#12637,#2549);
#1832=LINE('',#12641,#2550);
#1833=LINE('',#12644,#2551);
#1834=LINE('',#12645,#2552);
#1835=LINE('',#12649,#2553);
#1836=LINE('',#12651,#2554);
#1837=LINE('',#12654,#2555);
#1838=LINE('',#12656,#2556);
#1839=LINE('',#12657,#2557);
#1840=LINE('',#12661,#2558);
#1841=LINE('',#12664,#2559);
#1842=LINE('',#12665,#2560);
#1843=LINE('',#12669,#2561);
#1844=LINE('',#12672,#2562);
#1845=LINE('',#12673,#2563);
#1846=LINE('',#12677,#2564);
#1847=LINE('',#12680,#2565);
#1848=LINE('',#12681,#2566);
#1849=LINE('',#12685,#2567);
#1850=LINE('',#12686,#2568);
#1851=LINE('',#12688,#2569);
#1852=LINE('',#12690,#2570);
#1853=LINE('',#12692,#2571);
#1854=LINE('',#12694,#2572);
#1855=LINE('',#12696,#2573);
#1856=LINE('',#12698,#2574);
#1857=LINE('',#12710,#2575);
#1858=LINE('',#12714,#2576);
#1859=LINE('',#12718,#2577);
#1860=LINE('',#12726,#2578);
#1861=LINE('',#12730,#2579);
#1862=LINE('',#12733,#2580);
#1863=LINE('',#12754,#2581);
#1864=LINE('',#12758,#2582);
#1865=LINE('',#12762,#2583);
#1866=LINE('',#12766,#2584);
#1867=LINE('',#12770,#2585);
#1868=LINE('',#12774,#2586);
#1869=LINE('',#12778,#2587);
#1870=LINE('',#12782,#2588);
#1871=LINE('',#12786,#2589);
#1872=LINE('',#12790,#2590);
#1873=LINE('',#12794,#2591);
#1874=LINE('',#12797,#2592);
#1875=LINE('',#12812,#2593);
#1876=LINE('',#12819,#2594);
#1877=LINE('',#12823,#2595);
#1878=LINE('',#12827,#2596);
#1879=LINE('',#12835,#2597);
#1880=LINE('',#12839,#2598);
#1881=LINE('',#12843,#2599);
#1882=LINE('',#12877,#2600);
#1883=LINE('',#12881,#2601);
#1884=LINE('',#12885,#2602);
#1885=LINE('',#12889,#2603);
#1886=LINE('',#12893,#2604);
#1887=LINE('',#12897,#2605);
#1888=LINE('',#12901,#2606);
#1889=LINE('',#12905,#2607);
#1890=LINE('',#12909,#2608);
#1891=LINE('',#12913,#2609);
#1892=LINE('',#12917,#2610);
#1893=LINE('',#12920,#2611);
#1894=LINE('',#12922,#2612);
#1895=LINE('',#12924,#2613);
#1896=LINE('',#12926,#2614);
#1897=LINE('',#12928,#2615);
#1898=LINE('',#12930,#2616);
#1899=LINE('',#12932,#2617);
#1900=LINE('',#12934,#2618);
#1901=LINE('',#12936,#2619);
#1902=LINE('',#12937,#2620);
#1903=LINE('',#12939,#2621);
#1904=LINE('',#12941,#2622);
#1905=LINE('',#12943,#2623);
#1906=LINE('',#12945,#2624);
#1907=LINE('',#12947,#2625);
#1908=LINE('',#12949,#2626);
#1909=LINE('',#12951,#2627);
#1910=LINE('',#12953,#2628);
#1911=LINE('',#12955,#2629);
#1912=LINE('',#12957,#2630);
#1913=LINE('',#12959,#2631);
#1914=LINE('',#12961,#2632);
#1915=LINE('',#12963,#2633);
#1916=LINE('',#12965,#2634);
#1917=LINE('',#12968,#2635);
#1918=LINE('',#12970,#2636);
#1919=LINE('',#12972,#2637);
#1920=LINE('',#12974,#2638);
#1921=LINE('',#12976,#2639);
#1922=LINE('',#12978,#2640);
#1923=LINE('',#12981,#2641);
#1924=LINE('',#12984,#2642);
#1925=LINE('',#12987,#2643);
#1926=LINE('',#12988,#2644);
#1927=LINE('',#12992,#2645);
#1928=LINE('',#12995,#2646);
#1929=LINE('',#12996,#2647);
#1930=LINE('',#13000,#2648);
#1931=LINE('',#13003,#2649);
#1932=LINE('',#13004,#2650);
#1933=LINE('',#13008,#2651);
#1934=LINE('',#13011,#2652);
#1935=LINE('',#13012,#2653);
#1936=LINE('',#13016,#2654);
#1937=LINE('',#13019,#2655);
#1938=LINE('',#13020,#2656);
#1939=LINE('',#13024,#2657);
#1940=LINE('',#13027,#2658);
#1941=LINE('',#13028,#2659);
#1942=LINE('',#13032,#2660);
#1943=LINE('',#13035,#2661);
#1944=LINE('',#13036,#2662);
#1945=LINE('',#13040,#2663);
#1946=LINE('',#13043,#2664);
#1947=LINE('',#13044,#2665);
#1948=LINE('',#13048,#2666);
#1949=LINE('',#13051,#2667);
#1950=LINE('',#13052,#2668);
#1951=LINE('',#13056,#2669);
#1952=LINE('',#13059,#2670);
#1953=LINE('',#13060,#2671);
#1954=LINE('',#13064,#2672);
#1955=LINE('',#13067,#2673);
#1956=LINE('',#13068,#2674);
#1957=LINE('',#13072,#2675);
#1958=LINE('',#13074,#2676);
#1959=LINE('',#13076,#2677);
#1960=LINE('',#13077,#2678);
#1961=LINE('',#13079,#2679);
#1962=LINE('',#13081,#2680);
#1963=LINE('',#13083,#2681);
#1964=LINE('',#13085,#2682);
#1965=LINE('',#13087,#2683);
#1966=LINE('',#13089,#2684);
#1967=LINE('',#13091,#2685);
#1968=LINE('',#13093,#2686);
#1969=LINE('',#13095,#2687);
#1970=LINE('',#13097,#2688);
#1971=LINE('',#13099,#2689);
#1972=LINE('',#13101,#2690);
#1973=LINE('',#13103,#2691);
#1974=LINE('',#13105,#2692);
#1975=LINE('',#13107,#2693);
#1976=LINE('',#13109,#2694);
#1977=LINE('',#13111,#2695);
#1978=LINE('',#13113,#2696);
#1979=LINE('',#13115,#2697);
#1980=LINE('',#13117,#2698);
#1981=LINE('',#13119,#2699);
#1982=LINE('',#13121,#2700);
#1983=LINE('',#13129,#2701);
#1984=LINE('',#13133,#2702);
#1985=LINE('',#13137,#2703);
#1986=LINE('',#13140,#2704);
#1987=LINE('',#13163,#2705);
#1988=LINE('',#13167,#2706);
#1989=LINE('',#13171,#2707);
#1990=LINE('',#13177,#2708);
#1991=LINE('',#13181,#2709);
#1992=LINE('',#13184,#2710);
#1993=LINE('',#13189,#2711);
#1994=LINE('',#13193,#2712);
#1995=LINE('',#13196,#2713);
#1996=LINE('',#13199,#2714);
#1997=LINE('',#13203,#2715);
#1998=LINE('',#13207,#2716);
#1999=LINE('',#13213,#2717);
#2000=LINE('',#13216,#2718);
#2001=LINE('',#13221,#2719);
#2002=LINE('',#13224,#2720);
#2003=LINE('',#13227,#2721);
#2004=LINE('',#13231,#2722);
#2005=LINE('',#13235,#2723);
#2006=LINE('',#13239,#2724);
#2007=LINE('',#13243,#2725);
#2008=LINE('',#13246,#2726);
#2009=LINE('',#13249,#2727);
#2010=LINE('',#13250,#2728);
#2011=LINE('',#13254,#2729);
#2012=LINE('',#13257,#2730);
#2013=LINE('',#13258,#2731);
#2014=LINE('',#13262,#2732);
#2015=LINE('',#13265,#2733);
#2016=LINE('',#13266,#2734);
#2017=LINE('',#13270,#2735);
#2018=LINE('',#13272,#2736);
#2019=LINE('',#13296,#2737);
#2020=LINE('',#13300,#2738);
#2021=LINE('',#13304,#2739);
#2022=LINE('',#13310,#2740);
#2023=LINE('',#13314,#2741);
#2024=LINE('',#13317,#2742);
#2025=LINE('',#13322,#2743);
#2026=LINE('',#13326,#2744);
#2027=LINE('',#13329,#2745);
#2028=LINE('',#13332,#2746);
#2029=LINE('',#13336,#2747);
#2030=LINE('',#13340,#2748);
#2031=LINE('',#13346,#2749);
#2032=LINE('',#13349,#2750);
#2033=LINE('',#13354,#2751);
#2034=LINE('',#13357,#2752);
#2035=LINE('',#13360,#2753);
#2036=LINE('',#13364,#2754);
#2037=LINE('',#13368,#2755);
#2038=LINE('',#13372,#2756);
#2039=LINE('',#13375,#2757);
#2040=LINE('',#13377,#2758);
#2041=LINE('',#13379,#2759);
#2042=LINE('',#13381,#2760);
#2043=LINE('',#13383,#2761);
#2044=LINE('',#13385,#2762);
#2045=LINE('',#13387,#2763);
#2046=LINE('',#13389,#2764);
#2047=LINE('',#13391,#2765);
#2048=LINE('',#13393,#2766);
#2049=LINE('',#13395,#2767);
#2050=LINE('',#13396,#2768);
#2051=LINE('',#13398,#2769);
#2052=LINE('',#13400,#2770);
#2053=LINE('',#13402,#2771);
#2054=LINE('',#13404,#2772);
#2055=LINE('',#13407,#2773);
#2056=LINE('',#13408,#2774);
#2057=LINE('',#13410,#2775);
#2058=LINE('',#13412,#2776);
#2059=LINE('',#13414,#2777);
#2060=LINE('',#13416,#2778);
#2061=LINE('',#13419,#2779);
#2062=LINE('',#13420,#2780);
#2063=LINE('',#13422,#2781);
#2064=LINE('',#13424,#2782);
#2065=LINE('',#13426,#2783);
#2066=LINE('',#13428,#2784);
#2067=LINE('',#13431,#2785);
#2068=LINE('',#13432,#2786);
#2069=LINE('',#13434,#2787);
#2070=LINE('',#13436,#2788);
#2071=LINE('',#13438,#2789);
#2072=LINE('',#13440,#2790);
#2073=LINE('',#13444,#2791);
#2074=LINE('',#13447,#2792);
#2075=LINE('',#13450,#2793);
#2076=LINE('',#13451,#2794);
#2077=LINE('',#13455,#2795);
#2078=LINE('',#13457,#2796);
#2079=LINE('',#13461,#2797);
#2080=LINE('',#13462,#2798);
#2081=LINE('',#13463,#2799);
#2082=LINE('',#13465,#2800);
#2083=LINE('',#13466,#2801);
#2084=LINE('',#13470,#2802);
#2085=LINE('',#13473,#2803);
#2086=LINE('',#13474,#2804);
#2087=LINE('',#13478,#2805);
#2088=LINE('',#13480,#2806);
#2089=LINE('',#13484,#2807);
#2090=LINE('',#13487,#2808);
#2091=LINE('',#13490,#2809);
#2092=LINE('',#13491,#2810);
#2093=LINE('',#13495,#2811);
#2094=LINE('',#13497,#2812);
#2095=LINE('',#13501,#2813);
#2096=LINE('',#13502,#2814);
#2097=LINE('',#13503,#2815);
#2098=LINE('',#13505,#2816);
#2099=LINE('',#13506,#2817);
#2100=LINE('',#13510,#2818);
#2101=LINE('',#13513,#2819);
#2102=LINE('',#13514,#2820);
#2103=LINE('',#13518,#2821);
#2104=LINE('',#13520,#2822);
#2105=LINE('',#13523,#2823);
#2106=LINE('',#13524,#2824);
#2107=LINE('',#13526,#2825);
#2108=LINE('',#13528,#2826);
#2109=LINE('',#13530,#2827);
#2110=LINE('',#13532,#2828);
#2111=LINE('',#13534,#2829);
#2112=LINE('',#13536,#2830);
#2113=LINE('',#13544,#2831);
#2114=LINE('',#13548,#2832);
#2115=LINE('',#13552,#2833);
#2116=LINE('',#13558,#2834);
#2117=LINE('',#13562,#2835);
#2118=LINE('',#13566,#2836);
#2119=LINE('',#13570,#2837);
#2120=LINE('',#13575,#2838);
#2121=LINE('',#13594,#2839);
#2122=LINE('',#13603,#2840);
#2123=LINE('',#13607,#2841);
#2124=LINE('',#13611,#2842);
#2125=LINE('',#13615,#2843);
#2126=LINE('',#13621,#2844);
#2127=LINE('',#13625,#2845);
#2128=LINE('',#13629,#2846);
#2129=LINE('',#13632,#2847);
#2130=LINE('',#13648,#2848);
#2131=LINE('',#13650,#2849);
#2132=LINE('',#13652,#2850);
#2133=LINE('',#13654,#2851);
#2134=LINE('',#13656,#2852);
#2135=LINE('',#13658,#2853);
#2136=LINE('',#13660,#2854);
#2137=LINE('',#13663,#2855);
#2138=LINE('',#13666,#2856);
#2139=LINE('',#13670,#2857);
#2140=LINE('',#13673,#2858);
#2141=LINE('',#13674,#2859);
#2142=LINE('',#13678,#2860);
#2143=LINE('',#13681,#2861);
#2144=LINE('',#13682,#2862);
#2145=LINE('',#13686,#2863);
#2146=LINE('',#13689,#2864);
#2147=LINE('',#13690,#2865);
#2148=LINE('',#13694,#2866);
#2149=LINE('',#13697,#2867);
#2150=LINE('',#13698,#2868);
#2151=LINE('',#13702,#2869);
#2152=LINE('',#13706,#2870);
#2153=LINE('',#13709,#2871);
#2154=LINE('',#13710,#2872);
#2155=LINE('',#13714,#2873);
#2156=LINE('',#13717,#2874);
#2157=LINE('',#13718,#2875);
#2158=LINE('',#13722,#2876);
#2159=LINE('',#13725,#2877);
#2160=LINE('',#13726,#2878);
#2161=LINE('',#13730,#2879);
#2162=LINE('',#13732,#2880);
#2163=LINE('',#13735,#2881);
#2164=LINE('',#13737,#2882);
#2165=LINE('',#13738,#2883);
#2166=LINE('',#13742,#2884);
#2167=LINE('',#13746,#2885);
#2168=LINE('',#13749,#2886);
#2169=LINE('',#13750,#2887);
#2170=LINE('',#13754,#2888);
#2171=LINE('',#13757,#2889);
#2172=LINE('',#13758,#2890);
#2173=LINE('',#13762,#2891);
#2174=LINE('',#13765,#2892);
#2175=LINE('',#13766,#2893);
#2176=LINE('',#13770,#2894);
#2177=LINE('',#13773,#2895);
#2178=LINE('',#13774,#2896);
#2179=LINE('',#13778,#2897);
#2180=LINE('',#13782,#2898);
#2181=LINE('',#13785,#2899);
#2182=LINE('',#13786,#2900);
#2183=LINE('',#13790,#2901);
#2184=LINE('',#13793,#2902);
#2185=LINE('',#13794,#2903);
#2186=LINE('',#13798,#2904);
#2187=LINE('',#13801,#2905);
#2188=LINE('',#13802,#2906);
#2189=LINE('',#13806,#2907);
#2190=LINE('',#13807,#2908);
#2191=LINE('',#13809,#2909);
#2192=LINE('',#13811,#2910);
#2193=LINE('',#13813,#2911);
#2194=LINE('',#13815,#2912);
#2195=LINE('',#13817,#2913);
#2196=LINE('',#13819,#2914);
#2197=LINE('',#13821,#2915);
#2198=LINE('',#13823,#2916);
#2199=LINE('',#13825,#2917);
#2200=LINE('',#13827,#2918);
#2201=LINE('',#13829,#2919);
#2202=LINE('',#13831,#2920);
#2203=LINE('',#13833,#2921);
#2204=LINE('',#13835,#2922);
#2205=LINE('',#13837,#2923);
#2206=LINE('',#13839,#2924);
#2207=LINE('',#13847,#2925);
#2208=LINE('',#13851,#2926);
#2209=LINE('',#13855,#2927);
#2210=LINE('',#13861,#2928);
#2211=LINE('',#13865,#2929);
#2212=LINE('',#13869,#2930);
#2213=LINE('',#13873,#2931);
#2214=LINE('',#13878,#2932);
#2215=LINE('',#13897,#2933);
#2216=LINE('',#13906,#2934);
#2217=LINE('',#13910,#2935);
#2218=LINE('',#13914,#2936);
#2219=LINE('',#13918,#2937);
#2220=LINE('',#13924,#2938);
#2221=LINE('',#13928,#2939);
#2222=LINE('',#13932,#2940);
#2223=LINE('',#13935,#2941);
#2224=LINE('',#13951,#2942);
#2225=LINE('',#13953,#2943);
#2226=LINE('',#13955,#2944);
#2227=LINE('',#13957,#2945);
#2228=LINE('',#13959,#2946);
#2229=LINE('',#13961,#2947);
#2230=LINE('',#13963,#2948);
#2231=LINE('',#13966,#2949);
#2232=LINE('',#13969,#2950);
#2233=LINE('',#13973,#2951);
#2234=LINE('',#13976,#2952);
#2235=LINE('',#13977,#2953);
#2236=LINE('',#13981,#2954);
#2237=LINE('',#13984,#2955);
#2238=LINE('',#13985,#2956);
#2239=LINE('',#13989,#2957);
#2240=LINE('',#13992,#2958);
#2241=LINE('',#13993,#2959);
#2242=LINE('',#13997,#2960);
#2243=LINE('',#14000,#2961);
#2244=LINE('',#14001,#2962);
#2245=LINE('',#14005,#2963);
#2246=LINE('',#14009,#2964);
#2247=LINE('',#14012,#2965);
#2248=LINE('',#14013,#2966);
#2249=LINE('',#14017,#2967);
#2250=LINE('',#14020,#2968);
#2251=LINE('',#14021,#2969);
#2252=LINE('',#14025,#2970);
#2253=LINE('',#14028,#2971);
#2254=LINE('',#14029,#2972);
#2255=LINE('',#14033,#2973);
#2256=LINE('',#14035,#2974);
#2257=LINE('',#14038,#2975);
#2258=LINE('',#14040,#2976);
#2259=LINE('',#14041,#2977);
#2260=LINE('',#14045,#2978);
#2261=LINE('',#14049,#2979);
#2262=LINE('',#14052,#2980);
#2263=LINE('',#14053,#2981);
#2264=LINE('',#14057,#2982);
#2265=LINE('',#14060,#2983);
#2266=LINE('',#14061,#2984);
#2267=LINE('',#14065,#2985);
#2268=LINE('',#14068,#2986);
#2269=LINE('',#14069,#2987);
#2270=LINE('',#14073,#2988);
#2271=LINE('',#14076,#2989);
#2272=LINE('',#14077,#2990);
#2273=LINE('',#14081,#2991);
#2274=LINE('',#14085,#2992);
#2275=LINE('',#14088,#2993);
#2276=LINE('',#14089,#2994);
#2277=LINE('',#14093,#2995);
#2278=LINE('',#14096,#2996);
#2279=LINE('',#14097,#2997);
#2280=LINE('',#14101,#2998);
#2281=LINE('',#14104,#2999);
#2282=LINE('',#14105,#3000);
#2283=LINE('',#14109,#3001);
#2284=LINE('',#14110,#3002);
#2285=LINE('',#14112,#3003);
#2286=LINE('',#14114,#3004);
#2287=LINE('',#14116,#3005);
#2288=LINE('',#14118,#3006);
#2289=LINE('',#14120,#3007);
#2290=LINE('',#14122,#3008);
#2291=LINE('',#14124,#3009);
#2292=LINE('',#14126,#3010);
#2293=LINE('',#14128,#3011);
#2294=LINE('',#14130,#3012);
#2295=LINE('',#14132,#3013);
#2296=LINE('',#14134,#3014);
#2297=LINE('',#14136,#3015);
#2298=LINE('',#14138,#3016);
#2299=LINE('',#14140,#3017);
#2300=LINE('',#14142,#3018);
#2301=LINE('',#14152,#3019);
#2302=LINE('',#14159,#3020);
#2303=LINE('',#14163,#3021);
#2304=LINE('',#14167,#3022);
#2305=LINE('',#14175,#3023);
#2306=LINE('',#14178,#3024);
#2307=VECTOR('',#9302,19.14978730923);
#2308=VECTOR('',#9307,11.9999999999998);
#2309=VECTOR('',#9310,27.37513105923);
#2310=VECTOR('',#9313,22.0000000000001);
#2311=VECTOR('',#9318,15.51449052062);
#2312=VECTOR('',#9321,29.);
#2313=VECTOR('',#9324,15.51449052062);
#2314=VECTOR('',#9329,22.0000000000001);
#2315=VECTOR('',#9332,27.37513105923);
#2316=VECTOR('',#9335,11.9999999999998);
#2317=VECTOR('',#9340,19.14978730923);
#2318=VECTOR('',#9343,29.);
#2319=VECTOR('',#9384,20.);
#2320=VECTOR('',#9387,20.);
#2321=VECTOR('',#9390,20.);
#2322=VECTOR('',#9393,20.);
#2323=VECTOR('',#9396,20.);
#2324=VECTOR('',#9399,20.);
#2325=VECTOR('',#9404,15.);
#2326=VECTOR('',#9407,15.);
#2327=VECTOR('',#9408,15.);
#2328=VECTOR('',#9411,15.);
#2329=VECTOR('',#9414,24.);
#2330=VECTOR('',#9417,24.);
#2331=VECTOR('',#9422,24.);
#2332=VECTOR('',#9425,24.);
#2333=VECTOR('',#9426,3.);
#2334=VECTOR('',#9429,3.);
#2335=VECTOR('',#9434,3.);
#2336=VECTOR('',#9437,3.);
#2337=VECTOR('',#9438,3.);
#2338=VECTOR('',#9441,3.);
#2339=VECTOR('',#9446,3.);
#2340=VECTOR('',#9449,3.);
#2341=VECTOR('',#9452,4.00000000196);
#2342=VECTOR('',#9455,32.00000000196);
#2343=VECTOR('',#9458,4.00000000196);
#2344=VECTOR('',#9461,32.00000000196);
#2345=VECTOR('',#9464,4.00000000196);
#2346=VECTOR('',#9467,11.00000000196);
#2347=VECTOR('',#9470,4.00000000196);
#2348=VECTOR('',#9473,11.00000000196);
#2349=VECTOR('',#9476,11.00000000196);
#2350=VECTOR('',#9479,4.00000000196);
#2351=VECTOR('',#9482,11.00000000196);
#2352=VECTOR('',#9485,4.00000000196);
#2353=VECTOR('',#9488,1.5);
#2354=VECTOR('',#9495,29.);
#2355=VECTOR('',#9498,19.14978730923);
#2356=VECTOR('',#9503,11.9999999999998);
#2357=VECTOR('',#9506,27.37513105923);
#2358=VECTOR('',#9509,22.0000000000001);
#2359=VECTOR('',#9514,15.51449052062);
#2360=VECTOR('',#9517,29.);
#2361=VECTOR('',#9520,15.51449052062);
#2362=VECTOR('',#9525,22.0000000000001);
#2363=VECTOR('',#9528,27.37513105923);
#2364=VECTOR('',#9531,11.9999999999998);
#2365=VECTOR('',#9536,19.14978730923);
#2366=VECTOR('',#9575,20.);
#2367=VECTOR('',#9578,20.);
#2368=VECTOR('',#9581,20.);
#2369=VECTOR('',#9584,20.);
#2370=VECTOR('',#9587,20.);
#2371=VECTOR('',#9590,20.);
#2372=VECTOR('',#9595,15.);
#2373=VECTOR('',#9598,15.);
#2374=VECTOR('',#9599,15.);
#2375=VECTOR('',#9602,15.);
#2376=VECTOR('',#9605,24.);
#2377=VECTOR('',#9608,24.);
#2378=VECTOR('',#9613,24.);
#2379=VECTOR('',#9616,24.);
#2380=VECTOR('',#9617,4.);
#2381=VECTOR('',#9620,32.);
#2382=VECTOR('',#9623,4.);
#2383=VECTOR('',#9626,32.);
#2384=VECTOR('',#9629,3.);
#2385=VECTOR('',#9632,3.);
#2386=VECTOR('',#9637,3.);
#2387=VECTOR('',#9640,3.);
#2388=VECTOR('',#9641,3.);
#2389=VECTOR('',#9644,3.);
#2390=VECTOR('',#9649,3.);
#2391=VECTOR('',#9652,3.);
#2392=VECTOR('',#9655,4.00000000196);
#2393=VECTOR('',#9658,11.00000000196);
#2394=VECTOR('',#9661,4.00000000196);
#2395=VECTOR('',#9664,11.00000000196);
#2396=VECTOR('',#9667,11.00000000196);
#2397=VECTOR('',#9670,4.00000000196);
#2398=VECTOR('',#9673,11.00000000196);
#2399=VECTOR('',#9676,4.00000000196);
#2400=VECTOR('',#9679,1.5);
#2401=VECTOR('',#9682,1.5);
#2402=VECTOR('',#9685,1.5);
#2403=VECTOR('',#9688,1.5);
#2404=VECTOR('',#9691,1.5);
#2405=VECTOR('',#9694,1.5);
#2406=VECTOR('',#9697,1.5);
#2407=VECTOR('',#9700,1.5);
#2408=VECTOR('',#9703,1.5);
#2409=VECTOR('',#9706,1.5);
#2410=VECTOR('',#9709,1.5);
#2411=VECTOR('',#9712,2.25);
#2412=VECTOR('',#9715,2.25);
#2413=VECTOR('',#9718,2.25);
#2414=VECTOR('',#9721,0.85);
#2415=VECTOR('',#9724,0.85);
#2416=VECTOR('',#9727,0.85);
#2417=VECTOR('',#9730,0.85);
#2418=VECTOR('',#9733,2.25);
#2419=VECTOR('',#9736,2.5);
#2420=VECTOR('',#9737,2.5);
#2421=VECTOR('',#9740,2.5);
#2422=VECTOR('',#9743,2.5);
#2423=VECTOR('',#9746,2.5);
#2424=VECTOR('',#9749,2.5);
#2425=VECTOR('',#9752,2.5);
#2426=VECTOR('',#9755,2.5);
#2427=VECTOR('',#9758,2.5);
#2428=VECTOR('',#9761,2.5);
#2429=VECTOR('',#9764,2.5);
#2430=VECTOR('',#9767,2.5);
#2431=VECTOR('',#9770,2.5);
#2432=VECTOR('',#9773,2.5);
#2433=VECTOR('',#9776,2.5);
#2434=VECTOR('',#9779,2.5);
#2435=VECTOR('',#9782,2.5);
#2436=VECTOR('',#9785,2.5);
#2437=VECTOR('',#9788,2.5);
#2438=VECTOR('',#9791,2.5);
#2439=VECTOR('',#9794,2.5);
#2440=VECTOR('',#9797,2.5);
#2441=VECTOR('',#9800,2.5);
#2442=VECTOR('',#9803,2.5);
#2443=VECTOR('',#9806,2.5);
#2444=VECTOR('',#9809,2.5);
#2445=VECTOR('',#9812,2.5);
#2446=VECTOR('',#9815,2.5);
#2447=VECTOR('',#9820,2.5);
#2448=VECTOR('',#9821,2.5);
#2449=VECTOR('',#9824,2.5);
#2450=VECTOR('',#9827,2.5);
#2451=VECTOR('',#9832,2.5);
#2452=VECTOR('',#9833,2.5);
#2453=VECTOR('',#9836,2.5);
#2454=VECTOR('',#9839,2.5);
#2455=VECTOR('',#9844,2.5);
#2456=VECTOR('',#9845,2.5);
#2457=VECTOR('',#9848,2.5);
#2458=VECTOR('',#9851,2.5);
#2459=VECTOR('',#9856,2.5);
#2460=VECTOR('',#9857,2.5);
#2461=VECTOR('',#9860,2.5);
#2462=VECTOR('',#9863,2.5);
#2463=VECTOR('',#9868,2.5);
#2464=VECTOR('',#9869,2.5);
#2465=VECTOR('',#9872,2.5);
#2466=VECTOR('',#9875,2.5);
#2467=VECTOR('',#9880,2.5);
#2468=VECTOR('',#9881,2.5);
#2469=VECTOR('',#9884,2.5);
#2470=VECTOR('',#9887,2.5);
#2471=VECTOR('',#9892,2.5);
#2472=VECTOR('',#9893,2.5);
#2473=VECTOR('',#9896,2.5);
#2474=VECTOR('',#9899,2.5);
#2475=VECTOR('',#9904,4.000000001002);
#2476=VECTOR('',#9905,1.799999999761);
#2477=VECTOR('',#9906,1.799999999996);
#2478=VECTOR('',#9909,0.989949493338434);
#2479=VECTOR('',#9910,0.989949493656234);
#2480=VECTOR('',#9915,0.989949493338434);
#2481=VECTOR('',#9918,32.000000001);
#2482=VECTOR('',#9919,0.989949493656234);
#2483=VECTOR('',#9924,0.989949493338434);
#2484=VECTOR('',#9927,4.000000001002);
#2485=VECTOR('',#9928,0.989949493656234);
#2486=VECTOR('',#9933,0.989949493338434);
#2487=VECTOR('',#9936,32.000000001);
#2488=VECTOR('',#9937,0.989949493656234);
#2489=VECTOR('',#9944,1.799999999996);
#2490=VECTOR('',#9947,1.799999999761);
#2491=VECTOR('',#9950,1.799999999996);
#2492=VECTOR('',#9953,1.799999999761);
#2493=VECTOR('',#9956,1.799999999996);
#2494=VECTOR('',#9959,1.799999999761);
#2495=VECTOR('',#9964,2.5);
#2496=VECTOR('',#9965,2.5);
#2497=VECTOR('',#9968,2.5);
#2498=VECTOR('',#9971,2.5);
#2499=VECTOR('',#9976,2.5);
#2500=VECTOR('',#9977,2.5);
#2501=VECTOR('',#9980,2.5);
#2502=VECTOR('',#9983,2.5);
#2503=VECTOR('',#9988,2.5);
#2504=VECTOR('',#9989,2.5);
#2505=VECTOR('',#9992,2.5);
#2506=VECTOR('',#9995,2.5);
#2507=VECTOR('',#10000,2.5);
#2508=VECTOR('',#10001,2.5);
#2509=VECTOR('',#10004,2.5);
#2510=VECTOR('',#10007,2.5);
#2511=VECTOR('',#10012,0.989949493338434);
#2512=VECTOR('',#10015,0.989949493656234);
#2513=VECTOR('',#10018,4.000000001002);
#2514=VECTOR('',#10019,0.989949493338434);
#2515=VECTOR('',#10024,0.989949493656304);
#2516=VECTOR('',#10027,11.000000001);
#2517=VECTOR('',#10028,0.989949493338503);
#2518=VECTOR('',#10033,0.989949493656234);
#2519=VECTOR('',#10036,4.000000001002);
#2520=VECTOR('',#10037,0.989949493338434);
#2521=VECTOR('',#10042,0.989949493656304);
#2522=VECTOR('',#10045,11.000000001);
#2523=VECTOR('',#10048,11.000000001);
#2524=VECTOR('',#10049,1.099999999522);
#2525=VECTOR('',#10050,1.099999999993);
#2526=VECTOR('',#10053,0.989949493338434);
#2527=VECTOR('',#10054,0.989949493656234);
#2528=VECTOR('',#10059,0.989949493338434);
#2529=VECTOR('',#10062,4.000000001002);
#2530=VECTOR('',#10063,0.989949493656234);
#2531=VECTOR('',#10068,0.989949493338434);
#2532=VECTOR('',#10071,11.000000001);
#2533=VECTOR('',#10072,0.989949493656234);
#2534=VECTOR('',#10075,0.989949493338434);
#2535=VECTOR('',#10080,4.000000001002);
#2536=VECTOR('',#10081,0.989949493656234);
#2537=VECTOR('',#10088,1.099999999993);
#2538=VECTOR('',#10091,1.099999999522);
#2539=VECTOR('',#10094,1.099999999993);
#2540=VECTOR('',#10097,1.099999999522);
#2541=VECTOR('',#10100,1.099999999993);
#2542=VECTOR('',#10103,1.099999999522);
#2543=VECTOR('',#10108,0.989949493338434);
#2544=VECTOR('',#10111,0.989949493656234);
#2545=VECTOR('',#10114,11.000000001);
#2546=VECTOR('',#10115,0.989949493338434);
#2547=VECTOR('',#10120,0.989949493656234);
#2548=VECTOR('',#10123,4.000000001002);
#2549=VECTOR('',#10124,0.989949493338434);
#2550=VECTOR('',#10129,0.989949493656234);
#2551=VECTOR('',#10132,11.000000001);
#2552=VECTOR('',#10133,0.989949493338503);
#2553=VECTOR('',#10138,0.989949493656234);
#2554=VECTOR('',#10141,4.000000001002);
#2555=VECTOR('',#10144,1.099999999993);
#2556=VECTOR('',#10145,4.000000001002);
#2557=VECTOR('',#10146,1.099999999522);
#2558=VECTOR('',#10151,1.099999999993);
#2559=VECTOR('',#10154,11.000000001);
#2560=VECTOR('',#10155,1.099999999522);
#2561=VECTOR('',#10160,1.099999999993);
#2562=VECTOR('',#10163,4.000000001002);
#2563=VECTOR('',#10164,1.099999999522);
#2564=VECTOR('',#10169,1.099999999993);
#2565=VECTOR('',#10172,11.000000001);
#2566=VECTOR('',#10173,1.099999999522);
#2567=VECTOR('',#10180,0.989949493656234);
#2568=VECTOR('',#10181,0.989949493338434);
#2569=VECTOR('',#10184,0.989949493656304);
#2570=VECTOR('',#10187,0.989949493338434);
#2571=VECTOR('',#10190,0.989949493656234);
#2572=VECTOR('',#10193,0.989949493338434);
#2573=VECTOR('',#10196,0.989949493656234);
#2574=VECTOR('',#10199,0.989949493338434);
#2575=VECTOR('',#10212,11.9999999999998);
#2576=VECTOR('',#10215,27.37513105923);
#2577=VECTOR('',#10218,22.0000000000001);
#2578=VECTOR('',#10225,22.0000000000001);
#2579=VECTOR('',#10228,27.37513105923);
#2580=VECTOR('',#10231,11.9999999999998);
#2581=VECTOR('',#10250,9.);
#2582=VECTOR('',#10253,12.);
#2583=VECTOR('',#10256,0.5);
#2584=VECTOR('',#10259,2.);
#2585=VECTOR('',#10262,0.5);
#2586=VECTOR('',#10265,12.);
#2587=VECTOR('',#10268,9.);
#2588=VECTOR('',#10271,12.);
#2589=VECTOR('',#10274,0.5);
#2590=VECTOR('',#10277,2.);
#2591=VECTOR('',#10280,0.5);
#2592=VECTOR('',#10283,12.);
#2593=VECTOR('',#10298,1.5);
#2594=VECTOR('',#10305,11.9999999999998);
#2595=VECTOR('',#10308,27.37513105923);
#2596=VECTOR('',#10311,22.0000000000001);
#2597=VECTOR('',#10318,22.0000000000001);
#2598=VECTOR('',#10321,27.37513105923);
#2599=VECTOR('',#10324,11.9999999999998);
#2600=VECTOR('',#10357,0.5000000060894);
#2601=VECTOR('',#10360,2.000000033607);
#2602=VECTOR('',#10363,0.5000000360269);
#2603=VECTOR('',#10366,12.00000000609);
#2604=VECTOR('',#10369,9.000000033607);
#2605=VECTOR('',#10372,12.00000003603);
#2606=VECTOR('',#10375,0.5000000060894);
#2607=VECTOR('',#10378,2.000000033607);
#2608=VECTOR('',#10381,0.5000000360269);
#2609=VECTOR('',#10384,12.00000000609);
#2610=VECTOR('',#10387,9.000000033607);
#2611=VECTOR('',#10390,12.00000003603);
#2612=VECTOR('',#10393,1.5);
#2613=VECTOR('',#10396,1.5);
#2614=VECTOR('',#10399,1.5);
#2615=VECTOR('',#10402,1.5);
#2616=VECTOR('',#10405,1.5);
#2617=VECTOR('',#10408,1.5);
#2618=VECTOR('',#10411,1.5);
#2619=VECTOR('',#10414,3.);
#2620=VECTOR('',#10415,3.);
#2621=VECTOR('',#10418,3.);
#2622=VECTOR('',#10421,3.);
#2623=VECTOR('',#10424,3.);
#2624=VECTOR('',#10427,3.);
#2625=VECTOR('',#10430,3.);
#2626=VECTOR('',#10433,3.);
#2627=VECTOR('',#10436,3.);
#2628=VECTOR('',#10439,3.);
#2629=VECTOR('',#10442,3.);
#2630=VECTOR('',#10445,3.);
#2631=VECTOR('',#10448,3.);
#2632=VECTOR('',#10451,3.);
#2633=VECTOR('',#10454,3.);
#2634=VECTOR('',#10457,3.);
#2635=VECTOR('',#10462,1.5);
#2636=VECTOR('',#10465,1.5);
#2637=VECTOR('',#10468,1.5);
#2638=VECTOR('',#10471,1.5);
#2639=VECTOR('',#10474,1.5);
#2640=VECTOR('',#10477,1.5);
#2641=VECTOR('',#10480,1.4142135618039);
#2642=VECTOR('',#10483,1.41421356214891);
#2643=VECTOR('',#10486,0.5000000108193);
#2644=VECTOR('',#10487,1.41421356236291);
#2645=VECTOR('',#10492,1.41421356111391);
#2646=VECTOR('',#10495,2.000000015123);
#2647=VECTOR('',#10496,1.41421356236291);
#2648=VECTOR('',#10501,1.41421356111391);
#2649=VECTOR('',#10504,0.5000000234493);
#2650=VECTOR('',#10505,1.4142135618039);
#2651=VECTOR('',#10510,1.41421356214891);
#2652=VECTOR('',#10513,12.00000001082);
#2653=VECTOR('',#10514,1.41421356236291);
#2654=VECTOR('',#10519,1.41421356111391);
#2655=VECTOR('',#10522,9.000000015123);
#2656=VECTOR('',#10523,1.41421356236291);
#2657=VECTOR('',#10528,1.41421356111391);
#2658=VECTOR('',#10531,12.00000002345);
#2659=VECTOR('',#10532,1.4142135618039);
#2660=VECTOR('',#10537,1.41421356214891);
#2661=VECTOR('',#10540,0.5000000108193);
#2662=VECTOR('',#10541,1.41421356236291);
#2663=VECTOR('',#10546,1.41421356111391);
#2664=VECTOR('',#10549,2.000000015123);
#2665=VECTOR('',#10550,1.41421356236291);
#2666=VECTOR('',#10555,1.41421356111391);
#2667=VECTOR('',#10558,0.5000000234493);
#2668=VECTOR('',#10559,1.4142135618039);
#2669=VECTOR('',#10564,1.41421356214891);
#2670=VECTOR('',#10567,12.00000001082);
#2671=VECTOR('',#10568,1.41421356236291);
#2672=VECTOR('',#10573,1.41421356111391);
#2673=VECTOR('',#10576,9.000000015123);
#2674=VECTOR('',#10577,1.41421356236291);
#2675=VECTOR('',#10582,1.41421356111391);
#2676=VECTOR('',#10585,12.00000002345);
#2677=VECTOR('',#10588,1.999999999272);
#2678=VECTOR('',#10589,2.000000000725);
#2679=VECTOR('',#10592,2.000000000286);
#2680=VECTOR('',#10595,1.999999999994);
#2681=VECTOR('',#10598,1.999999999272);
#2682=VECTOR('',#10601,1.999999999994);
#2683=VECTOR('',#10604,1.999999999272);
#2684=VECTOR('',#10607,2.000000000725);
#2685=VECTOR('',#10610,2.000000000286);
#2686=VECTOR('',#10613,1.999999999994);
#2687=VECTOR('',#10616,1.999999999272);
#2688=VECTOR('',#10619,1.999999999994);
#2689=VECTOR('',#10622,1.999999999272);
#2690=VECTOR('',#10625,2.000000000725);
#2691=VECTOR('',#10628,2.000000000286);
#2692=VECTOR('',#10631,1.999999999994);
#2693=VECTOR('',#10634,1.999999999272);
#2694=VECTOR('',#10637,1.999999999994);
#2695=VECTOR('',#10640,1.999999999272);
#2696=VECTOR('',#10643,2.000000000725);
#2697=VECTOR('',#10646,2.000000000286);
#2698=VECTOR('',#10649,1.999999999994);
#2699=VECTOR('',#10652,1.999999999272);
#2700=VECTOR('',#10655,1.999999999994);
#2701=VECTOR('',#10664,29.);
#2702=VECTOR('',#10667,142.);
#2703=VECTOR('',#10670,29.);
#2704=VECTOR('',#10673,142.);
#2705=VECTOR('',#10694,9.);
#2706=VECTOR('',#10697,6.36396103067857);
#2707=VECTOR('',#10700,6.36396103067857);
#2708=VECTOR('',#10705,9.);
#2709=VECTOR('',#10708,6.36396103067857);
#2710=VECTOR('',#10711,6.36396103067857);
#2711=VECTOR('',#10714,9.);
#2712=VECTOR('',#10717,6.36396103067902);
#2713=VECTOR('',#10720,6.36396103067857);
#2714=VECTOR('',#10721,9.);
#2715=VECTOR('',#10724,6.36396103067902);
#2716=VECTOR('',#10727,6.36396103067902);
#2717=VECTOR('',#10732,20.00000001802);
#2718=VECTOR('',#10735,20.00000001802);
#2719=VECTOR('',#10738,20.00000001802);
#2720=VECTOR('',#10741,20.00000001802);
#2721=VECTOR('',#10742,6.5);
#2722=VECTOR('',#10745,14.1);
#2723=VECTOR('',#10748,6.5);
#2724=VECTOR('',#10751,14.1);
#2725=VECTOR('',#10756,2.);
#2726=VECTOR('',#10759,2.);
#2727=VECTOR('',#10762,29.);
#2728=VECTOR('',#10763,2.);
#2729=VECTOR('',#10768,2.);
#2730=VECTOR('',#10771,142.);
#2731=VECTOR('',#10772,2.);
#2732=VECTOR('',#10777,2.);
#2733=VECTOR('',#10780,29.);
#2734=VECTOR('',#10781,2.);
#2735=VECTOR('',#10786,2.);
#2736=VECTOR('',#10789,142.);
#2737=VECTOR('',#10812,9.);
#2738=VECTOR('',#10815,6.36396103067857);
#2739=VECTOR('',#10818,6.36396103067857);
#2740=VECTOR('',#10823,6.36396103067857);
#2741=VECTOR('',#10826,6.36396103067857);
#2742=VECTOR('',#10829,9.);
#2743=VECTOR('',#10832,6.36396103067857);
#2744=VECTOR('',#10835,6.36396103067902);
#2745=VECTOR('',#10838,9.);
#2746=VECTOR('',#10839,9.);
#2747=VECTOR('',#10842,6.36396103067902);
#2748=VECTOR('',#10845,6.36396103067902);
#2749=VECTOR('',#10850,20.00000001802);
#2750=VECTOR('',#10853,20.00000001802);
#2751=VECTOR('',#10856,20.00000001802);
#2752=VECTOR('',#10859,20.00000001802);
#2753=VECTOR('',#10860,14.1);
#2754=VECTOR('',#10863,6.5);
#2755=VECTOR('',#10866,14.1);
#2756=VECTOR('',#10869,6.5);
#2757=VECTOR('',#10874,1.5);
#2758=VECTOR('',#10877,1.5);
#2759=VECTOR('',#10880,1.5);
#2760=VECTOR('',#10883,1.5);
#2761=VECTOR('',#10886,1.5);
#2762=VECTOR('',#10889,1.5);
#2763=VECTOR('',#10892,1.5);
#2764=VECTOR('',#10895,1.5);
#2765=VECTOR('',#10898,1.1);
#2766=VECTOR('',#10901,1.1);
#2767=VECTOR('',#10904,2.);
#2768=VECTOR('',#10905,2.);
#2769=VECTOR('',#10908,2.);
#2770=VECTOR('',#10911,2.);
#2771=VECTOR('',#10914,2.);
#2772=VECTOR('',#10917,2.);
#2773=VECTOR('',#10922,2.);
#2774=VECTOR('',#10923,2.);
#2775=VECTOR('',#10926,2.);
#2776=VECTOR('',#10929,2.);
#2777=VECTOR('',#10932,2.);
#2778=VECTOR('',#10935,2.);
#2779=VECTOR('',#10940,2.);
#2780=VECTOR('',#10941,2.);
#2781=VECTOR('',#10944,2.);
#2782=VECTOR('',#10947,2.);
#2783=VECTOR('',#10950,2.);
#2784=VECTOR('',#10953,2.);
#2785=VECTOR('',#10958,2.);
#2786=VECTOR('',#10959,2.);
#2787=VECTOR('',#10962,2.);
#2788=VECTOR('',#10965,2.);
#2789=VECTOR('',#10968,2.);
#2790=VECTOR('',#10971,2.);
#2791=VECTOR('',#10976,0.989949493651034);
#2792=VECTOR('',#10979,0.989949492742534);
#2793=VECTOR('',#10982,20.00000000867);
#2794=VECTOR('',#10983,0.989949493651034);
#2795=VECTOR('',#10988,0.989949492742534);
#2796=VECTOR('',#10991,20.00000000867);
#2797=VECTOR('',#10994,20.00000000867);
#2798=VECTOR('',#10995,0.5999999999868);
#2799=VECTOR('',#10996,0.5999999987971);
#2800=VECTOR('',#10999,0.989949493651034);
#2801=VECTOR('',#11000,0.989949492742534);
#2802=VECTOR('',#11005,0.989949493651034);
#2803=VECTOR('',#11008,20.00000000867);
#2804=VECTOR('',#11009,0.989949492742534);
#2805=VECTOR('',#11016,0.5999999987971);
#2806=VECTOR('',#11019,0.5999999999868);
#2807=VECTOR('',#11024,0.989949493651034);
#2808=VECTOR('',#11027,0.989949492742534);
#2809=VECTOR('',#11030,20.00000000867);
#2810=VECTOR('',#11031,0.989949493651034);
#2811=VECTOR('',#11036,0.989949492742534);
#2812=VECTOR('',#11039,20.00000000867);
#2813=VECTOR('',#11042,20.00000000867);
#2814=VECTOR('',#11043,0.5999999999868);
#2815=VECTOR('',#11044,0.5999999987971);
#2816=VECTOR('',#11047,0.989949493651034);
#2817=VECTOR('',#11048,0.989949492742534);
#2818=VECTOR('',#11053,0.989949493651034);
#2819=VECTOR('',#11056,20.00000000867);
#2820=VECTOR('',#11057,0.989949492742534);
#2821=VECTOR('',#11064,0.5999999987971);
#2822=VECTOR('',#11067,0.5999999999868);
#2823=VECTOR('',#11072,2.);
#2824=VECTOR('',#11073,2.);
#2825=VECTOR('',#11076,2.);
#2826=VECTOR('',#11079,2.);
#2827=VECTOR('',#11082,2.);
#2828=VECTOR('',#11085,2.);
#2829=VECTOR('',#11088,2.);
#2830=VECTOR('',#11091,2.);
#2831=VECTOR('',#11100,19.84313478891);
#2832=VECTOR('',#11103,19.8431347762993);
#2833=VECTOR('',#11106,35.7346399264493);
#2834=VECTOR('',#11111,11.31370848665);
#2835=VECTOR('',#11114,7.72831297521016);
#2836=VECTOR('',#11117,7.72831297291198);
#2837=VECTOR('',#11120,11.31370848579);
#2838=VECTOR('',#11125,35.7346399100612);
#2839=VECTOR('',#11144,4.);
#2840=VECTOR('',#11153,11.31370848579);
#2841=VECTOR('',#11156,7.72831297291198);
#2842=VECTOR('',#11159,7.72831297521016);
#2843=VECTOR('',#11162,11.31370848665);
#2844=VECTOR('',#11167,35.7346399264493);
#2845=VECTOR('',#11170,19.8431347762993);
#2846=VECTOR('',#11173,19.84313478891);
#2847=VECTOR('',#11176,35.7346399100612);
#2848=VECTOR('',#11193,2.25);
#2849=VECTOR('',#11196,1.5);
#2850=VECTOR('',#11199,1.5);
#2851=VECTOR('',#11202,1.5);
#2852=VECTOR('',#11205,1.5);
#2853=VECTOR('',#11208,1.5);
#2854=VECTOR('',#11211,1.5);
#2855=VECTOR('',#11214,1.13137084973993);
#2856=VECTOR('',#11217,1.13137084983701);
#2857=VECTOR('',#11222,1.13137084993192);
#2858=VECTOR('',#11225,11.31370848668);
#2859=VECTOR('',#11226,1.13137084992392);
#2860=VECTOR('',#11231,1.13137084993396);
#2861=VECTOR('',#11234,7.72831297602069);
#2862=VECTOR('',#11235,1.13137084999094);
#2863=VECTOR('',#11240,1.13137085003794);
#2864=VECTOR('',#11243,7.72831297793307);
#2865=VECTOR('',#11244,1.13137084992398);
#2866=VECTOR('',#11249,1.13137084993392);
#2867=VECTOR('',#11252,11.31370848748);
#2868=VECTOR('',#11253,1.13137084992192);
#2869=VECTOR('',#11258,1.13137084977297);
#2870=VECTOR('',#11263,1.13137084981295);
#2871=VECTOR('',#11266,35.7346399442309);
#2872=VECTOR('',#11267,1.13137084989893);
#2873=VECTOR('',#11272,1.13137084989893);
#2874=VECTOR('',#11275,19.8431347812809);
#2875=VECTOR('',#11276,1.13137085008193);
#2876=VECTOR('',#11281,1.13137085017294);
#2877=VECTOR('',#11284,19.8431347927796);
#2878=VECTOR('',#11285,1.13137084989896);
#2879=VECTOR('',#11290,1.13137084989897);
#2880=VECTOR('',#11293,35.7346399323107);
#2881=VECTOR('',#11296,4.4);
#2882=VECTOR('',#11297,35.7346399323107);
#2883=VECTOR('',#11298,4.399999999402);
#2884=VECTOR('',#11303,4.400000000135);
#2885=VECTOR('',#11308,4.40000000065);
#2886=VECTOR('',#11311,11.31370848668);
#2887=VECTOR('',#11312,4.400000000506);
#2888=VECTOR('',#11317,4.400000000694);
#2889=VECTOR('',#11320,7.72831297602069);
#2890=VECTOR('',#11321,4.400000001095);
#2891=VECTOR('',#11326,4.400000001641);
#2892=VECTOR('',#11329,7.72831297793307);
#2893=VECTOR('',#11330,4.400000000506);
#2894=VECTOR('',#11335,4.400000000694);
#2895=VECTOR('',#11338,11.31370848748);
#2896=VECTOR('',#11339,4.400000000455);
#2897=VECTOR('',#11344,4.400000000052);
#2898=VECTOR('',#11349,4.399999999679);
#2899=VECTOR('',#11352,35.7346399442309);
#2900=VECTOR('',#11353,4.400000000001);
#2901=VECTOR('',#11358,4.400000000001);
#2902=VECTOR('',#11361,19.8431347812809);
#2903=VECTOR('',#11362,4.40000000269);
#2904=VECTOR('',#11367,4.400000004033);
#2905=VECTOR('',#11370,19.8431347927796);
#2906=VECTOR('',#11371,4.4);
#2907=VECTOR('',#11378,1.13137084989897);
#2908=VECTOR('',#11379,1.13137084989897);
#2909=VECTOR('',#11382,1.13137085017294);
#2910=VECTOR('',#11385,1.13137085008193);
#2911=VECTOR('',#11388,1.13137084989893);
#2912=VECTOR('',#11391,1.13137084989893);
#2913=VECTOR('',#11394,1.13137084981295);
#2914=VECTOR('',#11397,1.13137084977297);
#2915=VECTOR('',#11400,1.13137084992192);
#2916=VECTOR('',#11403,1.13137084993392);
#2917=VECTOR('',#11406,1.13137084992398);
#2918=VECTOR('',#11409,1.13137085003794);
#2919=VECTOR('',#11412,1.13137084999094);
#2920=VECTOR('',#11415,1.13137084993396);
#2921=VECTOR('',#11418,1.13137084992392);
#2922=VECTOR('',#11421,1.13137084993192);
#2923=VECTOR('',#11424,1.13137084983701);
#2924=VECTOR('',#11427,1.13137084973993);
#2925=VECTOR('',#11436,23.86943649904);
#2926=VECTOR('',#11439,23.8694364893191);
#2927=VECTOR('',#11442,48.7941715082711);
#2928=VECTOR('',#11447,11.31370848665);
#2929=VECTOR('',#11450,7.72831297521016);
#2930=VECTOR('',#11453,7.72831297291198);
#2931=VECTOR('',#11456,11.31370848579);
#2932=VECTOR('',#11461,48.7941714933124);
#2933=VECTOR('',#11480,4.);
#2934=VECTOR('',#11489,11.31370848579);
#2935=VECTOR('',#11492,7.72831297291198);
#2936=VECTOR('',#11495,7.72831297521016);
#2937=VECTOR('',#11498,11.31370848665);
#2938=VECTOR('',#11503,48.7941715082711);
#2939=VECTOR('',#11506,23.8694364893191);
#2940=VECTOR('',#11509,23.86943649904);
#2941=VECTOR('',#11512,48.7941714933124);
#2942=VECTOR('',#11529,2.25);
#2943=VECTOR('',#11532,1.5);
#2944=VECTOR('',#11535,1.5);
#2945=VECTOR('',#11538,1.5);
#2946=VECTOR('',#11541,1.5);
#2947=VECTOR('',#11544,1.5);
#2948=VECTOR('',#11547,1.5);
#2949=VECTOR('',#11550,1.13137084975195);
#2950=VECTOR('',#11553,1.131370849843);
#2951=VECTOR('',#11558,1.13137084993192);
#2952=VECTOR('',#11561,11.31370848668);
#2953=VECTOR('',#11562,1.13137084992392);
#2954=VECTOR('',#11567,1.13137084993396);
#2955=VECTOR('',#11570,7.72831297602069);
#2956=VECTOR('',#11571,1.13137084999094);
#2957=VECTOR('',#11576,1.13137085003794);
#2958=VECTOR('',#11579,7.72831297793307);
#2959=VECTOR('',#11580,1.13137084992398);
#2960=VECTOR('',#11585,1.13137084993392);
#2961=VECTOR('',#11588,11.31370848748);
#2962=VECTOR('',#11589,1.13137084992192);
#2963=VECTOR('',#11594,1.13137084978593);
#2964=VECTOR('',#11599,1.13137084981995);
#2965=VECTOR('',#11602,48.7941715246222);
#2966=VECTOR('',#11603,1.13137084989894);
#2967=VECTOR('',#11608,1.13137084989899);
#2968=VECTOR('',#11611,23.8694364924099);
#2969=VECTOR('',#11612,1.13137085001696);
#2970=VECTOR('',#11617,1.13137085007194);
#2971=VECTOR('',#11620,23.8694365012791);
#2972=VECTOR('',#11621,1.13137084989799);
#2973=VECTOR('',#11626,1.13137084989795);
#2974=VECTOR('',#11629,48.7941715137496);
#2975=VECTOR('',#11632,4.4);
#2976=VECTOR('',#11633,48.7941715137496);
#2977=VECTOR('',#11634,4.39999999945);
#2978=VECTOR('',#11639,4.40000000016);
#2979=VECTOR('',#11644,4.40000000065);
#2980=VECTOR('',#11647,11.31370848668);
#2981=VECTOR('',#11648,4.400000000506);
#2982=VECTOR('',#11653,4.400000000694);
#2983=VECTOR('',#11656,7.72831297602069);
#2984=VECTOR('',#11657,4.400000001095);
#2985=VECTOR('',#11662,4.400000001641);
#2986=VECTOR('',#11665,7.72831297793307);
#2987=VECTOR('',#11666,4.400000000506);
#2988=VECTOR('',#11671,4.400000000694);
#2989=VECTOR('',#11674,11.31370848748);
#2990=VECTOR('',#11675,4.400000000455);
#2991=VECTOR('',#11680,4.4000000001);
#2992=VECTOR('',#11685,4.399999999704);
#2993=VECTOR('',#11688,48.7941715246222);
#2994=VECTOR('',#11689,4.4);
#2995=VECTOR('',#11694,4.4);
#2996=VECTOR('',#11697,23.8694364924099);
#2997=VECTOR('',#11698,4.400000001739);
#2998=VECTOR('',#11703,4.40000000255);
#2999=VECTOR('',#11706,23.8694365012791);
#3000=VECTOR('',#11707,4.4);
#3001=VECTOR('',#11714,1.13137084989795);
#3002=VECTOR('',#11715,1.13137084989799);
#3003=VECTOR('',#11718,1.13137085007194);
#3004=VECTOR('',#11721,1.13137085001696);
#3005=VECTOR('',#11724,1.13137084989899);
#3006=VECTOR('',#11727,1.13137084989894);
#3007=VECTOR('',#11730,1.13137084981995);
#3008=VECTOR('',#11733,1.13137084978593);
#3009=VECTOR('',#11736,1.13137084992192);
#3010=VECTOR('',#11739,1.13137084993392);
#3011=VECTOR('',#11742,1.13137084992398);
#3012=VECTOR('',#11745,1.13137085003794);
#3013=VECTOR('',#11748,1.13137084999094);
#3014=VECTOR('',#11751,1.13137084993396);
#3015=VECTOR('',#11754,1.13137084992392);
#3016=VECTOR('',#11757,1.13137084993192);
#3017=VECTOR('',#11760,1.131370849843);
#3018=VECTOR('',#11763,1.13137084975195);
#3019=VECTOR('',#11776,1.45);
#3020=VECTOR('',#11785,3.);
#3021=VECTOR('',#11790,2.7);
#3022=VECTOR('',#11795,2.4);
#3023=VECTOR('',#11804,2.7);
#3024=VECTOR('',#11809,3.);
#3025=CIRCLE('',#8383,3.);
#3026=CIRCLE('',#8384,12.);
#3027=CIRCLE('',#8385,7.);
#3028=CIRCLE('',#8386,10.);
#3029=CIRCLE('',#8387,10.);
#3030=CIRCLE('',#8388,7.);
#3031=CIRCLE('',#8389,8.);
#3032=CIRCLE('',#8390,3.);
#3033=CIRCLE('',#8391,3.);
#3034=CIRCLE('',#8392,8.);
#3035=CIRCLE('',#8393,7.);
#3036=CIRCLE('',#8394,10.);
#3037=CIRCLE('',#8395,10.);
#3038=CIRCLE('',#8396,7.);
#3039=CIRCLE('',#8397,12.);
#3040=CIRCLE('',#8398,3.);
#3041=CIRCLE('',#8399,1.5);
#3042=CIRCLE('',#8400,1.5);
#3043=CIRCLE('',#8401,1.5);
#3044=CIRCLE('',#8402,1.5);
#3045=CIRCLE('',#8403,1.5);
#3046=CIRCLE('',#8404,1.5);
#3047=CIRCLE('',#8405,1.5);
#3048=CIRCLE('',#8406,1.5);
#3049=CIRCLE('',#8407,1.5);
#3050=CIRCLE('',#8408,1.5);
#3051=CIRCLE('',#8409,1.5);
#3052=CIRCLE('',#8410,2.25);
#3053=CIRCLE('',#8411,2.25);
#3054=CIRCLE('',#8412,2.25);
#3055=CIRCLE('',#8413,0.85);
#3056=CIRCLE('',#8414,0.85);
#3057=CIRCLE('',#8415,0.85);
#3058=CIRCLE('',#8416,0.85);
#3059=CIRCLE('',#8417,2.25);
#3060=CIRCLE('',#8418,1.5);
#3061=CIRCLE('',#8419,1.);
#3062=CIRCLE('',#8420,1.);
#3063=CIRCLE('',#8421,1.);
#3064=CIRCLE('',#8422,1.);
#3065=CIRCLE('',#8423,1.);
#3066=CIRCLE('',#8424,1.);
#3067=CIRCLE('',#8425,1.);
#3068=CIRCLE('',#8426,1.);
#3069=CIRCLE('',#8427,1.);
#3070=CIRCLE('',#8428,1.);
#3071=CIRCLE('',#8429,1.);
#3072=CIRCLE('',#8430,1.);
#3073=CIRCLE('',#8431,1.);
#3074=CIRCLE('',#8432,1.);
#3075=CIRCLE('',#8433,0.8);
#3076=CIRCLE('',#8434,0.8);
#3077=CIRCLE('',#8435,0.8);
#3078=CIRCLE('',#8436,0.8);
#3079=CIRCLE('',#8437,0.8);
#3080=CIRCLE('',#8438,0.8);
#3081=CIRCLE('',#8439,0.8);
#3082=CIRCLE('',#8440,0.8);
#3083=CIRCLE('',#8441,2.2);
#3084=CIRCLE('',#8442,2.2);
#3085=CIRCLE('',#8443,2.2);
#3086=CIRCLE('',#8444,2.2);
#3087=CIRCLE('',#8445,2.2);
#3088=CIRCLE('',#8446,2.2);
#3089=CIRCLE('',#8447,2.2);
#3090=CIRCLE('',#8448,2.2);
#3091=CIRCLE('',#8449,2.2);
#3092=CIRCLE('',#8450,2.2);
#3093=CIRCLE('',#8451,2.2);
#3094=CIRCLE('',#8452,2.2);
#3095=CIRCLE('',#8454,1.5);
#3096=CIRCLE('',#8456,3.);
#3097=CIRCLE('',#8457,3.);
#3098=CIRCLE('',#8458,12.);
#3099=CIRCLE('',#8459,7.);
#3100=CIRCLE('',#8460,10.);
#3101=CIRCLE('',#8461,10.);
#3102=CIRCLE('',#8462,7.);
#3103=CIRCLE('',#8463,8.);
#3104=CIRCLE('',#8464,3.);
#3105=CIRCLE('',#8465,3.);
#3106=CIRCLE('',#8466,8.);
#3107=CIRCLE('',#8467,7.);
#3108=CIRCLE('',#8468,10.);
#3109=CIRCLE('',#8469,10.);
#3110=CIRCLE('',#8470,7.);
#3111=CIRCLE('',#8471,12.);
#3112=CIRCLE('',#8472,1.5);
#3113=CIRCLE('',#8473,1.5);
#3114=CIRCLE('',#8474,1.5);
#3115=CIRCLE('',#8475,1.5);
#3116=CIRCLE('',#8476,1.5);
#3117=CIRCLE('',#8477,1.5);
#3118=CIRCLE('',#8478,1.5);
#3119=CIRCLE('',#8479,1.5);
#3120=CIRCLE('',#8480,1.5);
#3121=CIRCLE('',#8481,1.5);
#3122=CIRCLE('',#8482,1.5);
#3123=CIRCLE('',#8483,2.25);
#3124=CIRCLE('',#8484,2.25);
#3125=CIRCLE('',#8485,2.25);
#3126=CIRCLE('',#8486,0.85);
#3127=CIRCLE('',#8487,0.85);
#3128=CIRCLE('',#8488,0.85);
#3129=CIRCLE('',#8489,0.85);
#3130=CIRCLE('',#8490,2.25);
#3131=CIRCLE('',#8491,1.);
#3132=CIRCLE('',#8492,1.);
#3133=CIRCLE('',#8493,1.);
#3134=CIRCLE('',#8494,1.);
#3135=CIRCLE('',#8495,1.);
#3136=CIRCLE('',#8496,1.);
#3137=CIRCLE('',#8497,1.);
#3138=CIRCLE('',#8498,1.);
#3139=CIRCLE('',#8499,1.);
#3140=CIRCLE('',#8500,1.);
#3141=CIRCLE('',#8501,1.);
#3142=CIRCLE('',#8502,1.);
#3143=CIRCLE('',#8503,1.);
#3144=CIRCLE('',#8504,1.);
#3145=CIRCLE('',#8505,1.5);
#3146=CIRCLE('',#8506,1.5);
#3147=CIRCLE('',#8507,1.5);
#3148=CIRCLE('',#8508,1.5);
#3149=CIRCLE('',#8509,0.8);
#3150=CIRCLE('',#8510,0.8);
#3151=CIRCLE('',#8511,0.8);
#3152=CIRCLE('',#8512,0.8);
#3153=CIRCLE('',#8513,0.8);
#3154=CIRCLE('',#8514,0.8);
#3155=CIRCLE('',#8515,0.8);
#3156=CIRCLE('',#8516,0.8);
#3157=CIRCLE('',#8517,2.2);
#3158=CIRCLE('',#8518,2.2);
#3159=CIRCLE('',#8519,2.2);
#3160=CIRCLE('',#8520,2.2);
#3161=CIRCLE('',#8521,2.2);
#3162=CIRCLE('',#8522,2.2);
#3163=CIRCLE('',#8523,2.2);
#3164=CIRCLE('',#8524,2.2);
#3165=CIRCLE('',#8603,1.5);
#3166=CIRCLE('',#8606,1.5);
#3167=CIRCLE('',#8609,1.5);
#3168=CIRCLE('',#8612,1.5);
#3169=CIRCLE('',#8637,1.5);
#3170=CIRCLE('',#8640,1.5);
#3171=CIRCLE('',#8643,1.5);
#3172=CIRCLE('',#8646,1.5);
#3173=CIRCLE('',#8651,1.5);
#3174=CIRCLE('',#8654,1.5);
#3175=CIRCLE('',#8657,1.5);
#3176=CIRCLE('',#8660,1.5);
#3177=CIRCLE('',#8669,1.5);
#3178=CIRCLE('',#8672,1.5);
#3179=CIRCLE('',#8675,1.5);
#3180=CIRCLE('',#8678,1.5);
#3181=CIRCLE('',#8682,1.5);
#3182=CIRCLE('',#8685,1.5);
#3183=CIRCLE('',#8688,1.5);
#3184=CIRCLE('',#8691,1.5);
#3185=CIRCLE('',#8702,7.);
#3186=CIRCLE('',#8703,101.2298290584);
#3187=CIRCLE('',#8704,7.);
#3188=CIRCLE('',#8705,10.);
#3189=CIRCLE('',#8706,10.);
#3190=CIRCLE('',#8707,7.);
#3191=CIRCLE('',#8708,50.01832816874);
#3192=CIRCLE('',#8709,7.);
#3193=CIRCLE('',#8710,10.);
#3194=CIRCLE('',#8711,10.);
#3195=CIRCLE('',#8712,1.5);
#3196=CIRCLE('',#8713,1.5);
#3197=CIRCLE('',#8714,1.5);
#3198=CIRCLE('',#8715,1.5);
#3199=CIRCLE('',#8716,1.5);
#3200=CIRCLE('',#8717,1.5);
#3201=CIRCLE('',#8718,1.5);
#3202=CIRCLE('',#8719,1.5);
#3203=CIRCLE('',#8720,1.5);
#3204=CIRCLE('',#8721,1.5);
#3205=CIRCLE('',#8722,1.5);
#3206=CIRCLE('',#8723,1.5);
#3207=CIRCLE('',#8724,1.5);
#3208=CIRCLE('',#8725,1.5);
#3209=CIRCLE('',#8726,1.5);
#3210=CIRCLE('',#8727,1.5);
#3211=CIRCLE('',#8728,1.5);
#3212=CIRCLE('',#8729,1.5);
#3213=CIRCLE('',#8730,1.5);
#3214=CIRCLE('',#8731,1.5);
#3215=CIRCLE('',#8732,1.5);
#3216=CIRCLE('',#8733,1.5);
#3217=CIRCLE('',#8734,1.5);
#3218=CIRCLE('',#8735,1.5);
#3219=CIRCLE('',#8736,1.5);
#3220=CIRCLE('',#8737,1.5);
#3221=CIRCLE('',#8739,1.5);
#3222=CIRCLE('',#8741,7.);
#3223=CIRCLE('',#8742,10.);
#3224=CIRCLE('',#8743,10.);
#3225=CIRCLE('',#8744,7.);
#3226=CIRCLE('',#8745,50.01832816874);
#3227=CIRCLE('',#8746,7.);
#3228=CIRCLE('',#8747,10.);
#3229=CIRCLE('',#8748,10.);
#3230=CIRCLE('',#8749,7.);
#3231=CIRCLE('',#8750,101.2298290584);
#3232=CIRCLE('',#8751,1.5);
#3233=CIRCLE('',#8752,1.5);
#3234=CIRCLE('',#8753,1.5);
#3235=CIRCLE('',#8754,1.5);
#3236=CIRCLE('',#8755,1.5);
#3237=CIRCLE('',#8756,1.5);
#3238=CIRCLE('',#8757,1.5);
#3239=CIRCLE('',#8758,1.5);
#3240=CIRCLE('',#8759,1.5);
#3241=CIRCLE('',#8760,1.5);
#3242=CIRCLE('',#8761,1.5);
#3243=CIRCLE('',#8762,1.5);
#3244=CIRCLE('',#8763,1.5);
#3245=CIRCLE('',#8764,0.5);
#3246=CIRCLE('',#8765,2.5);
#3247=CIRCLE('',#8766,2.5);
#3248=CIRCLE('',#8767,0.5);
#3249=CIRCLE('',#8768,2.5);
#3250=CIRCLE('',#8769,2.5);
#3251=CIRCLE('',#8770,0.5);
#3252=CIRCLE('',#8771,2.5);
#3253=CIRCLE('',#8772,2.5);
#3254=CIRCLE('',#8773,0.5);
#3255=CIRCLE('',#8774,2.5);
#3256=CIRCLE('',#8775,2.5);
#3257=CIRCLE('',#8806,1.5);
#3258=CIRCLE('',#8809,1.5);
#3259=CIRCLE('',#8812,1.5);
#3260=CIRCLE('',#8815,1.5);
#3261=CIRCLE('',#8818,1.5);
#3262=CIRCLE('',#8821,1.5);
#3263=CIRCLE('',#8824,1.5);
#3264=CIRCLE('',#8827,1.5);
#3265=CIRCLE('',#8830,1.5);
#3266=CIRCLE('',#8833,1.5);
#3267=CIRCLE('',#8836,1.5);
#3268=CIRCLE('',#8839,1.5);
#3269=CIRCLE('',#8867,3.);
#3270=CIRCLE('',#8868,3.);
#3271=CIRCLE('',#8869,3.);
#3272=CIRCLE('',#8870,3.);
#3273=CIRCLE('',#8871,1.5);
#3274=CIRCLE('',#8872,1.5);
#3275=CIRCLE('',#8873,1.5);
#3276=CIRCLE('',#8874,1.5);
#3277=CIRCLE('',#8875,1.5);
#3278=CIRCLE('',#8876,1.5);
#3279=CIRCLE('',#8877,1.5);
#3280=CIRCLE('',#8878,1.5);
#3281=CIRCLE('',#8879,1.1);
#3282=CIRCLE('',#8880,1.1);
#3283=CIRCLE('',#8881,1.5);
#3284=CIRCLE('',#8882,1.5);
#3285=CIRCLE('',#8883,1.5);
#3286=CIRCLE('',#8884,1.5);
#3287=CIRCLE('',#8885,1.5);
#3288=CIRCLE('',#8886,1.5);
#3289=CIRCLE('',#8887,1.5);
#3290=CIRCLE('',#8888,1.5);
#3291=CIRCLE('',#8889,1.5);
#3292=CIRCLE('',#8890,1.5);
#3293=CIRCLE('',#8891,1.5);
#3294=CIRCLE('',#8892,1.5);
#3295=CIRCLE('',#8893,1.95);
#3296=CIRCLE('',#8894,1.95);
#3297=CIRCLE('',#8895,1.95);
#3298=CIRCLE('',#8896,1.95);
#3299=CIRCLE('',#8897,1.);
#3300=CIRCLE('',#8898,1.);
#3301=CIRCLE('',#8899,1.);
#3302=CIRCLE('',#8900,1.);
#3303=CIRCLE('',#8902,3.);
#3304=CIRCLE('',#8905,3.);
#3305=CIRCLE('',#8908,3.);
#3306=CIRCLE('',#8911,3.);
#3307=CIRCLE('',#8914,1.5);
#3308=CIRCLE('',#8915,1.5);
#3309=CIRCLE('',#8916,1.5);
#3310=CIRCLE('',#8917,1.5);
#3311=CIRCLE('',#8918,1.5);
#3312=CIRCLE('',#8919,1.5);
#3313=CIRCLE('',#8920,1.5);
#3314=CIRCLE('',#8921,1.5);
#3315=CIRCLE('',#8922,1.1);
#3316=CIRCLE('',#8923,1.1);
#3317=CIRCLE('',#8924,1.5);
#3318=CIRCLE('',#8925,1.5);
#3319=CIRCLE('',#8926,1.5);
#3320=CIRCLE('',#8927,1.5);
#3321=CIRCLE('',#8928,1.5);
#3322=CIRCLE('',#8929,1.5);
#3323=CIRCLE('',#8930,1.5);
#3324=CIRCLE('',#8931,1.5);
#3325=CIRCLE('',#8932,1.5);
#3326=CIRCLE('',#8933,1.5);
#3327=CIRCLE('',#8934,1.5);
#3328=CIRCLE('',#8935,1.5);
#3329=CIRCLE('',#8936,1.95);
#3330=CIRCLE('',#8937,1.95);
#3331=CIRCLE('',#8938,1.95);
#3332=CIRCLE('',#8939,1.95);
#3333=CIRCLE('',#8940,1.);
#3334=CIRCLE('',#8941,1.);
#3335=CIRCLE('',#8942,1.);
#3336=CIRCLE('',#8943,1.);
#3337=CIRCLE('',#8979,1.25);
#3338=CIRCLE('',#8982,1.25);
#3339=CIRCLE('',#8987,1.25);
#3340=CIRCLE('',#8990,1.25);
#3341=CIRCLE('',#8995,1.25);
#3342=CIRCLE('',#8998,1.25);
#3343=CIRCLE('',#9003,1.25);
#3344=CIRCLE('',#9006,1.25);
#3345=CIRCLE('',#9020,6.2);
#3346=CIRCLE('',#9021,3.7);
#3347=CIRCLE('',#9022,6.2);
#3348=CIRCLE('',#9023,25.8);
#3349=CIRCLE('',#9024,3.293145750508);
#3350=CIRCLE('',#9025,3.293145750508);
#3351=CIRCLE('',#9026,4.2);
#3352=CIRCLE('',#9027,3.293145750508);
#3353=CIRCLE('',#9028,3.293145750508);
#3354=CIRCLE('',#9029,25.8);
#3355=CIRCLE('',#9030,2.25);
#3356=CIRCLE('',#9031,1.5);
#3357=CIRCLE('',#9032,1.5);
#3358=CIRCLE('',#9033,1.5);
#3359=CIRCLE('',#9034,1.5);
#3360=CIRCLE('',#9035,1.5);
#3361=CIRCLE('',#9036,1.5);
#3362=CIRCLE('',#9037,4.);
#3363=CIRCLE('',#9039,4.);
#3364=CIRCLE('',#9041,25.8);
#3365=CIRCLE('',#9042,3.293145750508);
#3366=CIRCLE('',#9043,3.293145750508);
#3367=CIRCLE('',#9044,4.2);
#3368=CIRCLE('',#9045,3.293145750508);
#3369=CIRCLE('',#9046,3.293145750508);
#3370=CIRCLE('',#9047,25.8);
#3371=CIRCLE('',#9048,6.2);
#3372=CIRCLE('',#9049,3.7);
#3373=CIRCLE('',#9050,6.2);
#3374=CIRCLE('',#9051,2.25);
#3375=CIRCLE('',#9052,1.5);
#3376=CIRCLE('',#9053,1.5);
#3377=CIRCLE('',#9054,1.5);
#3378=CIRCLE('',#9055,1.5);
#3379=CIRCLE('',#9056,1.5);
#3380=CIRCLE('',#9057,1.5);
#3381=CIRCLE('',#9066,25.);
#3382=CIRCLE('',#9068,4.093145750508);
#3383=CIRCLE('',#9071,4.093145750508);
#3384=CIRCLE('',#9074,5.);
#3385=CIRCLE('',#9077,4.093145750508);
#3386=CIRCLE('',#9080,4.093145750508);
#3387=CIRCLE('',#9082,25.);
#3388=CIRCLE('',#9085,7.);
#3389=CIRCLE('',#9088,4.5);
#3390=CIRCLE('',#9091,7.);
#3391=CIRCLE('',#9095,25.);
#3392=CIRCLE('',#9097,4.093145750508);
#3393=CIRCLE('',#9100,4.093145750508);
#3394=CIRCLE('',#9103,5.);
#3395=CIRCLE('',#9106,4.093145750508);
#3396=CIRCLE('',#9109,4.093145750508);
#3397=CIRCLE('',#9111,25.);
#3398=CIRCLE('',#9114,7.);
#3399=CIRCLE('',#9117,4.5);
#3400=CIRCLE('',#9120,7.);
#3401=CIRCLE('',#9141,6.200000000001);
#3402=CIRCLE('',#9142,3.7);
#3403=CIRCLE('',#9143,6.2);
#3404=CIRCLE('',#9144,25.8);
#3405=CIRCLE('',#9145,3.293145750508);
#3406=CIRCLE('',#9146,3.293145750508);
#3407=CIRCLE('',#9147,4.2);
#3408=CIRCLE('',#9148,3.293145750508);
#3409=CIRCLE('',#9149,3.293145750508);
#3410=CIRCLE('',#9150,25.8);
#3411=CIRCLE('',#9151,2.25);
#3412=CIRCLE('',#9152,1.5);
#3413=CIRCLE('',#9153,1.5);
#3414=CIRCLE('',#9154,1.5);
#3415=CIRCLE('',#9155,1.5);
#3416=CIRCLE('',#9156,1.5);
#3417=CIRCLE('',#9157,1.5);
#3418=CIRCLE('',#9158,4.);
#3419=CIRCLE('',#9160,4.);
#3420=CIRCLE('',#9162,25.8);
#3421=CIRCLE('',#9163,3.293145750508);
#3422=CIRCLE('',#9164,3.293145750508);
#3423=CIRCLE('',#9165,4.2);
#3424=CIRCLE('',#9166,3.293145750508);
#3425=CIRCLE('',#9167,3.293145750508);
#3426=CIRCLE('',#9168,25.8);
#3427=CIRCLE('',#9169,6.200000000001);
#3428=CIRCLE('',#9170,3.7);
#3429=CIRCLE('',#9171,6.200000000001);
#3430=CIRCLE('',#9172,2.25);
#3431=CIRCLE('',#9173,1.5);
#3432=CIRCLE('',#9174,1.5);
#3433=CIRCLE('',#9175,1.5);
#3434=CIRCLE('',#9176,1.5);
#3435=CIRCLE('',#9177,1.5);
#3436=CIRCLE('',#9178,1.5);
#3437=CIRCLE('',#9187,25.);
#3438=CIRCLE('',#9189,4.093145750508);
#3439=CIRCLE('',#9192,4.093145750508);
#3440=CIRCLE('',#9195,5.);
#3441=CIRCLE('',#9198,4.093145750508);
#3442=CIRCLE('',#9201,4.093145750508);
#3443=CIRCLE('',#9203,25.);
#3444=CIRCLE('',#9206,7.);
#3445=CIRCLE('',#9209,4.5);
#3446=CIRCLE('',#9212,7.);
#3447=CIRCLE('',#9216,25.);
#3448=CIRCLE('',#9218,4.093145750508);
#3449=CIRCLE('',#9221,4.093145750508);
#3450=CIRCLE('',#9224,5.);
#3451=CIRCLE('',#9227,4.093145750508);
#3452=CIRCLE('',#9230,4.093145750508);
#3453=CIRCLE('',#9232,25.);
#3454=CIRCLE('',#9235,7.);
#3455=CIRCLE('',#9238,4.5);
#3456=CIRCLE('',#9241,7.);
#3457=CIRCLE('',#9262,3.);
#3458=CIRCLE('',#9263,1.45);
#3459=CIRCLE('',#9265,1.45);
#3460=CIRCLE('',#9267,3.);
#3461=CIRCLE('',#9269,3.);
#3462=CIRCLE('',#9271,2.4);
#3463=CIRCLE('',#9273,2.4);
#3464=CIRCLE('',#9274,2.4);
#3465=CIRCLE('',#9276,3.);
#3466=CIRCLE('',#9277,3.);
#3467=VERTEX_POINT('',#11843);
#3468=VERTEX_POINT('',#11844);
#3469=VERTEX_POINT('',#11846);
#3470=VERTEX_POINT('',#11848);
#3471=VERTEX_POINT('',#11850);
#3472=VERTEX_POINT('',#11852);
#3473=VERTEX_POINT('',#11854);
#3474=VERTEX_POINT('',#11856);
#3475=VERTEX_POINT('',#11858);
#3476=VERTEX_POINT('',#11860);
#3477=VERTEX_POINT('',#11862);
#3478=VERTEX_POINT('',#11864);
#3479=VERTEX_POINT('',#11866);
#3480=VERTEX_POINT('',#11868);
#3481=VERTEX_POINT('',#11870);
#3482=VERTEX_POINT('',#11872);
#3483=VERTEX_POINT('',#11874);
#3484=VERTEX_POINT('',#11876);
#3485=VERTEX_POINT('',#11878);
#3486=VERTEX_POINT('',#11880);
#3487=VERTEX_POINT('',#11882);
#3488=VERTEX_POINT('',#11884);
#3489=VERTEX_POINT('',#11886);
#3490=VERTEX_POINT('',#11888);
#3491=VERTEX_POINT('',#11890);
#3492=VERTEX_POINT('',#11892);
#3493=VERTEX_POINT('',#11894);
#3494=VERTEX_POINT('',#11896);
#3495=VERTEX_POINT('',#11899);
#3496=VERTEX_POINT('',#11901);
#3497=VERTEX_POINT('',#11903);
#3498=VERTEX_POINT('',#11905);
#3499=VERTEX_POINT('',#11907);
#3500=VERTEX_POINT('',#11909);
#3501=VERTEX_POINT('',#11911);
#3502=VERTEX_POINT('',#11913);
#3503=VERTEX_POINT('',#11915);
#3504=VERTEX_POINT('',#11917);
#3505=VERTEX_POINT('',#11919);
#3506=VERTEX_POINT('',#11921);
#3507=VERTEX_POINT('',#11923);
#3508=VERTEX_POINT('',#11925);
#3509=VERTEX_POINT('',#11927);
#3510=VERTEX_POINT('',#11929);
#3511=VERTEX_POINT('',#11931);
#3512=VERTEX_POINT('',#11933);
#3513=VERTEX_POINT('',#11935);
#3514=VERTEX_POINT('',#11937);
#3515=VERTEX_POINT('',#11939);
#3516=VERTEX_POINT('',#11940);
#3517=VERTEX_POINT('',#11942);
#3518=VERTEX_POINT('',#11944);
#3519=VERTEX_POINT('',#11947);
#3520=VERTEX_POINT('',#11948);
#3521=VERTEX_POINT('',#11950);
#3522=VERTEX_POINT('',#11952);
#3523=VERTEX_POINT('',#11955);
#3524=VERTEX_POINT('',#11956);
#3525=VERTEX_POINT('',#11958);
#3526=VERTEX_POINT('',#11960);
#3527=VERTEX_POINT('',#11963);
#3528=VERTEX_POINT('',#11964);
#3529=VERTEX_POINT('',#11966);
#3530=VERTEX_POINT('',#11968);
#3531=VERTEX_POINT('',#11971);
#3532=VERTEX_POINT('',#11972);
#3533=VERTEX_POINT('',#11974);
#3534=VERTEX_POINT('',#11976);
#3535=VERTEX_POINT('',#11979);
#3536=VERTEX_POINT('',#11980);
#3537=VERTEX_POINT('',#11982);
#3538=VERTEX_POINT('',#11984);
#3539=VERTEX_POINT('',#11987);
#3540=VERTEX_POINT('',#11988);
#3541=VERTEX_POINT('',#11990);
#3542=VERTEX_POINT('',#11992);
#3543=VERTEX_POINT('',#11995);
#3544=VERTEX_POINT('',#11996);
#3545=VERTEX_POINT('',#11998);
#3546=VERTEX_POINT('',#12000);
#3547=VERTEX_POINT('',#12003);
#3548=VERTEX_POINT('',#12004);
#3549=VERTEX_POINT('',#12006);
#3550=VERTEX_POINT('',#12008);
#3551=VERTEX_POINT('',#12011);
#3552=VERTEX_POINT('',#12012);
#3553=VERTEX_POINT('',#12014);
#3554=VERTEX_POINT('',#12016);
#3555=VERTEX_POINT('',#12019);
#3556=VERTEX_POINT('',#12020);
#3557=VERTEX_POINT('',#12022);
#3558=VERTEX_POINT('',#12024);
#3559=VERTEX_POINT('',#12027);
#3560=VERTEX_POINT('',#12028);
#3561=VERTEX_POINT('',#12030);
#3562=VERTEX_POINT('',#12032);
#3563=VERTEX_POINT('',#12034);
#3564=VERTEX_POINT('',#12036);
#3565=VERTEX_POINT('',#12038);
#3566=VERTEX_POINT('',#12040);
#3567=VERTEX_POINT('',#12043);
#3568=VERTEX_POINT('',#12044);
#3569=VERTEX_POINT('',#12046);
#3570=VERTEX_POINT('',#12048);
#3571=VERTEX_POINT('',#12050);
#3572=VERTEX_POINT('',#12052);
#3573=VERTEX_POINT('',#12054);
#3574=VERTEX_POINT('',#12056);
#3575=VERTEX_POINT('',#12059);
#3576=VERTEX_POINT('',#12060);
#3577=VERTEX_POINT('',#12062);
#3578=VERTEX_POINT('',#12064);
#3579=VERTEX_POINT('',#12066);
#3580=VERTEX_POINT('',#12068);
#3581=VERTEX_POINT('',#12070);
#3582=VERTEX_POINT('',#12072);
#3583=VERTEX_POINT('',#12076);
#3584=VERTEX_POINT('',#12080);
#3585=VERTEX_POINT('',#12081);
#3586=VERTEX_POINT('',#12083);
#3587=VERTEX_POINT('',#12085);
#3588=VERTEX_POINT('',#12087);
#3589=VERTEX_POINT('',#12089);
#3590=VERTEX_POINT('',#12091);
#3591=VERTEX_POINT('',#12093);
#3592=VERTEX_POINT('',#12095);
#3593=VERTEX_POINT('',#12097);
#3594=VERTEX_POINT('',#12099);
#3595=VERTEX_POINT('',#12101);
#3596=VERTEX_POINT('',#12103);
#3597=VERTEX_POINT('',#12105);
#3598=VERTEX_POINT('',#12107);
#3599=VERTEX_POINT('',#12109);
#3600=VERTEX_POINT('',#12111);
#3601=VERTEX_POINT('',#12113);
#3602=VERTEX_POINT('',#12115);
#3603=VERTEX_POINT('',#12117);
#3604=VERTEX_POINT('',#12119);
#3605=VERTEX_POINT('',#12121);
#3606=VERTEX_POINT('',#12123);
#3607=VERTEX_POINT('',#12125);
#3608=VERTEX_POINT('',#12127);
#3609=VERTEX_POINT('',#12129);
#3610=VERTEX_POINT('',#12131);
#3611=VERTEX_POINT('',#12133);
#3612=VERTEX_POINT('',#12136);
#3613=VERTEX_POINT('',#12138);
#3614=VERTEX_POINT('',#12140);
#3615=VERTEX_POINT('',#12142);
#3616=VERTEX_POINT('',#12144);
#3617=VERTEX_POINT('',#12146);
#3618=VERTEX_POINT('',#12148);
#3619=VERTEX_POINT('',#12150);
#3620=VERTEX_POINT('',#12152);
#3621=VERTEX_POINT('',#12154);
#3622=VERTEX_POINT('',#12156);
#3623=VERTEX_POINT('',#12158);
#3624=VERTEX_POINT('',#12160);
#3625=VERTEX_POINT('',#12162);
#3626=VERTEX_POINT('',#12164);
#3627=VERTEX_POINT('',#12166);
#3628=VERTEX_POINT('',#12168);
#3629=VERTEX_POINT('',#12170);
#3630=VERTEX_POINT('',#12172);
#3631=VERTEX_POINT('',#12174);
#3632=VERTEX_POINT('',#12175);
#3633=VERTEX_POINT('',#12177);
#3634=VERTEX_POINT('',#12179);
#3635=VERTEX_POINT('',#12182);
#3636=VERTEX_POINT('',#12183);
#3637=VERTEX_POINT('',#12185);
#3638=VERTEX_POINT('',#12187);
#3639=VERTEX_POINT('',#12190);
#3640=VERTEX_POINT('',#12191);
#3641=VERTEX_POINT('',#12193);
#3642=VERTEX_POINT('',#12195);
#3643=VERTEX_POINT('',#12198);
#3644=VERTEX_POINT('',#12199);
#3645=VERTEX_POINT('',#12201);
#3646=VERTEX_POINT('',#12203);
#3647=VERTEX_POINT('',#12206);
#3648=VERTEX_POINT('',#12207);
#3649=VERTEX_POINT('',#12209);
#3650=VERTEX_POINT('',#12211);
#3651=VERTEX_POINT('',#12214);
#3652=VERTEX_POINT('',#12215);
#3653=VERTEX_POINT('',#12217);
#3654=VERTEX_POINT('',#12219);
#3655=VERTEX_POINT('',#12222);
#3656=VERTEX_POINT('',#12223);
#3657=VERTEX_POINT('',#12225);
#3658=VERTEX_POINT('',#12227);
#3659=VERTEX_POINT('',#12230);
#3660=VERTEX_POINT('',#12231);
#3661=VERTEX_POINT('',#12233);
#3662=VERTEX_POINT('',#12235);
#3663=VERTEX_POINT('',#12237);
#3664=VERTEX_POINT('',#12239);
#3665=VERTEX_POINT('',#12241);
#3666=VERTEX_POINT('',#12243);
#3667=VERTEX_POINT('',#12246);
#3668=VERTEX_POINT('',#12247);
#3669=VERTEX_POINT('',#12249);
#3670=VERTEX_POINT('',#12251);
#3671=VERTEX_POINT('',#12254);
#3672=VERTEX_POINT('',#12255);
#3673=VERTEX_POINT('',#12257);
#3674=VERTEX_POINT('',#12259);
#3675=VERTEX_POINT('',#12262);
#3676=VERTEX_POINT('',#12263);
#3677=VERTEX_POINT('',#12265);
#3678=VERTEX_POINT('',#12267);
#3679=VERTEX_POINT('',#12270);
#3680=VERTEX_POINT('',#12271);
#3681=VERTEX_POINT('',#12273);
#3682=VERTEX_POINT('',#12275);
#3683=VERTEX_POINT('',#12278);
#3684=VERTEX_POINT('',#12279);
#3685=VERTEX_POINT('',#12281);
#3686=VERTEX_POINT('',#12283);
#3687=VERTEX_POINT('',#12285);
#3688=VERTEX_POINT('',#12287);
#3689=VERTEX_POINT('',#12289);
#3690=VERTEX_POINT('',#12291);
#3691=VERTEX_POINT('',#12294);
#3692=VERTEX_POINT('',#12295);
#3693=VERTEX_POINT('',#12297);
#3694=VERTEX_POINT('',#12299);
#3695=VERTEX_POINT('',#12301);
#3696=VERTEX_POINT('',#12303);
#3697=VERTEX_POINT('',#12305);
#3698=VERTEX_POINT('',#12307);
#3699=VERTEX_POINT('',#12461);
#3700=VERTEX_POINT('',#12462);
#3701=VERTEX_POINT('',#12470);
#3702=VERTEX_POINT('',#12474);
#3703=VERTEX_POINT('',#12478);
#3704=VERTEX_POINT('',#12482);
#3705=VERTEX_POINT('',#12486);
#3706=VERTEX_POINT('',#12490);
#3707=VERTEX_POINT('',#12541);
#3708=VERTEX_POINT('',#12543);
#3709=VERTEX_POINT('',#12547);
#3710=VERTEX_POINT('',#12551);
#3711=VERTEX_POINT('',#12555);
#3712=VERTEX_POINT('',#12559);
#3713=VERTEX_POINT('',#12563);
#3714=VERTEX_POINT('',#12567);
#3715=VERTEX_POINT('',#12573);
#3716=VERTEX_POINT('',#12574);
#3717=VERTEX_POINT('',#12582);
#3718=VERTEX_POINT('',#12586);
#3719=VERTEX_POINT('',#12590);
#3720=VERTEX_POINT('',#12594);
#3721=VERTEX_POINT('',#12598);
#3722=VERTEX_POINT('',#12602);
#3723=VERTEX_POINT('',#12621);
#3724=VERTEX_POINT('',#12623);
#3725=VERTEX_POINT('',#12627);
#3726=VERTEX_POINT('',#12631);
#3727=VERTEX_POINT('',#12635);
#3728=VERTEX_POINT('',#12639);
#3729=VERTEX_POINT('',#12643);
#3730=VERTEX_POINT('',#12647);
#3731=VERTEX_POINT('',#12653);
#3732=VERTEX_POINT('',#12655);
#3733=VERTEX_POINT('',#12659);
#3734=VERTEX_POINT('',#12663);
#3735=VERTEX_POINT('',#12667);
#3736=VERTEX_POINT('',#12671);
#3737=VERTEX_POINT('',#12675);
#3738=VERTEX_POINT('',#12679);
#3739=VERTEX_POINT('',#12702);
#3740=VERTEX_POINT('',#12703);
#3741=VERTEX_POINT('',#12705);
#3742=VERTEX_POINT('',#12707);
#3743=VERTEX_POINT('',#12709);
#3744=VERTEX_POINT('',#12711);
#3745=VERTEX_POINT('',#12713);
#3746=VERTEX_POINT('',#12715);
#3747=VERTEX_POINT('',#12717);
#3748=VERTEX_POINT('',#12719);
#3749=VERTEX_POINT('',#12721);
#3750=VERTEX_POINT('',#12723);
#3751=VERTEX_POINT('',#12725);
#3752=VERTEX_POINT('',#12727);
#3753=VERTEX_POINT('',#12729);
#3754=VERTEX_POINT('',#12731);
#3755=VERTEX_POINT('',#12734);
#3756=VERTEX_POINT('',#12736);
#3757=VERTEX_POINT('',#12738);
#3758=VERTEX_POINT('',#12740);
#3759=VERTEX_POINT('',#12742);
#3760=VERTEX_POINT('',#12744);
#3761=VERTEX_POINT('',#12746);
#3762=VERTEX_POINT('',#12748);
#3763=VERTEX_POINT('',#12750);
#3764=VERTEX_POINT('',#12751);
#3765=VERTEX_POINT('',#12753);
#3766=VERTEX_POINT('',#12755);
#3767=VERTEX_POINT('',#12757);
#3768=VERTEX_POINT('',#12759);
#3769=VERTEX_POINT('',#12761);
#3770=VERTEX_POINT('',#12763);
#3771=VERTEX_POINT('',#12765);
#3772=VERTEX_POINT('',#12767);
#3773=VERTEX_POINT('',#12769);
#3774=VERTEX_POINT('',#12771);
#3775=VERTEX_POINT('',#12773);
#3776=VERTEX_POINT('',#12775);
#3777=VERTEX_POINT('',#12777);
#3778=VERTEX_POINT('',#12779);
#3779=VERTEX_POINT('',#12781);
#3780=VERTEX_POINT('',#12783);
#3781=VERTEX_POINT('',#12785);
#3782=VERTEX_POINT('',#12787);
#3783=VERTEX_POINT('',#12789);
#3784=VERTEX_POINT('',#12791);
#3785=VERTEX_POINT('',#12793);
#3786=VERTEX_POINT('',#12795);
#3787=VERTEX_POINT('',#12798);
#3788=VERTEX_POINT('',#12800);
#3789=VERTEX_POINT('',#12802);
#3790=VERTEX_POINT('',#12804);
#3791=VERTEX_POINT('',#12806);
#3792=VERTEX_POINT('',#12808);
#3793=VERTEX_POINT('',#12811);
#3794=VERTEX_POINT('',#12815);
#3795=VERTEX_POINT('',#12816);
#3796=VERTEX_POINT('',#12818);
#3797=VERTEX_POINT('',#12820);
#3798=VERTEX_POINT('',#12822);
#3799=VERTEX_POINT('',#12824);
#3800=VERTEX_POINT('',#12826);
#3801=VERTEX_POINT('',#12828);
#3802=VERTEX_POINT('',#12830);
#3803=VERTEX_POINT('',#12832);
#3804=VERTEX_POINT('',#12834);
#3805=VERTEX_POINT('',#12836);
#3806=VERTEX_POINT('',#12838);
#3807=VERTEX_POINT('',#12840);
#3808=VERTEX_POINT('',#12842);
#3809=VERTEX_POINT('',#12844);
#3810=VERTEX_POINT('',#12847);
#3811=VERTEX_POINT('',#12849);
#3812=VERTEX_POINT('',#12851);
#3813=VERTEX_POINT('',#12853);
#3814=VERTEX_POINT('',#12855);
#3815=VERTEX_POINT('',#12857);
#3816=VERTEX_POINT('',#12859);
#3817=VERTEX_POINT('',#12861);
#3818=VERTEX_POINT('',#12863);
#3819=VERTEX_POINT('',#12865);
#3820=VERTEX_POINT('',#12867);
#3821=VERTEX_POINT('',#12869);
#3822=VERTEX_POINT('',#12871);
#3823=VERTEX_POINT('',#12873);
#3824=VERTEX_POINT('',#12874);
#3825=VERTEX_POINT('',#12876);
#3826=VERTEX_POINT('',#12878);
#3827=VERTEX_POINT('',#12880);
#3828=VERTEX_POINT('',#12882);
#3829=VERTEX_POINT('',#12884);
#3830=VERTEX_POINT('',#12886);
#3831=VERTEX_POINT('',#12888);
#3832=VERTEX_POINT('',#12890);
#3833=VERTEX_POINT('',#12892);
#3834=VERTEX_POINT('',#12894);
#3835=VERTEX_POINT('',#12896);
#3836=VERTEX_POINT('',#12898);
#3837=VERTEX_POINT('',#12900);
#3838=VERTEX_POINT('',#12902);
#3839=VERTEX_POINT('',#12904);
#3840=VERTEX_POINT('',#12906);
#3841=VERTEX_POINT('',#12908);
#3842=VERTEX_POINT('',#12910);
#3843=VERTEX_POINT('',#12912);
#3844=VERTEX_POINT('',#12914);
#3845=VERTEX_POINT('',#12916);
#3846=VERTEX_POINT('',#12918);
#3847=VERTEX_POINT('',#12980);
#3848=VERTEX_POINT('',#12982);
#3849=VERTEX_POINT('',#12986);
#3850=VERTEX_POINT('',#12990);
#3851=VERTEX_POINT('',#12994);
#3852=VERTEX_POINT('',#12998);
#3853=VERTEX_POINT('',#13002);
#3854=VERTEX_POINT('',#13006);
#3855=VERTEX_POINT('',#13010);
#3856=VERTEX_POINT('',#13014);
#3857=VERTEX_POINT('',#13018);
#3858=VERTEX_POINT('',#13022);
#3859=VERTEX_POINT('',#13026);
#3860=VERTEX_POINT('',#13030);
#3861=VERTEX_POINT('',#13034);
#3862=VERTEX_POINT('',#13038);
#3863=VERTEX_POINT('',#13042);
#3864=VERTEX_POINT('',#13046);
#3865=VERTEX_POINT('',#13050);
#3866=VERTEX_POINT('',#13054);
#3867=VERTEX_POINT('',#13058);
#3868=VERTEX_POINT('',#13062);
#3869=VERTEX_POINT('',#13066);
#3870=VERTEX_POINT('',#13070);
#3871=VERTEX_POINT('',#13125);
#3872=VERTEX_POINT('',#13126);
#3873=VERTEX_POINT('',#13128);
#3874=VERTEX_POINT('',#13130);
#3875=VERTEX_POINT('',#13132);
#3876=VERTEX_POINT('',#13134);
#3877=VERTEX_POINT('',#13136);
#3878=VERTEX_POINT('',#13138);
#3879=VERTEX_POINT('',#13141);
#3880=VERTEX_POINT('',#13143);
#3881=VERTEX_POINT('',#13145);
#3882=VERTEX_POINT('',#13147);
#3883=VERTEX_POINT('',#13149);
#3884=VERTEX_POINT('',#13151);
#3885=VERTEX_POINT('',#13153);
#3886=VERTEX_POINT('',#13155);
#3887=VERTEX_POINT('',#13157);
#3888=VERTEX_POINT('',#13159);
#3889=VERTEX_POINT('',#13161);
#3890=VERTEX_POINT('',#13162);
#3891=VERTEX_POINT('',#13164);
#3892=VERTEX_POINT('',#13166);
#3893=VERTEX_POINT('',#13168);
#3894=VERTEX_POINT('',#13170);
#3895=VERTEX_POINT('',#13173);
#3896=VERTEX_POINT('',#13174);
#3897=VERTEX_POINT('',#13176);
#3898=VERTEX_POINT('',#13178);
#3899=VERTEX_POINT('',#13180);
#3900=VERTEX_POINT('',#13182);
#3901=VERTEX_POINT('',#13185);
#3902=VERTEX_POINT('',#13186);
#3903=VERTEX_POINT('',#13188);
#3904=VERTEX_POINT('',#13190);
#3905=VERTEX_POINT('',#13192);
#3906=VERTEX_POINT('',#13194);
#3907=VERTEX_POINT('',#13197);
#3908=VERTEX_POINT('',#13198);
#3909=VERTEX_POINT('',#13200);
#3910=VERTEX_POINT('',#13202);
#3911=VERTEX_POINT('',#13204);
#3912=VERTEX_POINT('',#13206);
#3913=VERTEX_POINT('',#13209);
#3914=VERTEX_POINT('',#13210);
#3915=VERTEX_POINT('',#13212);
#3916=VERTEX_POINT('',#13214);
#3917=VERTEX_POINT('',#13217);
#3918=VERTEX_POINT('',#13218);
#3919=VERTEX_POINT('',#13220);
#3920=VERTEX_POINT('',#13222);
#3921=VERTEX_POINT('',#13225);
#3922=VERTEX_POINT('',#13226);
#3923=VERTEX_POINT('',#13228);
#3924=VERTEX_POINT('',#13230);
#3925=VERTEX_POINT('',#13232);
#3926=VERTEX_POINT('',#13234);
#3927=VERTEX_POINT('',#13236);
#3928=VERTEX_POINT('',#13238);
#3929=VERTEX_POINT('',#13242);
#3930=VERTEX_POINT('',#13244);
#3931=VERTEX_POINT('',#13248);
#3932=VERTEX_POINT('',#13252);
#3933=VERTEX_POINT('',#13256);
#3934=VERTEX_POINT('',#13260);
#3935=VERTEX_POINT('',#13264);
#3936=VERTEX_POINT('',#13268);
#3937=VERTEX_POINT('',#13274);
#3938=VERTEX_POINT('',#13276);
#3939=VERTEX_POINT('',#13278);
#3940=VERTEX_POINT('',#13280);
#3941=VERTEX_POINT('',#13282);
#3942=VERTEX_POINT('',#13284);
#3943=VERTEX_POINT('',#13286);
#3944=VERTEX_POINT('',#13288);
#3945=VERTEX_POINT('',#13290);
#3946=VERTEX_POINT('',#13292);
#3947=VERTEX_POINT('',#13294);
#3948=VERTEX_POINT('',#13295);
#3949=VERTEX_POINT('',#13297);
#3950=VERTEX_POINT('',#13299);
#3951=VERTEX_POINT('',#13301);
#3952=VERTEX_POINT('',#13303);
#3953=VERTEX_POINT('',#13306);
#3954=VERTEX_POINT('',#13307);
#3955=VERTEX_POINT('',#13309);
#3956=VERTEX_POINT('',#13311);
#3957=VERTEX_POINT('',#13313);
#3958=VERTEX_POINT('',#13315);
#3959=VERTEX_POINT('',#13318);
#3960=VERTEX_POINT('',#13319);
#3961=VERTEX_POINT('',#13321);
#3962=VERTEX_POINT('',#13323);
#3963=VERTEX_POINT('',#13325);
#3964=VERTEX_POINT('',#13327);
#3965=VERTEX_POINT('',#13330);
#3966=VERTEX_POINT('',#13331);
#3967=VERTEX_POINT('',#13333);
#3968=VERTEX_POINT('',#13335);
#3969=VERTEX_POINT('',#13337);
#3970=VERTEX_POINT('',#13339);
#3971=VERTEX_POINT('',#13342);
#3972=VERTEX_POINT('',#13343);
#3973=VERTEX_POINT('',#13345);
#3974=VERTEX_POINT('',#13347);
#3975=VERTEX_POINT('',#13350);
#3976=VERTEX_POINT('',#13351);
#3977=VERTEX_POINT('',#13353);
#3978=VERTEX_POINT('',#13355);
#3979=VERTEX_POINT('',#13358);
#3980=VERTEX_POINT('',#13359);
#3981=VERTEX_POINT('',#13361);
#3982=VERTEX_POINT('',#13363);
#3983=VERTEX_POINT('',#13365);
#3984=VERTEX_POINT('',#13367);
#3985=VERTEX_POINT('',#13369);
#3986=VERTEX_POINT('',#13371);
#3987=VERTEX_POINT('',#13443);
#3988=VERTEX_POINT('',#13445);
#3989=VERTEX_POINT('',#13449);
#3990=VERTEX_POINT('',#13453);
#3991=VERTEX_POINT('',#13459);
#3992=VERTEX_POINT('',#13460);
#3993=VERTEX_POINT('',#13468);
#3994=VERTEX_POINT('',#13472);
#3995=VERTEX_POINT('',#13483);
#3996=VERTEX_POINT('',#13485);
#3997=VERTEX_POINT('',#13489);
#3998=VERTEX_POINT('',#13493);
#3999=VERTEX_POINT('',#13499);
#4000=VERTEX_POINT('',#13500);
#4001=VERTEX_POINT('',#13508);
#4002=VERTEX_POINT('',#13512);
#4003=VERTEX_POINT('',#13540);
#4004=VERTEX_POINT('',#13541);
#4005=VERTEX_POINT('',#13543);
#4006=VERTEX_POINT('',#13545);
#4007=VERTEX_POINT('',#13547);
#4008=VERTEX_POINT('',#13549);
#4009=VERTEX_POINT('',#13551);
#4010=VERTEX_POINT('',#13553);
#4011=VERTEX_POINT('',#13555);
#4012=VERTEX_POINT('',#13557);
#4013=VERTEX_POINT('',#13559);
#4014=VERTEX_POINT('',#13561);
#4015=VERTEX_POINT('',#13563);
#4016=VERTEX_POINT('',#13565);
#4017=VERTEX_POINT('',#13567);
#4018=VERTEX_POINT('',#13569);
#4019=VERTEX_POINT('',#13571);
#4020=VERTEX_POINT('',#13573);
#4021=VERTEX_POINT('',#13576);
#4022=VERTEX_POINT('',#13578);
#4023=VERTEX_POINT('',#13580);
#4024=VERTEX_POINT('',#13582);
#4025=VERTEX_POINT('',#13584);
#4026=VERTEX_POINT('',#13586);
#4027=VERTEX_POINT('',#13588);
#4028=VERTEX_POINT('',#13590);
#4029=VERTEX_POINT('',#13593);
#4030=VERTEX_POINT('',#13597);
#4031=VERTEX_POINT('',#13598);
#4032=VERTEX_POINT('',#13600);
#4033=VERTEX_POINT('',#13602);
#4034=VERTEX_POINT('',#13604);
#4035=VERTEX_POINT('',#13606);
#4036=VERTEX_POINT('',#13608);
#4037=VERTEX_POINT('',#13610);
#4038=VERTEX_POINT('',#13612);
#4039=VERTEX_POINT('',#13614);
#4040=VERTEX_POINT('',#13616);
#4041=VERTEX_POINT('',#13618);
#4042=VERTEX_POINT('',#13620);
#4043=VERTEX_POINT('',#13622);
#4044=VERTEX_POINT('',#13624);
#4045=VERTEX_POINT('',#13626);
#4046=VERTEX_POINT('',#13628);
#4047=VERTEX_POINT('',#13630);
#4048=VERTEX_POINT('',#13633);
#4049=VERTEX_POINT('',#13635);
#4050=VERTEX_POINT('',#13637);
#4051=VERTEX_POINT('',#13639);
#4052=VERTEX_POINT('',#13641);
#4053=VERTEX_POINT('',#13643);
#4054=VERTEX_POINT('',#13645);
#4055=VERTEX_POINT('',#13662);
#4056=VERTEX_POINT('',#13664);
#4057=VERTEX_POINT('',#13668);
#4058=VERTEX_POINT('',#13672);
#4059=VERTEX_POINT('',#13676);
#4060=VERTEX_POINT('',#13680);
#4061=VERTEX_POINT('',#13684);
#4062=VERTEX_POINT('',#13688);
#4063=VERTEX_POINT('',#13692);
#4064=VERTEX_POINT('',#13696);
#4065=VERTEX_POINT('',#13700);
#4066=VERTEX_POINT('',#13704);
#4067=VERTEX_POINT('',#13708);
#4068=VERTEX_POINT('',#13712);
#4069=VERTEX_POINT('',#13716);
#4070=VERTEX_POINT('',#13720);
#4071=VERTEX_POINT('',#13724);
#4072=VERTEX_POINT('',#13728);
#4073=VERTEX_POINT('',#13734);
#4074=VERTEX_POINT('',#13736);
#4075=VERTEX_POINT('',#13740);
#4076=VERTEX_POINT('',#13744);
#4077=VERTEX_POINT('',#13748);
#4078=VERTEX_POINT('',#13752);
#4079=VERTEX_POINT('',#13756);
#4080=VERTEX_POINT('',#13760);
#4081=VERTEX_POINT('',#13764);
#4082=VERTEX_POINT('',#13768);
#4083=VERTEX_POINT('',#13772);
#4084=VERTEX_POINT('',#13776);
#4085=VERTEX_POINT('',#13780);
#4086=VERTEX_POINT('',#13784);
#4087=VERTEX_POINT('',#13788);
#4088=VERTEX_POINT('',#13792);
#4089=VERTEX_POINT('',#13796);
#4090=VERTEX_POINT('',#13800);
#4091=VERTEX_POINT('',#13843);
#4092=VERTEX_POINT('',#13844);
#4093=VERTEX_POINT('',#13846);
#4094=VERTEX_POINT('',#13848);
#4095=VERTEX_POINT('',#13850);
#4096=VERTEX_POINT('',#13852);
#4097=VERTEX_POINT('',#13854);
#4098=VERTEX_POINT('',#13856);
#4099=VERTEX_POINT('',#13858);
#4100=VERTEX_POINT('',#13860);
#4101=VERTEX_POINT('',#13862);
#4102=VERTEX_POINT('',#13864);
#4103=VERTEX_POINT('',#13866);
#4104=VERTEX_POINT('',#13868);
#4105=VERTEX_POINT('',#13870);
#4106=VERTEX_POINT('',#13872);
#4107=VERTEX_POINT('',#13874);
#4108=VERTEX_POINT('',#13876);
#4109=VERTEX_POINT('',#13879);
#4110=VERTEX_POINT('',#13881);
#4111=VERTEX_POINT('',#13883);
#4112=VERTEX_POINT('',#13885);
#4113=VERTEX_POINT('',#13887);
#4114=VERTEX_POINT('',#13889);
#4115=VERTEX_POINT('',#13891);
#4116=VERTEX_POINT('',#13893);
#4117=VERTEX_POINT('',#13896);
#4118=VERTEX_POINT('',#13900);
#4119=VERTEX_POINT('',#13901);
#4120=VERTEX_POINT('',#13903);
#4121=VERTEX_POINT('',#13905);
#4122=VERTEX_POINT('',#13907);
#4123=VERTEX_POINT('',#13909);
#4124=VERTEX_POINT('',#13911);
#4125=VERTEX_POINT('',#13913);
#4126=VERTEX_POINT('',#13915);
#4127=VERTEX_POINT('',#13917);
#4128=VERTEX_POINT('',#13919);
#4129=VERTEX_POINT('',#13921);
#4130=VERTEX_POINT('',#13923);
#4131=VERTEX_POINT('',#13925);
#4132=VERTEX_POINT('',#13927);
#4133=VERTEX_POINT('',#13929);
#4134=VERTEX_POINT('',#13931);
#4135=VERTEX_POINT('',#13933);
#4136=VERTEX_POINT('',#13936);
#4137=VERTEX_POINT('',#13938);
#4138=VERTEX_POINT('',#13940);
#4139=VERTEX_POINT('',#13942);
#4140=VERTEX_POINT('',#13944);
#4141=VERTEX_POINT('',#13946);
#4142=VERTEX_POINT('',#13948);
#4143=VERTEX_POINT('',#13965);
#4144=VERTEX_POINT('',#13967);
#4145=VERTEX_POINT('',#13971);
#4146=VERTEX_POINT('',#13975);
#4147=VERTEX_POINT('',#13979);
#4148=VERTEX_POINT('',#13983);
#4149=VERTEX_POINT('',#13987);
#4150=VERTEX_POINT('',#13991);
#4151=VERTEX_POINT('',#13995);
#4152=VERTEX_POINT('',#13999);
#4153=VERTEX_POINT('',#14003);
#4154=VERTEX_POINT('',#14007);
#4155=VERTEX_POINT('',#14011);
#4156=VERTEX_POINT('',#14015);
#4157=VERTEX_POINT('',#14019);
#4158=VERTEX_POINT('',#14023);
#4159=VERTEX_POINT('',#14027);
#4160=VERTEX_POINT('',#14031);
#4161=VERTEX_POINT('',#14037);
#4162=VERTEX_POINT('',#14039);
#4163=VERTEX_POINT('',#14043);
#4164=VERTEX_POINT('',#14047);
#4165=VERTEX_POINT('',#14051);
#4166=VERTEX_POINT('',#14055);
#4167=VERTEX_POINT('',#14059);
#4168=VERTEX_POINT('',#14063);
#4169=VERTEX_POINT('',#14067);
#4170=VERTEX_POINT('',#14071);
#4171=VERTEX_POINT('',#14075);
#4172=VERTEX_POINT('',#14079);
#4173=VERTEX_POINT('',#14083);
#4174=VERTEX_POINT('',#14087);
#4175=VERTEX_POINT('',#14091);
#4176=VERTEX_POINT('',#14095);
#4177=VERTEX_POINT('',#14099);
#4178=VERTEX_POINT('',#14103);
#4179=VERTEX_POINT('',#14146);
#4180=VERTEX_POINT('',#14148);
#4181=VERTEX_POINT('',#14151);
#4182=VERTEX_POINT('',#14155);
#4183=VERTEX_POINT('',#14158);
#4184=VERTEX_POINT('',#14162);
#4185=VERTEX_POINT('',#14166);
#4186=VERTEX_POINT('',#14168);
#4187=VERTEX_POINT('',#14172);
#4188=VERTEX_POINT('',#14173);
#4189=EDGE_CURVE('',#3467,#3468,#3025,.T.);
#4190=EDGE_CURVE('',#3469,#3467,#1589,.T.);
#4191=EDGE_CURVE('',#3470,#3469,#3026,.T.);
#4192=EDGE_CURVE('',#3471,#3470,#3027,.T.);
#4193=EDGE_CURVE('',#3472,#3471,#1590,.T.);
#4194=EDGE_CURVE('',#3473,#3472,#3028,.T.);
#4195=EDGE_CURVE('',#3474,#3473,#1591,.T.);
#4196=EDGE_CURVE('',#3475,#3474,#3029,.T.);
#4197=EDGE_CURVE('',#3476,#3475,#1592,.T.);
#4198=EDGE_CURVE('',#3477,#3476,#3030,.T.);
#4199=EDGE_CURVE('',#3478,#3477,#3031,.T.);
#4200=EDGE_CURVE('',#3479,#3478,#1593,.T.);
#4201=EDGE_CURVE('',#3480,#3479,#3032,.T.);
#4202=EDGE_CURVE('',#3481,#3480,#1594,.T.);
#4203=EDGE_CURVE('',#3482,#3481,#3033,.T.);
#4204=EDGE_CURVE('',#3483,#3482,#1595,.T.);
#4205=EDGE_CURVE('',#3484,#3483,#3034,.T.);
#4206=EDGE_CURVE('',#3485,#3484,#3035,.T.);
#4207=EDGE_CURVE('',#3486,#3485,#1596,.T.);
#4208=EDGE_CURVE('',#3487,#3486,#3036,.T.);
#4209=EDGE_CURVE('',#3488,#3487,#1597,.T.);
#4210=EDGE_CURVE('',#3489,#3488,#3037,.T.);
#4211=EDGE_CURVE('',#3490,#3489,#1598,.T.);
#4212=EDGE_CURVE('',#3491,#3490,#3038,.T.);
#4213=EDGE_CURVE('',#3492,#3491,#3039,.T.);
#4214=EDGE_CURVE('',#3493,#3492,#1599,.T.);
#4215=EDGE_CURVE('',#3494,#3493,#3040,.T.);
#4216=EDGE_CURVE('',#3468,#3494,#1600,.T.);
#4217=EDGE_CURVE('',#3495,#3495,#3041,.T.);
#4218=EDGE_CURVE('',#3496,#3496,#3042,.T.);
#4219=EDGE_CURVE('',#3497,#3497,#3043,.T.);
#4220=EDGE_CURVE('',#3498,#3498,#3044,.T.);
#4221=EDGE_CURVE('',#3499,#3499,#3045,.T.);
#4222=EDGE_CURVE('',#3500,#3500,#3046,.T.);
#4223=EDGE_CURVE('',#3501,#3501,#3047,.T.);
#4224=EDGE_CURVE('',#3502,#3502,#3048,.T.);
#4225=EDGE_CURVE('',#3503,#3503,#3049,.T.);
#4226=EDGE_CURVE('',#3504,#3504,#3050,.T.);
#4227=EDGE_CURVE('',#3505,#3505,#3051,.T.);
#4228=EDGE_CURVE('',#3506,#3506,#3052,.T.);
#4229=EDGE_CURVE('',#3507,#3507,#3053,.T.);
#4230=EDGE_CURVE('',#3508,#3508,#3054,.T.);
#4231=EDGE_CURVE('',#3509,#3509,#3055,.T.);
#4232=EDGE_CURVE('',#3510,#3510,#3056,.T.);
#4233=EDGE_CURVE('',#3511,#3511,#3057,.T.);
#4234=EDGE_CURVE('',#3512,#3512,#3058,.T.);
#4235=EDGE_CURVE('',#3513,#3513,#3059,.T.);
#4236=EDGE_CURVE('',#3514,#3514,#3060,.T.);
#4237=EDGE_CURVE('',#3515,#3516,#1601,.T.);
#4238=EDGE_CURVE('',#3517,#3515,#3061,.T.);
#4239=EDGE_CURVE('',#3518,#3517,#1602,.T.);
#4240=EDGE_CURVE('',#3516,#3518,#3062,.T.);
#4241=EDGE_CURVE('',#3519,#3520,#1603,.T.);
#4242=EDGE_CURVE('',#3521,#3519,#3063,.T.);
#4243=EDGE_CURVE('',#3522,#3521,#1604,.T.);
#4244=EDGE_CURVE('',#3520,#3522,#3064,.T.);
#4245=EDGE_CURVE('',#3523,#3524,#1605,.T.);
#4246=EDGE_CURVE('',#3525,#3523,#3065,.T.);
#4247=EDGE_CURVE('',#3526,#3525,#1606,.T.);
#4248=EDGE_CURVE('',#3524,#3526,#3066,.T.);
#4249=EDGE_CURVE('',#3527,#3528,#3067,.T.);
#4250=EDGE_CURVE('',#3529,#3527,#1607,.T.);
#4251=EDGE_CURVE('',#3530,#3529,#3068,.T.);
#4252=EDGE_CURVE('',#3528,#3530,#1608,.T.);
#4253=EDGE_CURVE('',#3531,#3532,#1609,.T.);
#4254=EDGE_CURVE('',#3533,#3531,#3069,.T.);
#4255=EDGE_CURVE('',#3534,#3533,#1610,.T.);
#4256=EDGE_CURVE('',#3532,#3534,#3070,.T.);
#4257=EDGE_CURVE('',#3535,#3536,#1611,.T.);
#4258=EDGE_CURVE('',#3537,#3535,#3071,.T.);
#4259=EDGE_CURVE('',#3538,#3537,#1612,.T.);
#4260=EDGE_CURVE('',#3536,#3538,#3072,.T.);
#4261=EDGE_CURVE('',#3539,#3540,#3073,.T.);
#4262=EDGE_CURVE('',#3541,#3539,#1613,.T.);
#4263=EDGE_CURVE('',#3542,#3541,#3074,.T.);
#4264=EDGE_CURVE('',#3540,#3542,#1614,.T.);
#4265=EDGE_CURVE('',#3543,#3544,#1615,.T.);
#4266=EDGE_CURVE('',#3545,#3543,#3075,.T.);
#4267=EDGE_CURVE('',#3546,#3545,#1616,.T.);
#4268=EDGE_CURVE('',#3544,#3546,#3076,.T.);
#4269=EDGE_CURVE('',#3547,#3548,#3077,.T.);
#4270=EDGE_CURVE('',#3549,#3547,#1617,.T.);
#4271=EDGE_CURVE('',#3550,#3549,#3078,.T.);
#4272=EDGE_CURVE('',#3548,#3550,#1618,.T.);
#4273=EDGE_CURVE('',#3551,#3552,#1619,.T.);
#4274=EDGE_CURVE('',#3553,#3551,#3079,.T.);
#4275=EDGE_CURVE('',#3554,#3553,#1620,.T.);
#4276=EDGE_CURVE('',#3552,#3554,#3080,.T.);
#4277=EDGE_CURVE('',#3555,#3556,#3081,.T.);
#4278=EDGE_CURVE('',#3557,#3555,#1621,.T.);
#4279=EDGE_CURVE('',#3558,#3557,#3082,.T.);
#4280=EDGE_CURVE('',#3556,#3558,#1622,.T.);
#4281=EDGE_CURVE('',#3559,#3560,#3083,.T.);
#4282=EDGE_CURVE('',#3560,#3561,#1623,.T.);
#4283=EDGE_CURVE('',#3561,#3562,#3084,.T.);
#4284=EDGE_CURVE('',#3562,#3563,#1624,.T.);
#4285=EDGE_CURVE('',#3563,#3564,#3085,.T.);
#4286=EDGE_CURVE('',#3564,#3565,#1625,.T.);
#4287=EDGE_CURVE('',#3565,#3566,#3086,.T.);
#4288=EDGE_CURVE('',#3566,#3559,#1626,.T.);
#4289=EDGE_CURVE('',#3567,#3568,#3087,.T.);
#4290=EDGE_CURVE('',#3568,#3569,#1627,.T.);
#4291=EDGE_CURVE('',#3569,#3570,#3088,.T.);
#4292=EDGE_CURVE('',#3570,#3571,#1628,.T.);
#4293=EDGE_CURVE('',#3571,#3572,#3089,.T.);
#4294=EDGE_CURVE('',#3572,#3573,#1629,.T.);
#4295=EDGE_CURVE('',#3573,#3574,#3090,.T.);
#4296=EDGE_CURVE('',#3574,#3567,#1630,.T.);
#4297=EDGE_CURVE('',#3575,#3576,#3091,.T.);
#4298=EDGE_CURVE('',#3576,#3577,#1631,.T.);
#4299=EDGE_CURVE('',#3577,#3578,#3092,.T.);
#4300=EDGE_CURVE('',#3578,#3579,#1632,.T.);
#4301=EDGE_CURVE('',#3579,#3580,#3093,.T.);
#4302=EDGE_CURVE('',#3580,#3581,#1633,.T.);
#4303=EDGE_CURVE('',#3581,#3582,#3094,.T.);
#4304=EDGE_CURVE('',#3582,#3575,#1634,.T.);
#4305=EDGE_CURVE('',#3514,#3583,#1635,.T.);
#4306=EDGE_CURVE('',#3583,#3583,#3095,.T.);
#4307=EDGE_CURVE('',#3584,#3585,#3096,.T.);
#4308=EDGE_CURVE('',#3585,#3586,#1636,.T.);
#4309=EDGE_CURVE('',#3586,#3587,#3097,.T.);
#4310=EDGE_CURVE('',#3587,#3588,#1637,.T.);
#4311=EDGE_CURVE('',#3588,#3589,#3098,.T.);
#4312=EDGE_CURVE('',#3589,#3590,#3099,.T.);
#4313=EDGE_CURVE('',#3590,#3591,#1638,.T.);
#4314=EDGE_CURVE('',#3591,#3592,#3100,.T.);
#4315=EDGE_CURVE('',#3592,#3593,#1639,.T.);
#4316=EDGE_CURVE('',#3593,#3594,#3101,.T.);
#4317=EDGE_CURVE('',#3594,#3595,#1640,.T.);
#4318=EDGE_CURVE('',#3595,#3596,#3102,.T.);
#4319=EDGE_CURVE('',#3596,#3597,#3103,.T.);
#4320=EDGE_CURVE('',#3597,#3598,#1641,.T.);
#4321=EDGE_CURVE('',#3598,#3599,#3104,.T.);
#4322=EDGE_CURVE('',#3599,#3600,#1642,.T.);
#4323=EDGE_CURVE('',#3600,#3601,#3105,.T.);
#4324=EDGE_CURVE('',#3601,#3602,#1643,.T.);
#4325=EDGE_CURVE('',#3602,#3603,#3106,.T.);
#4326=EDGE_CURVE('',#3603,#3604,#3107,.T.);
#4327=EDGE_CURVE('',#3604,#3605,#1644,.T.);
#4328=EDGE_CURVE('',#3605,#3606,#3108,.T.);
#4329=EDGE_CURVE('',#3606,#3607,#1645,.T.);
#4330=EDGE_CURVE('',#3607,#3608,#3109,.T.);
#4331=EDGE_CURVE('',#3608,#3609,#1646,.T.);
#4332=EDGE_CURVE('',#3609,#3610,#3110,.T.);
#4333=EDGE_CURVE('',#3610,#3611,#3111,.T.);
#4334=EDGE_CURVE('',#3611,#3584,#1647,.T.);
#4335=EDGE_CURVE('',#3612,#3612,#3112,.T.);
#4336=EDGE_CURVE('',#3613,#3613,#3113,.T.);
#4337=EDGE_CURVE('',#3614,#3614,#3114,.T.);
#4338=EDGE_CURVE('',#3615,#3615,#3115,.T.);
#4339=EDGE_CURVE('',#3616,#3616,#3116,.T.);
#4340=EDGE_CURVE('',#3617,#3617,#3117,.T.);
#4341=EDGE_CURVE('',#3618,#3618,#3118,.T.);
#4342=EDGE_CURVE('',#3619,#3619,#3119,.T.);
#4343=EDGE_CURVE('',#3620,#3620,#3120,.T.);
#4344=EDGE_CURVE('',#3621,#3621,#3121,.T.);
#4345=EDGE_CURVE('',#3622,#3622,#3122,.T.);
#4346=EDGE_CURVE('',#3623,#3623,#3123,.T.);
#4347=EDGE_CURVE('',#3624,#3624,#3124,.T.);
#4348=EDGE_CURVE('',#3625,#3625,#3125,.T.);
#4349=EDGE_CURVE('',#3626,#3626,#3126,.T.);
#4350=EDGE_CURVE('',#3627,#3627,#3127,.T.);
#4351=EDGE_CURVE('',#3628,#3628,#3128,.T.);
#4352=EDGE_CURVE('',#3629,#3629,#3129,.T.);
#4353=EDGE_CURVE('',#3630,#3630,#3130,.T.);
#4354=EDGE_CURVE('',#3631,#3632,#1648,.T.);
#4355=EDGE_CURVE('',#3632,#3633,#3131,.T.);
#4356=EDGE_CURVE('',#3633,#3634,#1649,.T.);
#4357=EDGE_CURVE('',#3634,#3631,#3132,.T.);
#4358=EDGE_CURVE('',#3635,#3636,#1650,.T.);
#4359=EDGE_CURVE('',#3636,#3637,#3133,.T.);
#4360=EDGE_CURVE('',#3637,#3638,#1651,.T.);
#4361=EDGE_CURVE('',#3638,#3635,#3134,.T.);
#4362=EDGE_CURVE('',#3639,#3640,#1652,.T.);
#4363=EDGE_CURVE('',#3640,#3641,#3135,.T.);
#4364=EDGE_CURVE('',#3641,#3642,#1653,.T.);
#4365=EDGE_CURVE('',#3642,#3639,#3136,.T.);
#4366=EDGE_CURVE('',#3643,#3644,#3137,.T.);
#4367=EDGE_CURVE('',#3644,#3645,#1654,.T.);
#4368=EDGE_CURVE('',#3645,#3646,#3138,.T.);
#4369=EDGE_CURVE('',#3646,#3643,#1655,.T.);
#4370=EDGE_CURVE('',#3647,#3648,#1656,.T.);
#4371=EDGE_CURVE('',#3648,#3649,#3139,.T.);
#4372=EDGE_CURVE('',#3649,#3650,#1657,.T.);
#4373=EDGE_CURVE('',#3650,#3647,#3140,.T.);
#4374=EDGE_CURVE('',#3651,#3652,#1658,.T.);
#4375=EDGE_CURVE('',#3652,#3653,#3141,.T.);
#4376=EDGE_CURVE('',#3653,#3654,#1659,.T.);
#4377=EDGE_CURVE('',#3654,#3651,#3142,.T.);
#4378=EDGE_CURVE('',#3655,#3656,#3143,.T.);
#4379=EDGE_CURVE('',#3656,#3657,#1660,.T.);
#4380=EDGE_CURVE('',#3657,#3658,#3144,.T.);
#4381=EDGE_CURVE('',#3658,#3655,#1661,.T.);
#4382=EDGE_CURVE('',#3659,#3660,#1662,.T.);
#4383=EDGE_CURVE('',#3660,#3661,#3145,.T.);
#4384=EDGE_CURVE('',#3661,#3662,#1663,.T.);
#4385=EDGE_CURVE('',#3662,#3663,#3146,.T.);
#4386=EDGE_CURVE('',#3663,#3664,#1664,.T.);
#4387=EDGE_CURVE('',#3664,#3665,#3147,.T.);
#4388=EDGE_CURVE('',#3665,#3666,#1665,.T.);
#4389=EDGE_CURVE('',#3666,#3659,#3148,.T.);
#4390=EDGE_CURVE('',#3667,#3668,#1666,.T.);
#4391=EDGE_CURVE('',#3668,#3669,#3149,.T.);
#4392=EDGE_CURVE('',#3669,#3670,#1667,.T.);
#4393=EDGE_CURVE('',#3670,#3667,#3150,.T.);
#4394=EDGE_CURVE('',#3671,#3672,#3151,.T.);
#4395=EDGE_CURVE('',#3672,#3673,#1668,.T.);
#4396=EDGE_CURVE('',#3673,#3674,#3152,.T.);
#4397=EDGE_CURVE('',#3674,#3671,#1669,.T.);
#4398=EDGE_CURVE('',#3675,#3676,#1670,.T.);
#4399=EDGE_CURVE('',#3676,#3677,#3153,.T.);
#4400=EDGE_CURVE('',#3677,#3678,#1671,.T.);
#4401=EDGE_CURVE('',#3678,#3675,#3154,.T.);
#4402=EDGE_CURVE('',#3679,#3680,#3155,.T.);
#4403=EDGE_CURVE('',#3680,#3681,#1672,.T.);
#4404=EDGE_CURVE('',#3681,#3682,#3156,.T.);
#4405=EDGE_CURVE('',#3682,#3679,#1673,.T.);
#4406=EDGE_CURVE('',#3683,#3684,#3157,.T.);
#4407=EDGE_CURVE('',#3684,#3685,#1674,.T.);
#4408=EDGE_CURVE('',#3685,#3686,#3158,.T.);
#4409=EDGE_CURVE('',#3686,#3687,#1675,.T.);
#4410=EDGE_CURVE('',#3687,#3688,#3159,.T.);
#4411=EDGE_CURVE('',#3688,#3689,#1676,.T.);
#4412=EDGE_CURVE('',#3689,#3690,#3160,.T.);
#4413=EDGE_CURVE('',#3690,#3683,#1677,.T.);
#4414=EDGE_CURVE('',#3691,#3692,#3161,.T.);
#4415=EDGE_CURVE('',#3692,#3693,#1678,.T.);
#4416=EDGE_CURVE('',#3693,#3694,#3162,.T.);
#4417=EDGE_CURVE('',#3694,#3695,#1679,.T.);
#4418=EDGE_CURVE('',#3695,#3696,#3163,.T.);
#4419=EDGE_CURVE('',#3696,#3697,#1680,.T.);
#4420=EDGE_CURVE('',#3697,#3698,#3164,.T.);
#4421=EDGE_CURVE('',#3698,#3691,#1681,.T.);
#4422=EDGE_CURVE('',#3495,#3612,#1682,.T.);
#4423=EDGE_CURVE('',#3496,#3613,#1683,.T.);
#4424=EDGE_CURVE('',#3497,#3614,#1684,.T.);
#4425=EDGE_CURVE('',#3498,#3615,#1685,.T.);
#4426=EDGE_CURVE('',#3499,#3616,#1686,.T.);
#4427=EDGE_CURVE('',#3500,#3617,#1687,.T.);
#4428=EDGE_CURVE('',#3501,#3618,#1688,.T.);
#4429=EDGE_CURVE('',#3502,#3619,#1689,.T.);
#4430=EDGE_CURVE('',#3503,#3620,#1690,.T.);
#4431=EDGE_CURVE('',#3504,#3621,#1691,.T.);
#4432=EDGE_CURVE('',#3505,#3622,#1692,.T.);
#4433=EDGE_CURVE('',#3506,#3623,#1693,.T.);
#4434=EDGE_CURVE('',#3507,#3624,#1694,.T.);
#4435=EDGE_CURVE('',#3508,#3625,#1695,.T.);
#4436=EDGE_CURVE('',#3509,#3626,#1696,.T.);
#4437=EDGE_CURVE('',#3510,#3627,#1697,.T.);
#4438=EDGE_CURVE('',#3511,#3628,#1698,.T.);
#4439=EDGE_CURVE('',#3512,#3629,#1699,.T.);
#4440=EDGE_CURVE('',#3513,#3630,#1700,.T.);
#4441=EDGE_CURVE('',#3468,#3585,#1701,.T.);
#4442=EDGE_CURVE('',#3467,#3584,#1702,.T.);
#4443=EDGE_CURVE('',#3469,#3611,#1703,.T.);
#4444=EDGE_CURVE('',#3470,#3610,#1704,.T.);
#4445=EDGE_CURVE('',#3471,#3609,#1705,.T.);
#4446=EDGE_CURVE('',#3472,#3608,#1706,.T.);
#4447=EDGE_CURVE('',#3473,#3607,#1707,.T.);
#4448=EDGE_CURVE('',#3474,#3606,#1708,.T.);
#4449=EDGE_CURVE('',#3475,#3605,#1709,.T.);
#4450=EDGE_CURVE('',#3476,#3604,#1710,.T.);
#4451=EDGE_CURVE('',#3477,#3603,#1711,.T.);
#4452=EDGE_CURVE('',#3478,#3602,#1712,.T.);
#4453=EDGE_CURVE('',#3479,#3601,#1713,.T.);
#4454=EDGE_CURVE('',#3480,#3600,#1714,.T.);
#4455=EDGE_CURVE('',#3481,#3599,#1715,.T.);
#4456=EDGE_CURVE('',#3482,#3598,#1716,.T.);
#4457=EDGE_CURVE('',#3483,#3597,#1717,.T.);
#4458=EDGE_CURVE('',#3484,#3596,#1718,.T.);
#4459=EDGE_CURVE('',#3485,#3595,#1719,.T.);
#4460=EDGE_CURVE('',#3486,#3594,#1720,.T.);
#4461=EDGE_CURVE('',#3487,#3593,#1721,.T.);
#4462=EDGE_CURVE('',#3488,#3592,#1722,.T.);
#4463=EDGE_CURVE('',#3489,#3591,#1723,.T.);
#4464=EDGE_CURVE('',#3490,#3590,#1724,.T.);
#4465=EDGE_CURVE('',#3491,#3589,#1725,.T.);
#4466=EDGE_CURVE('',#3492,#3588,#1726,.T.);
#4467=EDGE_CURVE('',#3493,#3587,#1727,.T.);
#4468=EDGE_CURVE('',#3494,#3586,#1728,.T.);
#4469=EDGE_CURVE('',#3516,#3632,#1729,.T.);
#4470=EDGE_CURVE('',#3515,#3631,#1730,.T.);
#4471=EDGE_CURVE('',#3517,#3634,#1731,.T.);
#4472=EDGE_CURVE('',#3518,#3633,#1732,.T.);
#4473=EDGE_CURVE('',#3520,#3636,#1733,.T.);
#4474=EDGE_CURVE('',#3519,#3635,#1734,.T.);
#4475=EDGE_CURVE('',#3521,#3638,#1735,.T.);
#4476=EDGE_CURVE('',#3522,#3637,#1736,.T.);
#4477=EDGE_CURVE('',#3524,#3640,#1737,.T.);
#4478=EDGE_CURVE('',#3523,#3639,#1738,.T.);
#4479=EDGE_CURVE('',#3525,#3642,#1739,.T.);
#4480=EDGE_CURVE('',#3526,#3641,#1740,.T.);
#4481=EDGE_CURVE('',#3528,#3644,#1741,.T.);
#4482=EDGE_CURVE('',#3527,#3643,#1742,.T.);
#4483=EDGE_CURVE('',#3529,#3646,#1743,.T.);
#4484=EDGE_CURVE('',#3530,#3645,#1744,.T.);
#4485=EDGE_CURVE('',#3532,#3648,#1745,.T.);
#4486=EDGE_CURVE('',#3531,#3647,#1746,.T.);
#4487=EDGE_CURVE('',#3533,#3650,#1747,.T.);
#4488=EDGE_CURVE('',#3534,#3649,#1748,.T.);
#4489=EDGE_CURVE('',#3536,#3652,#1749,.T.);
#4490=EDGE_CURVE('',#3535,#3651,#1750,.T.);
#4491=EDGE_CURVE('',#3537,#3654,#1751,.T.);
#4492=EDGE_CURVE('',#3538,#3653,#1752,.T.);
#4493=EDGE_CURVE('',#3540,#3656,#1753,.T.);
#4494=EDGE_CURVE('',#3539,#3655,#1754,.T.);
#4495=EDGE_CURVE('',#3541,#3658,#1755,.T.);
#4496=EDGE_CURVE('',#3542,#3657,#1756,.T.);
#4497=EDGE_CURVE('',#3699,#3700,#1757,.T.);
#4498=EDGE_CURVE('',#3699,#3660,#1758,.T.);
#4499=EDGE_CURVE('',#3700,#3659,#1759,.T.);
#4500=EDGE_CURVE('',#3564,#3699,#1760,.T.);
#4501=EDGE_CURVE('',#3565,#3700,#1761,.T.);
#4502=EDGE_CURVE('',#3700,#3701,#3165,.T.);
#4503=EDGE_CURVE('',#3566,#3701,#1762,.T.);
#4504=EDGE_CURVE('',#3701,#3702,#1763,.T.);
#4505=EDGE_CURVE('',#3559,#3702,#1764,.T.);
#4506=EDGE_CURVE('',#3702,#3703,#3166,.T.);
#4507=EDGE_CURVE('',#3560,#3703,#1765,.T.);
#4508=EDGE_CURVE('',#3703,#3704,#1766,.T.);
#4509=EDGE_CURVE('',#3561,#3704,#1767,.T.);
#4510=EDGE_CURVE('',#3704,#3705,#3167,.T.);
#4511=EDGE_CURVE('',#3562,#3705,#1768,.T.);
#4512=EDGE_CURVE('',#3705,#3706,#1769,.T.);
#4513=EDGE_CURVE('',#3563,#3706,#1770,.T.);
#4514=EDGE_CURVE('',#3706,#3699,#3168,.T.);
#4515=EDGE_CURVE('',#3706,#3661,#1771,.T.);
#4516=EDGE_CURVE('',#3705,#3662,#1772,.T.);
#4517=EDGE_CURVE('',#3704,#3663,#1773,.T.);
#4518=EDGE_CURVE('',#3703,#3664,#1774,.T.);
#4519=EDGE_CURVE('',#3702,#3665,#1775,.T.);
#4520=EDGE_CURVE('',#3701,#3666,#1776,.T.);
#4521=EDGE_CURVE('',#3544,#3668,#1777,.T.);
#4522=EDGE_CURVE('',#3543,#3667,#1778,.T.);
#4523=EDGE_CURVE('',#3545,#3670,#1779,.T.);
#4524=EDGE_CURVE('',#3546,#3669,#1780,.T.);
#4525=EDGE_CURVE('',#3548,#3672,#1781,.T.);
#4526=EDGE_CURVE('',#3547,#3671,#1782,.T.);
#4527=EDGE_CURVE('',#3549,#3674,#1783,.T.);
#4528=EDGE_CURVE('',#3550,#3673,#1784,.T.);
#4529=EDGE_CURVE('',#3552,#3676,#1785,.T.);
#4530=EDGE_CURVE('',#3551,#3675,#1786,.T.);
#4531=EDGE_CURVE('',#3553,#3678,#1787,.T.);
#4532=EDGE_CURVE('',#3554,#3677,#1788,.T.);
#4533=EDGE_CURVE('',#3556,#3680,#1789,.T.);
#4534=EDGE_CURVE('',#3555,#3679,#1790,.T.);
#4535=EDGE_CURVE('',#3557,#3682,#1791,.T.);
#4536=EDGE_CURVE('',#3558,#3681,#1792,.T.);
#4537=EDGE_CURVE('',#3683,#3707,#1793,.T.);
#4538=EDGE_CURVE('',#3707,#3708,#3169,.T.);
#4539=EDGE_CURVE('',#3684,#3708,#1794,.T.);
#4540=EDGE_CURVE('',#3708,#3709,#1795,.T.);
#4541=EDGE_CURVE('',#3685,#3709,#1796,.T.);
#4542=EDGE_CURVE('',#3709,#3710,#3170,.T.);
#4543=EDGE_CURVE('',#3686,#3710,#1797,.T.);
#4544=EDGE_CURVE('',#3710,#3711,#1798,.T.);
#4545=EDGE_CURVE('',#3687,#3711,#1799,.T.);
#4546=EDGE_CURVE('',#3711,#3712,#3171,.T.);
#4547=EDGE_CURVE('',#3688,#3712,#1800,.T.);
#4548=EDGE_CURVE('',#3712,#3713,#1801,.T.);
#4549=EDGE_CURVE('',#3689,#3713,#1802,.T.);
#4550=EDGE_CURVE('',#3713,#3714,#3172,.T.);
#4551=EDGE_CURVE('',#3690,#3714,#1803,.T.);
#4552=EDGE_CURVE('',#3714,#3707,#1804,.T.);
#4553=EDGE_CURVE('',#3715,#3716,#1805,.T.);
#4554=EDGE_CURVE('',#3715,#3707,#1806,.T.);
#4555=EDGE_CURVE('',#3716,#3714,#1807,.T.);
#4556=EDGE_CURVE('',#3574,#3715,#1808,.T.);
#4557=EDGE_CURVE('',#3567,#3716,#1809,.T.);
#4558=EDGE_CURVE('',#3716,#3717,#3173,.T.);
#4559=EDGE_CURVE('',#3568,#3717,#1810,.T.);
#4560=EDGE_CURVE('',#3717,#3718,#1811,.T.);
#4561=EDGE_CURVE('',#3569,#3718,#1812,.T.);
#4562=EDGE_CURVE('',#3718,#3719,#3174,.T.);
#4563=EDGE_CURVE('',#3570,#3719,#1813,.T.);
#4564=EDGE_CURVE('',#3719,#3720,#1814,.T.);
#4565=EDGE_CURVE('',#3571,#3720,#1815,.T.);
#4566=EDGE_CURVE('',#3572,#3721,#1816,.T.);
#4567=EDGE_CURVE('',#3720,#3721,#3175,.T.);
#4568=EDGE_CURVE('',#3721,#3722,#1817,.T.);
#4569=EDGE_CURVE('',#3573,#3722,#1818,.T.);
#4570=EDGE_CURVE('',#3722,#3715,#3176,.T.);
#4571=EDGE_CURVE('',#3722,#3708,#1819,.T.);
#4572=EDGE_CURVE('',#3721,#3709,#1820,.T.);
#4573=EDGE_CURVE('',#3720,#3710,#1821,.T.);
#4574=EDGE_CURVE('',#3719,#3711,#1822,.T.);
#4575=EDGE_CURVE('',#3718,#3712,#1823,.T.);
#4576=EDGE_CURVE('',#3717,#3713,#1824,.T.);
#4577=EDGE_CURVE('',#3691,#3723,#1825,.T.);
#4578=EDGE_CURVE('',#3723,#3724,#3177,.T.);
#4579=EDGE_CURVE('',#3692,#3724,#1826,.T.);
#4580=EDGE_CURVE('',#3724,#3725,#1827,.T.);
#4581=EDGE_CURVE('',#3693,#3725,#1828,.T.);
#4582=EDGE_CURVE('',#3725,#3726,#3178,.T.);
#4583=EDGE_CURVE('',#3694,#3726,#1829,.T.);
#4584=EDGE_CURVE('',#3726,#3727,#1830,.T.);
#4585=EDGE_CURVE('',#3695,#3727,#1831,.T.);
#4586=EDGE_CURVE('',#3727,#3728,#3179,.T.);
#4587=EDGE_CURVE('',#3696,#3728,#1832,.T.);
#4588=EDGE_CURVE('',#3728,#3729,#1833,.T.);
#4589=EDGE_CURVE('',#3697,#3729,#1834,.T.);
#4590=EDGE_CURVE('',#3729,#3730,#3180,.T.);
#4591=EDGE_CURVE('',#3698,#3730,#1835,.T.);
#4592=EDGE_CURVE('',#3730,#3723,#1836,.T.);
#4593=EDGE_CURVE('',#3731,#3730,#1837,.T.);
#4594=EDGE_CURVE('',#3732,#3731,#1838,.T.);
#4595=EDGE_CURVE('',#3732,#3723,#1839,.T.);
#4596=EDGE_CURVE('',#3733,#3732,#3181,.T.);
#4597=EDGE_CURVE('',#3733,#3724,#1840,.T.);
#4598=EDGE_CURVE('',#3734,#3733,#1841,.T.);
#4599=EDGE_CURVE('',#3734,#3725,#1842,.T.);
#4600=EDGE_CURVE('',#3735,#3734,#3182,.T.);
#4601=EDGE_CURVE('',#3735,#3726,#1843,.T.);
#4602=EDGE_CURVE('',#3736,#3735,#1844,.T.);
#4603=EDGE_CURVE('',#3736,#3727,#1845,.T.);
#4604=EDGE_CURVE('',#3737,#3736,#3183,.T.);
#4605=EDGE_CURVE('',#3737,#3728,#1846,.T.);
#4606=EDGE_CURVE('',#3738,#3737,#1847,.T.);
#4607=EDGE_CURVE('',#3738,#3729,#1848,.T.);
#4608=EDGE_CURVE('',#3731,#3738,#3184,.T.);
#4609=EDGE_CURVE('',#3575,#3731,#1849,.T.);
#4610=EDGE_CURVE('',#3576,#3738,#1850,.T.);
#4611=EDGE_CURVE('',#3577,#3737,#1851,.T.);
#4612=EDGE_CURVE('',#3578,#3736,#1852,.T.);
#4613=EDGE_CURVE('',#3579,#3735,#1853,.T.);
#4614=EDGE_CURVE('',#3580,#3734,#1854,.T.);
#4615=EDGE_CURVE('',#3581,#3733,#1855,.T.);
#4616=EDGE_CURVE('',#3582,#3732,#1856,.T.);
#4617=EDGE_CURVE('',#3739,#3740,#3185,.T.);
#4618=EDGE_CURVE('',#3741,#3739,#3186,.T.);
#4619=EDGE_CURVE('',#3742,#3741,#3187,.T.);
#4620=EDGE_CURVE('',#3743,#3742,#1857,.T.);
#4621=EDGE_CURVE('',#3744,#3743,#3188,.T.);
#4622=EDGE_CURVE('',#3745,#3744,#1858,.T.);
#4623=EDGE_CURVE('',#3746,#3745,#3189,.T.);
#4624=EDGE_CURVE('',#3747,#3746,#1859,.T.);
#4625=EDGE_CURVE('',#3748,#3747,#3190,.T.);
#4626=EDGE_CURVE('',#3749,#3748,#3191,.T.);
#4627=EDGE_CURVE('',#3750,#3749,#3192,.T.);
#4628=EDGE_CURVE('',#3751,#3750,#1860,.T.);
#4629=EDGE_CURVE('',#3752,#3751,#3193,.T.);
#4630=EDGE_CURVE('',#3753,#3752,#1861,.T.);
#4631=EDGE_CURVE('',#3754,#3753,#3194,.T.);
#4632=EDGE_CURVE('',#3740,#3754,#1862,.T.);
#4633=EDGE_CURVE('',#3755,#3755,#3195,.T.);
#4634=EDGE_CURVE('',#3756,#3756,#3196,.T.);
#4635=EDGE_CURVE('',#3757,#3757,#3197,.T.);
#4636=EDGE_CURVE('',#3758,#3758,#3198,.T.);
#4637=EDGE_CURVE('',#3759,#3759,#3199,.T.);
#4638=EDGE_CURVE('',#3760,#3760,#3200,.T.);
#4639=EDGE_CURVE('',#3761,#3761,#3201,.T.);
#4640=EDGE_CURVE('',#3762,#3762,#3202,.T.);
#4641=EDGE_CURVE('',#3763,#3764,#3203,.T.);
#4642=EDGE_CURVE('',#3765,#3763,#1863,.T.);
#4643=EDGE_CURVE('',#3766,#3765,#3204,.T.);
#4644=EDGE_CURVE('',#3767,#3766,#1864,.T.);
#4645=EDGE_CURVE('',#3768,#3767,#3205,.T.);
#4646=EDGE_CURVE('',#3769,#3768,#1865,.T.);
#4647=EDGE_CURVE('',#3770,#3769,#3206,.T.);
#4648=EDGE_CURVE('',#3771,#3770,#1866,.T.);
#4649=EDGE_CURVE('',#3772,#3771,#3207,.T.);
#4650=EDGE_CURVE('',#3773,#3772,#1867,.T.);
#4651=EDGE_CURVE('',#3774,#3773,#3208,.T.);
#4652=EDGE_CURVE('',#3775,#3774,#1868,.T.);
#4653=EDGE_CURVE('',#3776,#3775,#3209,.T.);
#4654=EDGE_CURVE('',#3777,#3776,#1869,.T.);
#4655=EDGE_CURVE('',#3778,#3777,#3210,.T.);
#4656=EDGE_CURVE('',#3779,#3778,#1870,.T.);
#4657=EDGE_CURVE('',#3780,#3779,#3211,.T.);
#4658=EDGE_CURVE('',#3781,#3780,#1871,.T.);
#4659=EDGE_CURVE('',#3782,#3781,#3212,.T.);
#4660=EDGE_CURVE('',#3783,#3782,#1872,.T.);
#4661=EDGE_CURVE('',#3784,#3783,#3213,.T.);
#4662=EDGE_CURVE('',#3785,#3784,#1873,.T.);
#4663=EDGE_CURVE('',#3786,#3785,#3214,.T.);
#4664=EDGE_CURVE('',#3764,#3786,#1874,.T.);
#4665=EDGE_CURVE('',#3787,#3787,#3215,.T.);
#4666=EDGE_CURVE('',#3788,#3788,#3216,.T.);
#4667=EDGE_CURVE('',#3789,#3789,#3217,.T.);
#4668=EDGE_CURVE('',#3790,#3790,#3218,.T.);
#4669=EDGE_CURVE('',#3791,#3791,#3219,.T.);
#4670=EDGE_CURVE('',#3792,#3792,#3220,.T.);
#4671=EDGE_CURVE('',#3762,#3793,#1875,.T.);
#4672=EDGE_CURVE('',#3793,#3793,#3221,.T.);
#4673=EDGE_CURVE('',#3794,#3795,#3222,.T.);
#4674=EDGE_CURVE('',#3795,#3796,#1876,.T.);
#4675=EDGE_CURVE('',#3796,#3797,#3223,.T.);
#4676=EDGE_CURVE('',#3797,#3798,#1877,.T.);
#4677=EDGE_CURVE('',#3798,#3799,#3224,.T.);
#4678=EDGE_CURVE('',#3799,#3800,#1878,.T.);
#4679=EDGE_CURVE('',#3800,#3801,#3225,.T.);
#4680=EDGE_CURVE('',#3801,#3802,#3226,.T.);
#4681=EDGE_CURVE('',#3802,#3803,#3227,.T.);
#4682=EDGE_CURVE('',#3803,#3804,#1879,.T.);
#4683=EDGE_CURVE('',#3804,#3805,#3228,.T.);
#4684=EDGE_CURVE('',#3805,#3806,#1880,.T.);
#4685=EDGE_CURVE('',#3806,#3807,#3229,.T.);
#4686=EDGE_CURVE('',#3807,#3808,#1881,.T.);
#4687=EDGE_CURVE('',#3808,#3809,#3230,.T.);
#4688=EDGE_CURVE('',#3809,#3794,#3231,.T.);
#4689=EDGE_CURVE('',#3810,#3810,#3232,.T.);
#4690=EDGE_CURVE('',#3811,#3811,#3233,.T.);
#4691=EDGE_CURVE('',#3812,#3812,#3234,.T.);
#4692=EDGE_CURVE('',#3813,#3813,#3235,.T.);
#4693=EDGE_CURVE('',#3814,#3814,#3236,.T.);
#4694=EDGE_CURVE('',#3815,#3815,#3237,.T.);
#4695=EDGE_CURVE('',#3816,#3816,#3238,.T.);
#4696=EDGE_CURVE('',#3817,#3817,#3239,.T.);
#4697=EDGE_CURVE('',#3818,#3818,#3240,.T.);
#4698=EDGE_CURVE('',#3819,#3819,#3241,.T.);
#4699=EDGE_CURVE('',#3820,#3820,#3242,.T.);
#4700=EDGE_CURVE('',#3821,#3821,#3243,.T.);
#4701=EDGE_CURVE('',#3822,#3822,#3244,.T.);
#4702=EDGE_CURVE('',#3823,#3824,#3245,.T.);
#4703=EDGE_CURVE('',#3824,#3825,#1882,.T.);
#4704=EDGE_CURVE('',#3825,#3826,#3246,.T.);
#4705=EDGE_CURVE('',#3826,#3827,#1883,.T.);
#4706=EDGE_CURVE('',#3827,#3828,#3247,.T.);
#4707=EDGE_CURVE('',#3828,#3829,#1884,.T.);
#4708=EDGE_CURVE('',#3829,#3830,#3248,.T.);
#4709=EDGE_CURVE('',#3830,#3831,#1885,.T.);
#4710=EDGE_CURVE('',#3831,#3832,#3249,.T.);
#4711=EDGE_CURVE('',#3832,#3833,#1886,.T.);
#4712=EDGE_CURVE('',#3833,#3834,#3250,.T.);
#4713=EDGE_CURVE('',#3834,#3835,#1887,.T.);
#4714=EDGE_CURVE('',#3835,#3836,#3251,.T.);
#4715=EDGE_CURVE('',#3836,#3837,#1888,.T.);
#4716=EDGE_CURVE('',#3837,#3838,#3252,.T.);
#4717=EDGE_CURVE('',#3838,#3839,#1889,.T.);
#4718=EDGE_CURVE('',#3839,#3840,#3253,.T.);
#4719=EDGE_CURVE('',#3840,#3841,#1890,.T.);
#4720=EDGE_CURVE('',#3841,#3842,#3254,.T.);
#4721=EDGE_CURVE('',#3842,#3843,#1891,.T.);
#4722=EDGE_CURVE('',#3843,#3844,#3255,.T.);
#4723=EDGE_CURVE('',#3844,#3845,#1892,.T.);
#4724=EDGE_CURVE('',#3845,#3846,#3256,.T.);
#4725=EDGE_CURVE('',#3846,#3823,#1893,.T.);
#4726=EDGE_CURVE('',#3755,#3810,#1894,.T.);
#4727=EDGE_CURVE('',#3756,#3811,#1895,.T.);
#4728=EDGE_CURVE('',#3757,#3812,#1896,.T.);
#4729=EDGE_CURVE('',#3758,#3813,#1897,.T.);
#4730=EDGE_CURVE('',#3759,#3814,#1898,.T.);
#4731=EDGE_CURVE('',#3760,#3815,#1899,.T.);
#4732=EDGE_CURVE('',#3761,#3816,#1900,.T.);
#4733=EDGE_CURVE('',#3740,#3795,#1901,.T.);
#4734=EDGE_CURVE('',#3739,#3794,#1902,.T.);
#4735=EDGE_CURVE('',#3741,#3809,#1903,.T.);
#4736=EDGE_CURVE('',#3742,#3808,#1904,.T.);
#4737=EDGE_CURVE('',#3743,#3807,#1905,.T.);
#4738=EDGE_CURVE('',#3744,#3806,#1906,.T.);
#4739=EDGE_CURVE('',#3745,#3805,#1907,.T.);
#4740=EDGE_CURVE('',#3746,#3804,#1908,.T.);
#4741=EDGE_CURVE('',#3747,#3803,#1909,.T.);
#4742=EDGE_CURVE('',#3748,#3802,#1910,.T.);
#4743=EDGE_CURVE('',#3749,#3801,#1911,.T.);
#4744=EDGE_CURVE('',#3750,#3800,#1912,.T.);
#4745=EDGE_CURVE('',#3751,#3799,#1913,.T.);
#4746=EDGE_CURVE('',#3752,#3798,#1914,.T.);
#4747=EDGE_CURVE('',#3753,#3797,#1915,.T.);
#4748=EDGE_CURVE('',#3754,#3796,#1916,.T.);
#4749=EDGE_CURVE('',#3817,#3787,#1917,.T.);
#4750=EDGE_CURVE('',#3818,#3788,#1918,.T.);
#4751=EDGE_CURVE('',#3819,#3789,#1919,.T.);
#4752=EDGE_CURVE('',#3820,#3790,#1920,.T.);
#4753=EDGE_CURVE('',#3821,#3791,#1921,.T.);
#4754=EDGE_CURVE('',#3822,#3792,#1922,.T.);
#4755=EDGE_CURVE('',#3823,#3847,#1923,.T.);
#4756=EDGE_CURVE('',#3847,#3848,#3257,.T.);
#4757=EDGE_CURVE('',#3824,#3848,#1924,.T.);
#4758=EDGE_CURVE('',#3848,#3849,#1925,.T.);
#4759=EDGE_CURVE('',#3825,#3849,#1926,.T.);
#4760=EDGE_CURVE('',#3849,#3850,#3258,.T.);
#4761=EDGE_CURVE('',#3826,#3850,#1927,.T.);
#4762=EDGE_CURVE('',#3850,#3851,#1928,.T.);
#4763=EDGE_CURVE('',#3827,#3851,#1929,.T.);
#4764=EDGE_CURVE('',#3851,#3852,#3259,.T.);
#4765=EDGE_CURVE('',#3828,#3852,#1930,.T.);
#4766=EDGE_CURVE('',#3852,#3853,#1931,.T.);
#4767=EDGE_CURVE('',#3829,#3853,#1932,.T.);
#4768=EDGE_CURVE('',#3853,#3854,#3260,.T.);
#4769=EDGE_CURVE('',#3830,#3854,#1933,.T.);
#4770=EDGE_CURVE('',#3854,#3855,#1934,.T.);
#4771=EDGE_CURVE('',#3831,#3855,#1935,.T.);
#4772=EDGE_CURVE('',#3855,#3856,#3261,.T.);
#4773=EDGE_CURVE('',#3832,#3856,#1936,.T.);
#4774=EDGE_CURVE('',#3856,#3857,#1937,.T.);
#4775=EDGE_CURVE('',#3833,#3857,#1938,.T.);
#4776=EDGE_CURVE('',#3857,#3858,#3262,.T.);
#4777=EDGE_CURVE('',#3834,#3858,#1939,.T.);
#4778=EDGE_CURVE('',#3858,#3859,#1940,.T.);
#4779=EDGE_CURVE('',#3835,#3859,#1941,.T.);
#4780=EDGE_CURVE('',#3859,#3860,#3263,.T.);
#4781=EDGE_CURVE('',#3836,#3860,#1942,.T.);
#4782=EDGE_CURVE('',#3860,#3861,#1943,.T.);
#4783=EDGE_CURVE('',#3837,#3861,#1944,.T.);
#4784=EDGE_CURVE('',#3861,#3862,#3264,.T.);
#4785=EDGE_CURVE('',#3838,#3862,#1945,.T.);
#4786=EDGE_CURVE('',#3862,#3863,#1946,.T.);
#4787=EDGE_CURVE('',#3839,#3863,#1947,.T.);
#4788=EDGE_CURVE('',#3863,#3864,#3265,.T.);
#4789=EDGE_CURVE('',#3840,#3864,#1948,.T.);
#4790=EDGE_CURVE('',#3864,#3865,#1949,.T.);
#4791=EDGE_CURVE('',#3841,#3865,#1950,.T.);
#4792=EDGE_CURVE('',#3865,#3866,#3266,.T.);
#4793=EDGE_CURVE('',#3842,#3866,#1951,.T.);
#4794=EDGE_CURVE('',#3866,#3867,#1952,.T.);
#4795=EDGE_CURVE('',#3843,#3867,#1953,.T.);
#4796=EDGE_CURVE('',#3867,#3868,#3267,.T.);
#4797=EDGE_CURVE('',#3844,#3868,#1954,.T.);
#4798=EDGE_CURVE('',#3868,#3869,#1955,.T.);
#4799=EDGE_CURVE('',#3845,#3869,#1956,.T.);
#4800=EDGE_CURVE('',#3869,#3870,#3268,.T.);
#4801=EDGE_CURVE('',#3846,#3870,#1957,.T.);
#4802=EDGE_CURVE('',#3870,#3847,#1958,.T.);
#4803=EDGE_CURVE('',#3764,#3870,#1959,.T.);
#4804=EDGE_CURVE('',#3786,#3847,#1960,.T.);
#4805=EDGE_CURVE('',#3785,#3848,#1961,.T.);
#4806=EDGE_CURVE('',#3784,#3849,#1962,.T.);
#4807=EDGE_CURVE('',#3783,#3850,#1963,.T.);
#4808=EDGE_CURVE('',#3782,#3851,#1964,.T.);
#4809=EDGE_CURVE('',#3781,#3852,#1965,.T.);
#4810=EDGE_CURVE('',#3780,#3853,#1966,.T.);
#4811=EDGE_CURVE('',#3779,#3854,#1967,.T.);
#4812=EDGE_CURVE('',#3778,#3855,#1968,.T.);
#4813=EDGE_CURVE('',#3777,#3856,#1969,.T.);
#4814=EDGE_CURVE('',#3776,#3857,#1970,.T.);
#4815=EDGE_CURVE('',#3775,#3858,#1971,.T.);
#4816=EDGE_CURVE('',#3774,#3859,#1972,.T.);
#4817=EDGE_CURVE('',#3773,#3860,#1973,.T.);
#4818=EDGE_CURVE('',#3772,#3861,#1974,.T.);
#4819=EDGE_CURVE('',#3771,#3862,#1975,.T.);
#4820=EDGE_CURVE('',#3770,#3863,#1976,.T.);
#4821=EDGE_CURVE('',#3769,#3864,#1977,.T.);
#4822=EDGE_CURVE('',#3768,#3865,#1978,.T.);
#4823=EDGE_CURVE('',#3767,#3866,#1979,.T.);
#4824=EDGE_CURVE('',#3766,#3867,#1980,.T.);
#4825=EDGE_CURVE('',#3765,#3868,#1981,.T.);
#4826=EDGE_CURVE('',#3763,#3869,#1982,.T.);
#4827=EDGE_CURVE('',#3871,#3872,#3269,.T.);
#4828=EDGE_CURVE('',#3873,#3871,#1983,.T.);
#4829=EDGE_CURVE('',#3874,#3873,#3270,.T.);
#4830=EDGE_CURVE('',#3875,#3874,#1984,.T.);
#4831=EDGE_CURVE('',#3876,#3875,#3271,.T.);
#4832=EDGE_CURVE('',#3877,#3876,#1985,.T.);
#4833=EDGE_CURVE('',#3878,#3877,#3272,.T.);
#4834=EDGE_CURVE('',#3872,#3878,#1986,.T.);
#4835=EDGE_CURVE('',#3879,#3879,#3273,.T.);
#4836=EDGE_CURVE('',#3880,#3880,#3274,.T.);
#4837=EDGE_CURVE('',#3881,#3881,#3275,.T.);
#4838=EDGE_CURVE('',#3882,#3882,#3276,.T.);
#4839=EDGE_CURVE('',#3883,#3883,#3277,.T.);
#4840=EDGE_CURVE('',#3884,#3884,#3278,.T.);
#4841=EDGE_CURVE('',#3885,#3885,#3279,.T.);
#4842=EDGE_CURVE('',#3886,#3886,#3280,.T.);
#4843=EDGE_CURVE('',#3887,#3887,#3281,.T.);
#4844=EDGE_CURVE('',#3888,#3888,#3282,.T.);
#4845=EDGE_CURVE('',#3889,#3890,#1987,.T.);
#4846=EDGE_CURVE('',#3891,#3889,#3283,.T.);
#4847=EDGE_CURVE('',#3892,#3891,#1988,.T.);
#4848=EDGE_CURVE('',#3893,#3892,#3284,.T.);
#4849=EDGE_CURVE('',#3894,#3893,#1989,.T.);
#4850=EDGE_CURVE('',#3890,#3894,#3285,.T.);
#4851=EDGE_CURVE('',#3895,#3896,#3286,.T.);
#4852=EDGE_CURVE('',#3897,#3895,#1990,.T.);
#4853=EDGE_CURVE('',#3898,#3897,#3287,.T.);
#4854=EDGE_CURVE('',#3899,#3898,#1991,.T.);
#4855=EDGE_CURVE('',#3900,#3899,#3288,.T.);
#4856=EDGE_CURVE('',#3896,#3900,#1992,.T.);
#4857=EDGE_CURVE('',#3901,#3902,#3289,.T.);
#4858=EDGE_CURVE('',#3903,#3901,#1993,.T.);
#4859=EDGE_CURVE('',#3904,#3903,#3290,.T.);
#4860=EDGE_CURVE('',#3905,#3904,#1994,.T.);
#4861=EDGE_CURVE('',#3906,#3905,#3291,.T.);
#4862=EDGE_CURVE('',#3902,#3906,#1995,.T.);
#4863=EDGE_CURVE('',#3907,#3908,#1996,.T.);
#4864=EDGE_CURVE('',#3909,#3907,#3292,.T.);
#4865=EDGE_CURVE('',#3910,#3909,#1997,.T.);
#4866=EDGE_CURVE('',#3911,#3910,#3293,.T.);
#4867=EDGE_CURVE('',#3912,#3911,#1998,.T.);
#4868=EDGE_CURVE('',#3908,#3912,#3294,.T.);
#4869=EDGE_CURVE('',#3913,#3914,#3295,.T.);
#4870=EDGE_CURVE('',#3914,#3915,#1999,.T.);
#4871=EDGE_CURVE('',#3915,#3916,#3296,.T.);
#4872=EDGE_CURVE('',#3916,#3913,#2000,.T.);
#4873=EDGE_CURVE('',#3917,#3918,#3297,.T.);
#4874=EDGE_CURVE('',#3918,#3919,#2001,.T.);
#4875=EDGE_CURVE('',#3919,#3920,#3298,.T.);
#4876=EDGE_CURVE('',#3920,#3917,#2002,.T.);
#4877=EDGE_CURVE('',#3921,#3922,#2003,.T.);
#4878=EDGE_CURVE('',#3921,#3923,#3299,.T.);
#4879=EDGE_CURVE('',#3924,#3923,#2004,.T.);
#4880=EDGE_CURVE('',#3924,#3925,#3300,.T.);
#4881=EDGE_CURVE('',#3926,#3925,#2005,.T.);
#4882=EDGE_CURVE('',#3926,#3927,#3301,.T.);
#4883=EDGE_CURVE('',#3928,#3927,#2006,.T.);
#4884=EDGE_CURVE('',#3928,#3922,#3302,.T.);
#4885=EDGE_CURVE('',#3872,#3929,#2007,.T.);
#4886=EDGE_CURVE('',#3930,#3929,#3303,.T.);
#4887=EDGE_CURVE('',#3871,#3930,#2008,.T.);
#4888=EDGE_CURVE('',#3931,#3930,#2009,.T.);
#4889=EDGE_CURVE('',#3873,#3931,#2010,.T.);
#4890=EDGE_CURVE('',#3932,#3931,#3304,.T.);
#4891=EDGE_CURVE('',#3874,#3932,#2011,.T.);
#4892=EDGE_CURVE('',#3933,#3932,#2012,.T.);
#4893=EDGE_CURVE('',#3875,#3933,#2013,.T.);
#4894=EDGE_CURVE('',#3934,#3933,#3305,.T.);
#4895=EDGE_CURVE('',#3876,#3934,#2014,.T.);
#4896=EDGE_CURVE('',#3935,#3934,#2015,.T.);
#4897=EDGE_CURVE('',#3877,#3935,#2016,.T.);
#4898=EDGE_CURVE('',#3936,#3935,#3306,.T.);
#4899=EDGE_CURVE('',#3878,#3936,#2017,.T.);
#4900=EDGE_CURVE('',#3929,#3936,#2018,.T.);
#4901=EDGE_CURVE('',#3937,#3937,#3307,.T.);
#4902=EDGE_CURVE('',#3938,#3938,#3308,.T.);
#4903=EDGE_CURVE('',#3939,#3939,#3309,.T.);
#4904=EDGE_CURVE('',#3940,#3940,#3310,.T.);
#4905=EDGE_CURVE('',#3941,#3941,#3311,.T.);
#4906=EDGE_CURVE('',#3942,#3942,#3312,.T.);
#4907=EDGE_CURVE('',#3943,#3943,#3313,.T.);
#4908=EDGE_CURVE('',#3944,#3944,#3314,.T.);
#4909=EDGE_CURVE('',#3945,#3945,#3315,.T.);
#4910=EDGE_CURVE('',#3946,#3946,#3316,.T.);
#4911=EDGE_CURVE('',#3947,#3948,#2019,.T.);
#4912=EDGE_CURVE('',#3948,#3949,#3317,.T.);
#4913=EDGE_CURVE('',#3949,#3950,#2020,.T.);
#4914=EDGE_CURVE('',#3950,#3951,#3318,.T.);
#4915=EDGE_CURVE('',#3951,#3952,#2021,.T.);
#4916=EDGE_CURVE('',#3952,#3947,#3319,.T.);
#4917=EDGE_CURVE('',#3953,#3954,#3320,.T.);
#4918=EDGE_CURVE('',#3954,#3955,#2022,.T.);
#4919=EDGE_CURVE('',#3955,#3956,#3321,.T.);
#4920=EDGE_CURVE('',#3956,#3957,#2023,.T.);
#4921=EDGE_CURVE('',#3957,#3958,#3322,.T.);
#4922=EDGE_CURVE('',#3958,#3953,#2024,.T.);
#4923=EDGE_CURVE('',#3959,#3960,#3323,.T.);
#4924=EDGE_CURVE('',#3960,#3961,#2025,.T.);
#4925=EDGE_CURVE('',#3961,#3962,#3324,.T.);
#4926=EDGE_CURVE('',#3962,#3963,#2026,.T.);
#4927=EDGE_CURVE('',#3963,#3964,#3325,.T.);
#4928=EDGE_CURVE('',#3964,#3959,#2027,.T.);
#4929=EDGE_CURVE('',#3965,#3966,#2028,.T.);
#4930=EDGE_CURVE('',#3966,#3967,#3326,.T.);
#4931=EDGE_CURVE('',#3967,#3968,#2029,.T.);
#4932=EDGE_CURVE('',#3968,#3969,#3327,.T.);
#4933=EDGE_CURVE('',#3969,#3970,#2030,.T.);
#4934=EDGE_CURVE('',#3970,#3965,#3328,.T.);
#4935=EDGE_CURVE('',#3971,#3972,#3329,.T.);
#4936=EDGE_CURVE('',#3972,#3973,#2031,.T.);
#4937=EDGE_CURVE('',#3973,#3974,#3330,.T.);
#4938=EDGE_CURVE('',#3974,#3971,#2032,.T.);
#4939=EDGE_CURVE('',#3975,#3976,#3331,.T.);
#4940=EDGE_CURVE('',#3976,#3977,#2033,.T.);
#4941=EDGE_CURVE('',#3977,#3978,#3332,.T.);
#4942=EDGE_CURVE('',#3978,#3975,#2034,.T.);
#4943=EDGE_CURVE('',#3979,#3980,#2035,.T.);
#4944=EDGE_CURVE('',#3980,#3981,#3333,.T.);
#4945=EDGE_CURVE('',#3981,#3982,#2036,.T.);
#4946=EDGE_CURVE('',#3982,#3983,#3334,.T.);
#4947=EDGE_CURVE('',#3983,#3984,#2037,.T.);
#4948=EDGE_CURVE('',#3984,#3985,#3335,.T.);
#4949=EDGE_CURVE('',#3985,#3986,#2038,.T.);
#4950=EDGE_CURVE('',#3986,#3979,#3336,.T.);
#4951=EDGE_CURVE('',#3879,#3937,#2039,.T.);
#4952=EDGE_CURVE('',#3880,#3938,#2040,.T.);
#4953=EDGE_CURVE('',#3881,#3939,#2041,.T.);
#4954=EDGE_CURVE('',#3882,#3940,#2042,.T.);
#4955=EDGE_CURVE('',#3883,#3941,#2043,.T.);
#4956=EDGE_CURVE('',#3884,#3942,#2044,.T.);
#4957=EDGE_CURVE('',#3885,#3943,#2045,.T.);
#4958=EDGE_CURVE('',#3886,#3944,#2046,.T.);
#4959=EDGE_CURVE('',#3887,#3945,#2047,.T.);
#4960=EDGE_CURVE('',#3888,#3946,#2048,.T.);
#4961=EDGE_CURVE('',#3890,#3948,#2049,.T.);
#4962=EDGE_CURVE('',#3889,#3947,#2050,.T.);
#4963=EDGE_CURVE('',#3891,#3952,#2051,.T.);
#4964=EDGE_CURVE('',#3892,#3951,#2052,.T.);
#4965=EDGE_CURVE('',#3893,#3950,#2053,.T.);
#4966=EDGE_CURVE('',#3894,#3949,#2054,.T.);
#4967=EDGE_CURVE('',#3896,#3954,#2055,.T.);
#4968=EDGE_CURVE('',#3895,#3953,#2056,.T.);
#4969=EDGE_CURVE('',#3897,#3958,#2057,.T.);
#4970=EDGE_CURVE('',#3898,#3957,#2058,.T.);
#4971=EDGE_CURVE('',#3899,#3956,#2059,.T.);
#4972=EDGE_CURVE('',#3900,#3955,#2060,.T.);
#4973=EDGE_CURVE('',#3902,#3960,#2061,.T.);
#4974=EDGE_CURVE('',#3901,#3959,#2062,.T.);
#4975=EDGE_CURVE('',#3903,#3964,#2063,.T.);
#4976=EDGE_CURVE('',#3904,#3963,#2064,.T.);
#4977=EDGE_CURVE('',#3905,#3962,#2065,.T.);
#4978=EDGE_CURVE('',#3906,#3961,#2066,.T.);
#4979=EDGE_CURVE('',#3908,#3966,#2067,.T.);
#4980=EDGE_CURVE('',#3907,#3965,#2068,.T.);
#4981=EDGE_CURVE('',#3909,#3970,#2069,.T.);
#4982=EDGE_CURVE('',#3910,#3969,#2070,.T.);
#4983=EDGE_CURVE('',#3911,#3968,#2071,.T.);
#4984=EDGE_CURVE('',#3912,#3967,#2072,.T.);
#4985=EDGE_CURVE('',#3971,#3987,#2073,.T.);
#4986=EDGE_CURVE('',#3987,#3988,#3337,.T.);
#4987=EDGE_CURVE('',#3972,#3988,#2074,.T.);
#4988=EDGE_CURVE('',#3988,#3989,#2075,.T.);
#4989=EDGE_CURVE('',#3973,#3989,#2076,.T.);
#4990=EDGE_CURVE('',#3989,#3990,#3338,.T.);
#4991=EDGE_CURVE('',#3974,#3990,#2077,.T.);
#4992=EDGE_CURVE('',#3990,#3987,#2078,.T.);
#4993=EDGE_CURVE('',#3991,#3992,#2079,.T.);
#4994=EDGE_CURVE('',#3991,#3987,#2080,.T.);
#4995=EDGE_CURVE('',#3992,#3990,#2081,.T.);
#4996=EDGE_CURVE('',#3916,#3991,#2082,.T.);
#4997=EDGE_CURVE('',#3913,#3992,#2083,.T.);
#4998=EDGE_CURVE('',#3992,#3993,#3339,.T.);
#4999=EDGE_CURVE('',#3914,#3993,#2084,.T.);
#5000=EDGE_CURVE('',#3993,#3994,#2085,.T.);
#5001=EDGE_CURVE('',#3915,#3994,#2086,.T.);
#5002=EDGE_CURVE('',#3994,#3991,#3340,.T.);
#5003=EDGE_CURVE('',#3994,#3988,#2087,.T.);
#5004=EDGE_CURVE('',#3993,#3989,#2088,.T.);
#5005=EDGE_CURVE('',#3975,#3995,#2089,.T.);
#5006=EDGE_CURVE('',#3995,#3996,#3341,.T.);
#5007=EDGE_CURVE('',#3976,#3996,#2090,.T.);
#5008=EDGE_CURVE('',#3996,#3997,#2091,.T.);
#5009=EDGE_CURVE('',#3977,#3997,#2092,.T.);
#5010=EDGE_CURVE('',#3997,#3998,#3342,.T.);
#5011=EDGE_CURVE('',#3978,#3998,#2093,.T.);
#5012=EDGE_CURVE('',#3998,#3995,#2094,.T.);
#5013=EDGE_CURVE('',#3999,#4000,#2095,.T.);
#5014=EDGE_CURVE('',#3999,#3995,#2096,.T.);
#5015=EDGE_CURVE('',#4000,#3998,#2097,.T.);
#5016=EDGE_CURVE('',#3920,#3999,#2098,.T.);
#5017=EDGE_CURVE('',#3917,#4000,#2099,.T.);
#5018=EDGE_CURVE('',#4000,#4001,#3343,.T.);
#5019=EDGE_CURVE('',#3918,#4001,#2100,.T.);
#5020=EDGE_CURVE('',#4001,#4002,#2101,.T.);
#5021=EDGE_CURVE('',#3919,#4002,#2102,.T.);
#5022=EDGE_CURVE('',#4002,#3999,#3344,.T.);
#5023=EDGE_CURVE('',#4002,#3996,#2103,.T.);
#5024=EDGE_CURVE('',#4001,#3997,#2104,.T.);
#5025=EDGE_CURVE('',#3928,#3979,#2105,.T.);
#5026=EDGE_CURVE('',#3927,#3980,#2106,.T.);
#5027=EDGE_CURVE('',#3922,#3986,#2107,.T.);
#5028=EDGE_CURVE('',#3921,#3985,#2108,.T.);
#5029=EDGE_CURVE('',#3923,#3984,#2109,.T.);
#5030=EDGE_CURVE('',#3924,#3983,#2110,.T.);
#5031=EDGE_CURVE('',#3925,#3982,#2111,.T.);
#5032=EDGE_CURVE('',#3926,#3981,#2112,.T.);
#5033=EDGE_CURVE('',#4003,#4004,#3345,.T.);
#5034=EDGE_CURVE('',#4004,#4005,#2113,.T.);
#5035=EDGE_CURVE('',#4005,#4006,#3346,.T.);
#5036=EDGE_CURVE('',#4006,#4007,#2114,.T.);
#5037=EDGE_CURVE('',#4007,#4008,#3347,.T.);
#5038=EDGE_CURVE('',#4008,#4009,#2115,.T.);
#5039=EDGE_CURVE('',#4009,#4010,#3348,.T.);
#5040=EDGE_CURVE('',#4010,#4011,#3349,.T.);
#5041=EDGE_CURVE('',#4011,#4012,#2116,.T.);
#5042=EDGE_CURVE('',#4012,#4013,#3350,.T.);
#5043=EDGE_CURVE('',#4013,#4014,#2117,.T.);
#5044=EDGE_CURVE('',#4014,#4015,#3351,.T.);
#5045=EDGE_CURVE('',#4015,#4016,#2118,.T.);
#5046=EDGE_CURVE('',#4016,#4017,#3352,.T.);
#5047=EDGE_CURVE('',#4017,#4018,#2119,.T.);
#5048=EDGE_CURVE('',#4018,#4019,#3353,.T.);
#5049=EDGE_CURVE('',#4019,#4020,#3354,.T.);
#5050=EDGE_CURVE('',#4020,#4003,#2120,.T.);
#5051=EDGE_CURVE('',#4021,#4021,#3355,.T.);
#5052=EDGE_CURVE('',#4022,#4022,#3356,.T.);
#5053=EDGE_CURVE('',#4023,#4023,#3357,.T.);
#5054=EDGE_CURVE('',#4024,#4024,#3358,.T.);
#5055=EDGE_CURVE('',#4025,#4025,#3359,.T.);
#5056=EDGE_CURVE('',#4026,#4026,#3360,.T.);
#5057=EDGE_CURVE('',#4027,#4027,#3361,.T.);
#5058=EDGE_CURVE('',#4028,#4028,#3362,.T.);
#5059=EDGE_CURVE('',#4028,#4029,#2121,.T.);
#5060=EDGE_CURVE('',#4029,#4029,#3363,.T.);
#5061=EDGE_CURVE('',#4030,#4031,#3364,.T.);
#5062=EDGE_CURVE('',#4031,#4032,#3365,.T.);
#5063=EDGE_CURVE('',#4032,#4033,#2122,.T.);
#5064=EDGE_CURVE('',#4033,#4034,#3366,.T.);
#5065=EDGE_CURVE('',#4034,#4035,#2123,.T.);
#5066=EDGE_CURVE('',#4035,#4036,#3367,.T.);
#5067=EDGE_CURVE('',#4036,#4037,#2124,.T.);
#5068=EDGE_CURVE('',#4037,#4038,#3368,.T.);
#5069=EDGE_CURVE('',#4038,#4039,#2125,.T.);
#5070=EDGE_CURVE('',#4039,#4040,#3369,.T.);
#5071=EDGE_CURVE('',#4040,#4041,#3370,.T.);
#5072=EDGE_CURVE('',#4041,#4042,#2126,.T.);
#5073=EDGE_CURVE('',#4042,#4043,#3371,.T.);
#5074=EDGE_CURVE('',#4043,#4044,#2127,.T.);
#5075=EDGE_CURVE('',#4044,#4045,#3372,.T.);
#5076=EDGE_CURVE('',#4045,#4046,#2128,.T.);
#5077=EDGE_CURVE('',#4046,#4047,#3373,.T.);
#5078=EDGE_CURVE('',#4047,#4030,#2129,.T.);
#5079=EDGE_CURVE('',#4048,#4048,#3374,.T.);
#5080=EDGE_CURVE('',#4049,#4049,#3375,.T.);
#5081=EDGE_CURVE('',#4050,#4050,#3376,.T.);
#5082=EDGE_CURVE('',#4051,#4051,#3377,.T.);
#5083=EDGE_CURVE('',#4052,#4052,#3378,.T.);
#5084=EDGE_CURVE('',#4053,#4053,#3379,.T.);
#5085=EDGE_CURVE('',#4054,#4054,#3380,.T.);
#5086=EDGE_CURVE('',#4021,#4048,#2130,.T.);
#5087=EDGE_CURVE('',#4022,#4049,#2131,.T.);
#5088=EDGE_CURVE('',#4023,#4050,#2132,.T.);
#5089=EDGE_CURVE('',#4024,#4051,#2133,.T.);
#5090=EDGE_CURVE('',#4025,#4052,#2134,.T.);
#5091=EDGE_CURVE('',#4026,#4053,#2135,.T.);
#5092=EDGE_CURVE('',#4027,#4054,#2136,.T.);
#5093=EDGE_CURVE('',#4030,#4055,#2137,.T.);
#5094=EDGE_CURVE('',#4055,#4056,#3381,.T.);
#5095=EDGE_CURVE('',#4031,#4056,#2138,.T.);
#5096=EDGE_CURVE('',#4056,#4057,#3382,.T.);
#5097=EDGE_CURVE('',#4032,#4057,#2139,.T.);
#5098=EDGE_CURVE('',#4057,#4058,#2140,.T.);
#5099=EDGE_CURVE('',#4033,#4058,#2141,.T.);
#5100=EDGE_CURVE('',#4058,#4059,#3383,.T.);
#5101=EDGE_CURVE('',#4034,#4059,#2142,.T.);
#5102=EDGE_CURVE('',#4059,#4060,#2143,.T.);
#5103=EDGE_CURVE('',#4035,#4060,#2144,.T.);
#5104=EDGE_CURVE('',#4060,#4061,#3384,.T.);
#5105=EDGE_CURVE('',#4036,#4061,#2145,.T.);
#5106=EDGE_CURVE('',#4061,#4062,#2146,.T.);
#5107=EDGE_CURVE('',#4037,#4062,#2147,.T.);
#5108=EDGE_CURVE('',#4062,#4063,#3385,.T.);
#5109=EDGE_CURVE('',#4038,#4063,#2148,.T.);
#5110=EDGE_CURVE('',#4063,#4064,#2149,.T.);
#5111=EDGE_CURVE('',#4039,#4064,#2150,.T.);
#5112=EDGE_CURVE('',#4064,#4065,#3386,.T.);
#5113=EDGE_CURVE('',#4040,#4065,#2151,.T.);
#5114=EDGE_CURVE('',#4065,#4066,#3387,.T.);
#5115=EDGE_CURVE('',#4041,#4066,#2152,.T.);
#5116=EDGE_CURVE('',#4066,#4067,#2153,.T.);
#5117=EDGE_CURVE('',#4042,#4067,#2154,.T.);
#5118=EDGE_CURVE('',#4067,#4068,#3388,.T.);
#5119=EDGE_CURVE('',#4043,#4068,#2155,.T.);
#5120=EDGE_CURVE('',#4068,#4069,#2156,.T.);
#5121=EDGE_CURVE('',#4044,#4069,#2157,.T.);
#5122=EDGE_CURVE('',#4069,#4070,#3389,.T.);
#5123=EDGE_CURVE('',#4045,#4070,#2158,.T.);
#5124=EDGE_CURVE('',#4070,#4071,#2159,.T.);
#5125=EDGE_CURVE('',#4046,#4071,#2160,.T.);
#5126=EDGE_CURVE('',#4071,#4072,#3390,.T.);
#5127=EDGE_CURVE('',#4047,#4072,#2161,.T.);
#5128=EDGE_CURVE('',#4072,#4055,#2162,.T.);
#5129=EDGE_CURVE('',#4073,#4072,#2163,.T.);
#5130=EDGE_CURVE('',#4074,#4073,#2164,.T.);
#5131=EDGE_CURVE('',#4074,#4055,#2165,.T.);
#5132=EDGE_CURVE('',#4075,#4074,#3391,.T.);
#5133=EDGE_CURVE('',#4075,#4056,#2166,.T.);
#5134=EDGE_CURVE('',#4076,#4075,#3392,.T.);
#5135=EDGE_CURVE('',#4076,#4057,#2167,.T.);
#5136=EDGE_CURVE('',#4077,#4076,#2168,.T.);
#5137=EDGE_CURVE('',#4077,#4058,#2169,.T.);
#5138=EDGE_CURVE('',#4078,#4077,#3393,.T.);
#5139=EDGE_CURVE('',#4078,#4059,#2170,.T.);
#5140=EDGE_CURVE('',#4079,#4078,#2171,.T.);
#5141=EDGE_CURVE('',#4079,#4060,#2172,.T.);
#5142=EDGE_CURVE('',#4080,#4079,#3394,.T.);
#5143=EDGE_CURVE('',#4080,#4061,#2173,.T.);
#5144=EDGE_CURVE('',#4081,#4080,#2174,.T.);
#5145=EDGE_CURVE('',#4081,#4062,#2175,.T.);
#5146=EDGE_CURVE('',#4082,#4081,#3395,.T.);
#5147=EDGE_CURVE('',#4082,#4063,#2176,.T.);
#5148=EDGE_CURVE('',#4083,#4082,#2177,.T.);
#5149=EDGE_CURVE('',#4083,#4064,#2178,.T.);
#5150=EDGE_CURVE('',#4084,#4083,#3396,.T.);
#5151=EDGE_CURVE('',#4084,#4065,#2179,.T.);
#5152=EDGE_CURVE('',#4085,#4084,#3397,.T.);
#5153=EDGE_CURVE('',#4085,#4066,#2180,.T.);
#5154=EDGE_CURVE('',#4086,#4085,#2181,.T.);
#5155=EDGE_CURVE('',#4086,#4067,#2182,.T.);
#5156=EDGE_CURVE('',#4087,#4086,#3398,.T.);
#5157=EDGE_CURVE('',#4087,#4068,#2183,.T.);
#5158=EDGE_CURVE('',#4088,#4087,#2184,.T.);
#5159=EDGE_CURVE('',#4088,#4069,#2185,.T.);
#5160=EDGE_CURVE('',#4089,#4088,#3399,.T.);
#5161=EDGE_CURVE('',#4089,#4070,#2186,.T.);
#5162=EDGE_CURVE('',#4090,#4089,#2187,.T.);
#5163=EDGE_CURVE('',#4090,#4071,#2188,.T.);
#5164=EDGE_CURVE('',#4073,#4090,#3400,.T.);
#5165=EDGE_CURVE('',#4003,#4073,#2189,.T.);
#5166=EDGE_CURVE('',#4004,#4090,#2190,.T.);
#5167=EDGE_CURVE('',#4005,#4089,#2191,.T.);
#5168=EDGE_CURVE('',#4006,#4088,#2192,.T.);
#5169=EDGE_CURVE('',#4007,#4087,#2193,.T.);
#5170=EDGE_CURVE('',#4008,#4086,#2194,.T.);
#5171=EDGE_CURVE('',#4009,#4085,#2195,.T.);
#5172=EDGE_CURVE('',#4010,#4084,#2196,.T.);
#5173=EDGE_CURVE('',#4011,#4083,#2197,.T.);
#5174=EDGE_CURVE('',#4012,#4082,#2198,.T.);
#5175=EDGE_CURVE('',#4013,#4081,#2199,.T.);
#5176=EDGE_CURVE('',#4014,#4080,#2200,.T.);
#5177=EDGE_CURVE('',#4015,#4079,#2201,.T.);
#5178=EDGE_CURVE('',#4016,#4078,#2202,.T.);
#5179=EDGE_CURVE('',#4017,#4077,#2203,.T.);
#5180=EDGE_CURVE('',#4018,#4076,#2204,.T.);
#5181=EDGE_CURVE('',#4019,#4075,#2205,.T.);
#5182=EDGE_CURVE('',#4020,#4074,#2206,.T.);
#5183=EDGE_CURVE('',#4091,#4092,#3401,.T.);
#5184=EDGE_CURVE('',#4092,#4093,#2207,.T.);
#5185=EDGE_CURVE('',#4093,#4094,#3402,.T.);
#5186=EDGE_CURVE('',#4094,#4095,#2208,.T.);
#5187=EDGE_CURVE('',#4095,#4096,#3403,.T.);
#5188=EDGE_CURVE('',#4096,#4097,#2209,.T.);
#5189=EDGE_CURVE('',#4097,#4098,#3404,.T.);
#5190=EDGE_CURVE('',#4098,#4099,#3405,.T.);
#5191=EDGE_CURVE('',#4099,#4100,#2210,.T.);
#5192=EDGE_CURVE('',#4100,#4101,#3406,.T.);
#5193=EDGE_CURVE('',#4101,#4102,#2211,.T.);
#5194=EDGE_CURVE('',#4102,#4103,#3407,.T.);
#5195=EDGE_CURVE('',#4103,#4104,#2212,.T.);
#5196=EDGE_CURVE('',#4104,#4105,#3408,.T.);
#5197=EDGE_CURVE('',#4105,#4106,#2213,.T.);
#5198=EDGE_CURVE('',#4106,#4107,#3409,.T.);
#5199=EDGE_CURVE('',#4107,#4108,#3410,.T.);
#5200=EDGE_CURVE('',#4108,#4091,#2214,.T.);
#5201=EDGE_CURVE('',#4109,#4109,#3411,.T.);
#5202=EDGE_CURVE('',#4110,#4110,#3412,.T.);
#5203=EDGE_CURVE('',#4111,#4111,#3413,.T.);
#5204=EDGE_CURVE('',#4112,#4112,#3414,.T.);
#5205=EDGE_CURVE('',#4113,#4113,#3415,.T.);
#5206=EDGE_CURVE('',#4114,#4114,#3416,.T.);
#5207=EDGE_CURVE('',#4115,#4115,#3417,.T.);
#5208=EDGE_CURVE('',#4116,#4116,#3418,.T.);
#5209=EDGE_CURVE('',#4116,#4117,#2215,.T.);
#5210=EDGE_CURVE('',#4117,#4117,#3419,.T.);
#5211=EDGE_CURVE('',#4118,#4119,#3420,.T.);
#5212=EDGE_CURVE('',#4119,#4120,#3421,.T.);
#5213=EDGE_CURVE('',#4120,#4121,#2216,.T.);
#5214=EDGE_CURVE('',#4121,#4122,#3422,.T.);
#5215=EDGE_CURVE('',#4122,#4123,#2217,.T.);
#5216=EDGE_CURVE('',#4123,#4124,#3423,.T.);
#5217=EDGE_CURVE('',#4124,#4125,#2218,.T.);
#5218=EDGE_CURVE('',#4125,#4126,#3424,.T.);
#5219=EDGE_CURVE('',#4126,#4127,#2219,.T.);
#5220=EDGE_CURVE('',#4127,#4128,#3425,.T.);
#5221=EDGE_CURVE('',#4128,#4129,#3426,.T.);
#5222=EDGE_CURVE('',#4129,#4130,#2220,.T.);
#5223=EDGE_CURVE('',#4130,#4131,#3427,.T.);
#5224=EDGE_CURVE('',#4131,#4132,#2221,.T.);
#5225=EDGE_CURVE('',#4132,#4133,#3428,.T.);
#5226=EDGE_CURVE('',#4133,#4134,#2222,.T.);
#5227=EDGE_CURVE('',#4134,#4135,#3429,.T.);
#5228=EDGE_CURVE('',#4135,#4118,#2223,.T.);
#5229=EDGE_CURVE('',#4136,#4136,#3430,.T.);
#5230=EDGE_CURVE('',#4137,#4137,#3431,.T.);
#5231=EDGE_CURVE('',#4138,#4138,#3432,.T.);
#5232=EDGE_CURVE('',#4139,#4139,#3433,.T.);
#5233=EDGE_CURVE('',#4140,#4140,#3434,.T.);
#5234=EDGE_CURVE('',#4141,#4141,#3435,.T.);
#5235=EDGE_CURVE('',#4142,#4142,#3436,.T.);
#5236=EDGE_CURVE('',#4109,#4136,#2224,.T.);
#5237=EDGE_CURVE('',#4110,#4137,#2225,.T.);
#5238=EDGE_CURVE('',#4111,#4138,#2226,.T.);
#5239=EDGE_CURVE('',#4112,#4139,#2227,.T.);
#5240=EDGE_CURVE('',#4113,#4140,#2228,.T.);
#5241=EDGE_CURVE('',#4114,#4141,#2229,.T.);
#5242=EDGE_CURVE('',#4115,#4142,#2230,.T.);
#5243=EDGE_CURVE('',#4118,#4143,#2231,.T.);
#5244=EDGE_CURVE('',#4143,#4144,#3437,.T.);
#5245=EDGE_CURVE('',#4119,#4144,#2232,.T.);
#5246=EDGE_CURVE('',#4144,#4145,#3438,.T.);
#5247=EDGE_CURVE('',#4120,#4145,#2233,.T.);
#5248=EDGE_CURVE('',#4145,#4146,#2234,.T.);
#5249=EDGE_CURVE('',#4121,#4146,#2235,.T.);
#5250=EDGE_CURVE('',#4146,#4147,#3439,.T.);
#5251=EDGE_CURVE('',#4122,#4147,#2236,.T.);
#5252=EDGE_CURVE('',#4147,#4148,#2237,.T.);
#5253=EDGE_CURVE('',#4123,#4148,#2238,.T.);
#5254=EDGE_CURVE('',#4148,#4149,#3440,.T.);
#5255=EDGE_CURVE('',#4124,#4149,#2239,.T.);
#5256=EDGE_CURVE('',#4149,#4150,#2240,.T.);
#5257=EDGE_CURVE('',#4125,#4150,#2241,.T.);
#5258=EDGE_CURVE('',#4150,#4151,#3441,.T.);
#5259=EDGE_CURVE('',#4126,#4151,#2242,.T.);
#5260=EDGE_CURVE('',#4151,#4152,#2243,.T.);
#5261=EDGE_CURVE('',#4127,#4152,#2244,.T.);
#5262=EDGE_CURVE('',#4152,#4153,#3442,.T.);
#5263=EDGE_CURVE('',#4128,#4153,#2245,.T.);
#5264=EDGE_CURVE('',#4153,#4154,#3443,.T.);
#5265=EDGE_CURVE('',#4129,#4154,#2246,.T.);
#5266=EDGE_CURVE('',#4154,#4155,#2247,.T.);
#5267=EDGE_CURVE('',#4130,#4155,#2248,.T.);
#5268=EDGE_CURVE('',#4155,#4156,#3444,.T.);
#5269=EDGE_CURVE('',#4131,#4156,#2249,.T.);
#5270=EDGE_CURVE('',#4156,#4157,#2250,.T.);
#5271=EDGE_CURVE('',#4132,#4157,#2251,.T.);
#5272=EDGE_CURVE('',#4157,#4158,#3445,.T.);
#5273=EDGE_CURVE('',#4133,#4158,#2252,.T.);
#5274=EDGE_CURVE('',#4158,#4159,#2253,.T.);
#5275=EDGE_CURVE('',#4134,#4159,#2254,.T.);
#5276=EDGE_CURVE('',#4159,#4160,#3446,.T.);
#5277=EDGE_CURVE('',#4135,#4160,#2255,.T.);
#5278=EDGE_CURVE('',#4160,#4143,#2256,.T.);
#5279=EDGE_CURVE('',#4161,#4160,#2257,.T.);
#5280=EDGE_CURVE('',#4162,#4161,#2258,.T.);
#5281=EDGE_CURVE('',#4162,#4143,#2259,.T.);
#5282=EDGE_CURVE('',#4163,#4162,#3447,.T.);
#5283=EDGE_CURVE('',#4163,#4144,#2260,.T.);
#5284=EDGE_CURVE('',#4164,#4163,#3448,.T.);
#5285=EDGE_CURVE('',#4164,#4145,#2261,.T.);
#5286=EDGE_CURVE('',#4165,#4164,#2262,.T.);
#5287=EDGE_CURVE('',#4165,#4146,#2263,.T.);
#5288=EDGE_CURVE('',#4166,#4165,#3449,.T.);
#5289=EDGE_CURVE('',#4166,#4147,#2264,.T.);
#5290=EDGE_CURVE('',#4167,#4166,#2265,.T.);
#5291=EDGE_CURVE('',#4167,#4148,#2266,.T.);
#5292=EDGE_CURVE('',#4168,#4167,#3450,.T.);
#5293=EDGE_CURVE('',#4168,#4149,#2267,.T.);
#5294=EDGE_CURVE('',#4169,#4168,#2268,.T.);
#5295=EDGE_CURVE('',#4169,#4150,#2269,.T.);
#5296=EDGE_CURVE('',#4170,#4169,#3451,.T.);
#5297=EDGE_CURVE('',#4170,#4151,#2270,.T.);
#5298=EDGE_CURVE('',#4171,#4170,#2271,.T.);
#5299=EDGE_CURVE('',#4171,#4152,#2272,.T.);
#5300=EDGE_CURVE('',#4172,#4171,#3452,.T.);
#5301=EDGE_CURVE('',#4172,#4153,#2273,.T.);
#5302=EDGE_CURVE('',#4173,#4172,#3453,.T.);
#5303=EDGE_CURVE('',#4173,#4154,#2274,.T.);
#5304=EDGE_CURVE('',#4174,#4173,#2275,.T.);
#5305=EDGE_CURVE('',#4174,#4155,#2276,.T.);
#5306=EDGE_CURVE('',#4175,#4174,#3454,.T.);
#5307=EDGE_CURVE('',#4175,#4156,#2277,.T.);
#5308=EDGE_CURVE('',#4176,#4175,#2278,.T.);
#5309=EDGE_CURVE('',#4176,#4157,#2279,.T.);
#5310=EDGE_CURVE('',#4177,#4176,#3455,.T.);
#5311=EDGE_CURVE('',#4177,#4158,#2280,.T.);
#5312=EDGE_CURVE('',#4178,#4177,#2281,.T.);
#5313=EDGE_CURVE('',#4178,#4159,#2282,.T.);
#5314=EDGE_CURVE('',#4161,#4178,#3456,.T.);
#5315=EDGE_CURVE('',#4091,#4161,#2283,.T.);
#5316=EDGE_CURVE('',#4092,#4178,#2284,.T.);
#5317=EDGE_CURVE('',#4093,#4177,#2285,.T.);
#5318=EDGE_CURVE('',#4094,#4176,#2286,.T.);
#5319=EDGE_CURVE('',#4095,#4175,#2287,.T.);
#5320=EDGE_CURVE('',#4096,#4174,#2288,.T.);
#5321=EDGE_CURVE('',#4097,#4173,#2289,.T.);
#5322=EDGE_CURVE('',#4098,#4172,#2290,.T.);
#5323=EDGE_CURVE('',#4099,#4171,#2291,.T.);
#5324=EDGE_CURVE('',#4100,#4170,#2292,.T.);
#5325=EDGE_CURVE('',#4101,#4169,#2293,.T.);
#5326=EDGE_CURVE('',#4102,#4168,#2294,.T.);
#5327=EDGE_CURVE('',#4103,#4167,#2295,.T.);
#5328=EDGE_CURVE('',#4104,#4166,#2296,.T.);
#5329=EDGE_CURVE('',#4105,#4165,#2297,.T.);
#5330=EDGE_CURVE('',#4106,#4164,#2298,.T.);
#5331=EDGE_CURVE('',#4107,#4163,#2299,.T.);
#5332=EDGE_CURVE('',#4108,#4162,#2300,.T.);
#5333=EDGE_CURVE('',#4179,#4179,#3457,.T.);
#5334=EDGE_CURVE('',#4180,#4180,#3458,.T.);
#5335=EDGE_CURVE('',#4180,#4181,#2301,.T.);
#5336=EDGE_CURVE('',#4181,#4181,#3459,.T.);
#5337=EDGE_CURVE('',#4182,#4182,#3460,.T.);
#5338=EDGE_CURVE('',#4182,#4183,#2302,.T.);
#5339=EDGE_CURVE('',#4183,#4183,#3461,.T.);
#5340=EDGE_CURVE('',#4183,#4184,#2303,.T.);
#5341=EDGE_CURVE('',#4184,#4184,#3462,.T.);
#5342=EDGE_CURVE('',#4184,#4185,#2304,.T.);
#5343=EDGE_CURVE('',#4185,#4186,#3463,.T.);
#5344=EDGE_CURVE('',#4186,#4185,#3464,.T.);
#5345=EDGE_CURVE('',#4187,#4188,#3465,.T.);
#5346=EDGE_CURVE('',#4188,#4186,#2305,.T.);
#5347=EDGE_CURVE('',#4188,#4187,#3466,.T.);
#5348=EDGE_CURVE('',#4187,#4179,#2306,.T.);
#5349=ORIENTED_EDGE('',*,*,#4189,.F.);
#5350=ORIENTED_EDGE('',*,*,#4190,.F.);
#5351=ORIENTED_EDGE('',*,*,#4191,.F.);
#5352=ORIENTED_EDGE('',*,*,#4192,.F.);
#5353=ORIENTED_EDGE('',*,*,#4193,.F.);
#5354=ORIENTED_EDGE('',*,*,#4194,.F.);
#5355=ORIENTED_EDGE('',*,*,#4195,.F.);
#5356=ORIENTED_EDGE('',*,*,#4196,.F.);
#5357=ORIENTED_EDGE('',*,*,#4197,.F.);
#5358=ORIENTED_EDGE('',*,*,#4198,.F.);
#5359=ORIENTED_EDGE('',*,*,#4199,.F.);
#5360=ORIENTED_EDGE('',*,*,#4200,.F.);
#5361=ORIENTED_EDGE('',*,*,#4201,.F.);
#5362=ORIENTED_EDGE('',*,*,#4202,.F.);
#5363=ORIENTED_EDGE('',*,*,#4203,.F.);
#5364=ORIENTED_EDGE('',*,*,#4204,.F.);
#5365=ORIENTED_EDGE('',*,*,#4205,.F.);
#5366=ORIENTED_EDGE('',*,*,#4206,.F.);
#5367=ORIENTED_EDGE('',*,*,#4207,.F.);
#5368=ORIENTED_EDGE('',*,*,#4208,.F.);
#5369=ORIENTED_EDGE('',*,*,#4209,.F.);
#5370=ORIENTED_EDGE('',*,*,#4210,.F.);
#5371=ORIENTED_EDGE('',*,*,#4211,.F.);
#5372=ORIENTED_EDGE('',*,*,#4212,.F.);
#5373=ORIENTED_EDGE('',*,*,#4213,.F.);
#5374=ORIENTED_EDGE('',*,*,#4214,.F.);
#5375=ORIENTED_EDGE('',*,*,#4215,.F.);
#5376=ORIENTED_EDGE('',*,*,#4216,.F.);
#5377=ORIENTED_EDGE('',*,*,#4217,.F.);
#5378=ORIENTED_EDGE('',*,*,#4218,.F.);
#5379=ORIENTED_EDGE('',*,*,#4219,.F.);
#5380=ORIENTED_EDGE('',*,*,#4220,.F.);
#5381=ORIENTED_EDGE('',*,*,#4221,.F.);
#5382=ORIENTED_EDGE('',*,*,#4222,.F.);
#5383=ORIENTED_EDGE('',*,*,#4223,.F.);
#5384=ORIENTED_EDGE('',*,*,#4224,.F.);
#5385=ORIENTED_EDGE('',*,*,#4225,.F.);
#5386=ORIENTED_EDGE('',*,*,#4226,.F.);
#5387=ORIENTED_EDGE('',*,*,#4227,.F.);
#5388=ORIENTED_EDGE('',*,*,#4228,.F.);
#5389=ORIENTED_EDGE('',*,*,#4229,.F.);
#5390=ORIENTED_EDGE('',*,*,#4230,.F.);
#5391=ORIENTED_EDGE('',*,*,#4231,.F.);
#5392=ORIENTED_EDGE('',*,*,#4232,.F.);
#5393=ORIENTED_EDGE('',*,*,#4233,.F.);
#5394=ORIENTED_EDGE('',*,*,#4234,.F.);
#5395=ORIENTED_EDGE('',*,*,#4235,.F.);
#5396=ORIENTED_EDGE('',*,*,#4236,.F.);
#5397=ORIENTED_EDGE('',*,*,#4237,.F.);
#5398=ORIENTED_EDGE('',*,*,#4238,.F.);
#5399=ORIENTED_EDGE('',*,*,#4239,.F.);
#5400=ORIENTED_EDGE('',*,*,#4240,.F.);
#5401=ORIENTED_EDGE('',*,*,#4241,.F.);
#5402=ORIENTED_EDGE('',*,*,#4242,.F.);
#5403=ORIENTED_EDGE('',*,*,#4243,.F.);
#5404=ORIENTED_EDGE('',*,*,#4244,.F.);
#5405=ORIENTED_EDGE('',*,*,#4245,.F.);
#5406=ORIENTED_EDGE('',*,*,#4246,.F.);
#5407=ORIENTED_EDGE('',*,*,#4247,.F.);
#5408=ORIENTED_EDGE('',*,*,#4248,.F.);
#5409=ORIENTED_EDGE('',*,*,#4249,.F.);
#5410=ORIENTED_EDGE('',*,*,#4250,.F.);
#5411=ORIENTED_EDGE('',*,*,#4251,.F.);
#5412=ORIENTED_EDGE('',*,*,#4252,.F.);
#5413=ORIENTED_EDGE('',*,*,#4253,.F.);
#5414=ORIENTED_EDGE('',*,*,#4254,.F.);
#5415=ORIENTED_EDGE('',*,*,#4255,.F.);
#5416=ORIENTED_EDGE('',*,*,#4256,.F.);
#5417=ORIENTED_EDGE('',*,*,#4257,.F.);
#5418=ORIENTED_EDGE('',*,*,#4258,.F.);
#5419=ORIENTED_EDGE('',*,*,#4259,.F.);
#5420=ORIENTED_EDGE('',*,*,#4260,.F.);
#5421=ORIENTED_EDGE('',*,*,#4261,.F.);
#5422=ORIENTED_EDGE('',*,*,#4262,.F.);
#5423=ORIENTED_EDGE('',*,*,#4263,.F.);
#5424=ORIENTED_EDGE('',*,*,#4264,.F.);
#5425=ORIENTED_EDGE('',*,*,#4265,.F.);
#5426=ORIENTED_EDGE('',*,*,#4266,.F.);
#5427=ORIENTED_EDGE('',*,*,#4267,.F.);
#5428=ORIENTED_EDGE('',*,*,#4268,.F.);
#5429=ORIENTED_EDGE('',*,*,#4269,.F.);
#5430=ORIENTED_EDGE('',*,*,#4270,.F.);
#5431=ORIENTED_EDGE('',*,*,#4271,.F.);
#5432=ORIENTED_EDGE('',*,*,#4272,.F.);
#5433=ORIENTED_EDGE('',*,*,#4273,.F.);
#5434=ORIENTED_EDGE('',*,*,#4274,.F.);
#5435=ORIENTED_EDGE('',*,*,#4275,.F.);
#5436=ORIENTED_EDGE('',*,*,#4276,.F.);
#5437=ORIENTED_EDGE('',*,*,#4277,.F.);
#5438=ORIENTED_EDGE('',*,*,#4278,.F.);
#5439=ORIENTED_EDGE('',*,*,#4279,.F.);
#5440=ORIENTED_EDGE('',*,*,#4280,.F.);
#5441=ORIENTED_EDGE('',*,*,#4281,.T.);
#5442=ORIENTED_EDGE('',*,*,#4282,.T.);
#5443=ORIENTED_EDGE('',*,*,#4283,.T.);
#5444=ORIENTED_EDGE('',*,*,#4284,.T.);
#5445=ORIENTED_EDGE('',*,*,#4285,.T.);
#5446=ORIENTED_EDGE('',*,*,#4286,.T.);
#5447=ORIENTED_EDGE('',*,*,#4287,.T.);
#5448=ORIENTED_EDGE('',*,*,#4288,.T.);
#5449=ORIENTED_EDGE('',*,*,#4289,.T.);
#5450=ORIENTED_EDGE('',*,*,#4290,.T.);
#5451=ORIENTED_EDGE('',*,*,#4291,.T.);
#5452=ORIENTED_EDGE('',*,*,#4292,.T.);
#5453=ORIENTED_EDGE('',*,*,#4293,.T.);
#5454=ORIENTED_EDGE('',*,*,#4294,.T.);
#5455=ORIENTED_EDGE('',*,*,#4295,.T.);
#5456=ORIENTED_EDGE('',*,*,#4296,.T.);
#5457=ORIENTED_EDGE('',*,*,#4297,.T.);
#5458=ORIENTED_EDGE('',*,*,#4298,.T.);
#5459=ORIENTED_EDGE('',*,*,#4299,.T.);
#5460=ORIENTED_EDGE('',*,*,#4300,.T.);
#5461=ORIENTED_EDGE('',*,*,#4301,.T.);
#5462=ORIENTED_EDGE('',*,*,#4302,.T.);
#5463=ORIENTED_EDGE('',*,*,#4303,.T.);
#5464=ORIENTED_EDGE('',*,*,#4304,.T.);
#5465=ORIENTED_EDGE('',*,*,#4236,.T.);
#5466=ORIENTED_EDGE('',*,*,#4305,.T.);
#5467=ORIENTED_EDGE('',*,*,#4306,.F.);
#5468=ORIENTED_EDGE('',*,*,#4305,.F.);
#5469=ORIENTED_EDGE('',*,*,#4307,.T.);
#5470=ORIENTED_EDGE('',*,*,#4308,.T.);
#5471=ORIENTED_EDGE('',*,*,#4309,.T.);
#5472=ORIENTED_EDGE('',*,*,#4310,.T.);
#5473=ORIENTED_EDGE('',*,*,#4311,.T.);
#5474=ORIENTED_EDGE('',*,*,#4312,.T.);
#5475=ORIENTED_EDGE('',*,*,#4313,.T.);
#5476=ORIENTED_EDGE('',*,*,#4314,.T.);
#5477=ORIENTED_EDGE('',*,*,#4315,.T.);
#5478=ORIENTED_EDGE('',*,*,#4316,.T.);
#5479=ORIENTED_EDGE('',*,*,#4317,.T.);
#5480=ORIENTED_EDGE('',*,*,#4318,.T.);
#5481=ORIENTED_EDGE('',*,*,#4319,.T.);
#5482=ORIENTED_EDGE('',*,*,#4320,.T.);
#5483=ORIENTED_EDGE('',*,*,#4321,.T.);
#5484=ORIENTED_EDGE('',*,*,#4322,.T.);
#5485=ORIENTED_EDGE('',*,*,#4323,.T.);
#5486=ORIENTED_EDGE('',*,*,#4324,.T.);
#5487=ORIENTED_EDGE('',*,*,#4325,.T.);
#5488=ORIENTED_EDGE('',*,*,#4326,.T.);
#5489=ORIENTED_EDGE('',*,*,#4327,.T.);
#5490=ORIENTED_EDGE('',*,*,#4328,.T.);
#5491=ORIENTED_EDGE('',*,*,#4329,.T.);
#5492=ORIENTED_EDGE('',*,*,#4330,.T.);
#5493=ORIENTED_EDGE('',*,*,#4331,.T.);
#5494=ORIENTED_EDGE('',*,*,#4332,.T.);
#5495=ORIENTED_EDGE('',*,*,#4333,.T.);
#5496=ORIENTED_EDGE('',*,*,#4334,.T.);
#5497=ORIENTED_EDGE('',*,*,#4335,.T.);
#5498=ORIENTED_EDGE('',*,*,#4336,.T.);
#5499=ORIENTED_EDGE('',*,*,#4337,.T.);
#5500=ORIENTED_EDGE('',*,*,#4338,.T.);
#5501=ORIENTED_EDGE('',*,*,#4339,.T.);
#5502=ORIENTED_EDGE('',*,*,#4340,.T.);
#5503=ORIENTED_EDGE('',*,*,#4341,.T.);
#5504=ORIENTED_EDGE('',*,*,#4342,.T.);
#5505=ORIENTED_EDGE('',*,*,#4343,.T.);
#5506=ORIENTED_EDGE('',*,*,#4344,.T.);
#5507=ORIENTED_EDGE('',*,*,#4345,.T.);
#5508=ORIENTED_EDGE('',*,*,#4346,.T.);
#5509=ORIENTED_EDGE('',*,*,#4347,.T.);
#5510=ORIENTED_EDGE('',*,*,#4348,.T.);
#5511=ORIENTED_EDGE('',*,*,#4349,.T.);
#5512=ORIENTED_EDGE('',*,*,#4350,.T.);
#5513=ORIENTED_EDGE('',*,*,#4351,.T.);
#5514=ORIENTED_EDGE('',*,*,#4352,.T.);
#5515=ORIENTED_EDGE('',*,*,#4353,.T.);
#5516=ORIENTED_EDGE('',*,*,#4306,.T.);
#5517=ORIENTED_EDGE('',*,*,#4354,.T.);
#5518=ORIENTED_EDGE('',*,*,#4355,.T.);
#5519=ORIENTED_EDGE('',*,*,#4356,.T.);
#5520=ORIENTED_EDGE('',*,*,#4357,.T.);
#5521=ORIENTED_EDGE('',*,*,#4358,.T.);
#5522=ORIENTED_EDGE('',*,*,#4359,.T.);
#5523=ORIENTED_EDGE('',*,*,#4360,.T.);
#5524=ORIENTED_EDGE('',*,*,#4361,.T.);
#5525=ORIENTED_EDGE('',*,*,#4362,.T.);
#5526=ORIENTED_EDGE('',*,*,#4363,.T.);
#5527=ORIENTED_EDGE('',*,*,#4364,.T.);
#5528=ORIENTED_EDGE('',*,*,#4365,.T.);
#5529=ORIENTED_EDGE('',*,*,#4366,.T.);
#5530=ORIENTED_EDGE('',*,*,#4367,.T.);
#5531=ORIENTED_EDGE('',*,*,#4368,.T.);
#5532=ORIENTED_EDGE('',*,*,#4369,.T.);
#5533=ORIENTED_EDGE('',*,*,#4370,.T.);
#5534=ORIENTED_EDGE('',*,*,#4371,.T.);
#5535=ORIENTED_EDGE('',*,*,#4372,.T.);
#5536=ORIENTED_EDGE('',*,*,#4373,.T.);
#5537=ORIENTED_EDGE('',*,*,#4374,.T.);
#5538=ORIENTED_EDGE('',*,*,#4375,.T.);
#5539=ORIENTED_EDGE('',*,*,#4376,.T.);
#5540=ORIENTED_EDGE('',*,*,#4377,.T.);
#5541=ORIENTED_EDGE('',*,*,#4378,.T.);
#5542=ORIENTED_EDGE('',*,*,#4379,.T.);
#5543=ORIENTED_EDGE('',*,*,#4380,.T.);
#5544=ORIENTED_EDGE('',*,*,#4381,.T.);
#5545=ORIENTED_EDGE('',*,*,#4382,.T.);
#5546=ORIENTED_EDGE('',*,*,#4383,.T.);
#5547=ORIENTED_EDGE('',*,*,#4384,.T.);
#5548=ORIENTED_EDGE('',*,*,#4385,.T.);
#5549=ORIENTED_EDGE('',*,*,#4386,.T.);
#5550=ORIENTED_EDGE('',*,*,#4387,.T.);
#5551=ORIENTED_EDGE('',*,*,#4388,.T.);
#5552=ORIENTED_EDGE('',*,*,#4389,.T.);
#5553=ORIENTED_EDGE('',*,*,#4390,.T.);
#5554=ORIENTED_EDGE('',*,*,#4391,.T.);
#5555=ORIENTED_EDGE('',*,*,#4392,.T.);
#5556=ORIENTED_EDGE('',*,*,#4393,.T.);
#5557=ORIENTED_EDGE('',*,*,#4394,.T.);
#5558=ORIENTED_EDGE('',*,*,#4395,.T.);
#5559=ORIENTED_EDGE('',*,*,#4396,.T.);
#5560=ORIENTED_EDGE('',*,*,#4397,.T.);
#5561=ORIENTED_EDGE('',*,*,#4398,.T.);
#5562=ORIENTED_EDGE('',*,*,#4399,.T.);
#5563=ORIENTED_EDGE('',*,*,#4400,.T.);
#5564=ORIENTED_EDGE('',*,*,#4401,.T.);
#5565=ORIENTED_EDGE('',*,*,#4402,.T.);
#5566=ORIENTED_EDGE('',*,*,#4403,.T.);
#5567=ORIENTED_EDGE('',*,*,#4404,.T.);
#5568=ORIENTED_EDGE('',*,*,#4405,.T.);
#5569=ORIENTED_EDGE('',*,*,#4406,.T.);
#5570=ORIENTED_EDGE('',*,*,#4407,.T.);
#5571=ORIENTED_EDGE('',*,*,#4408,.T.);
#5572=ORIENTED_EDGE('',*,*,#4409,.T.);
#5573=ORIENTED_EDGE('',*,*,#4410,.T.);
#5574=ORIENTED_EDGE('',*,*,#4411,.T.);
#5575=ORIENTED_EDGE('',*,*,#4412,.T.);
#5576=ORIENTED_EDGE('',*,*,#4413,.T.);
#5577=ORIENTED_EDGE('',*,*,#4414,.T.);
#5578=ORIENTED_EDGE('',*,*,#4415,.T.);
#5579=ORIENTED_EDGE('',*,*,#4416,.T.);
#5580=ORIENTED_EDGE('',*,*,#4417,.T.);
#5581=ORIENTED_EDGE('',*,*,#4418,.T.);
#5582=ORIENTED_EDGE('',*,*,#4419,.T.);
#5583=ORIENTED_EDGE('',*,*,#4420,.T.);
#5584=ORIENTED_EDGE('',*,*,#4421,.T.);
#5585=ORIENTED_EDGE('',*,*,#4217,.T.);
#5586=ORIENTED_EDGE('',*,*,#4422,.T.);
#5587=ORIENTED_EDGE('',*,*,#4335,.F.);
#5588=ORIENTED_EDGE('',*,*,#4422,.F.);
#5589=ORIENTED_EDGE('',*,*,#4218,.T.);
#5590=ORIENTED_EDGE('',*,*,#4423,.T.);
#5591=ORIENTED_EDGE('',*,*,#4336,.F.);
#5592=ORIENTED_EDGE('',*,*,#4423,.F.);
#5593=ORIENTED_EDGE('',*,*,#4219,.T.);
#5594=ORIENTED_EDGE('',*,*,#4424,.T.);
#5595=ORIENTED_EDGE('',*,*,#4337,.F.);
#5596=ORIENTED_EDGE('',*,*,#4424,.F.);
#5597=ORIENTED_EDGE('',*,*,#4220,.T.);
#5598=ORIENTED_EDGE('',*,*,#4425,.T.);
#5599=ORIENTED_EDGE('',*,*,#4338,.F.);
#5600=ORIENTED_EDGE('',*,*,#4425,.F.);
#5601=ORIENTED_EDGE('',*,*,#4221,.T.);
#5602=ORIENTED_EDGE('',*,*,#4426,.T.);
#5603=ORIENTED_EDGE('',*,*,#4339,.F.);
#5604=ORIENTED_EDGE('',*,*,#4426,.F.);
#5605=ORIENTED_EDGE('',*,*,#4222,.T.);
#5606=ORIENTED_EDGE('',*,*,#4427,.T.);
#5607=ORIENTED_EDGE('',*,*,#4340,.F.);
#5608=ORIENTED_EDGE('',*,*,#4427,.F.);
#5609=ORIENTED_EDGE('',*,*,#4223,.T.);
#5610=ORIENTED_EDGE('',*,*,#4428,.T.);
#5611=ORIENTED_EDGE('',*,*,#4341,.F.);
#5612=ORIENTED_EDGE('',*,*,#4428,.F.);
#5613=ORIENTED_EDGE('',*,*,#4224,.T.);
#5614=ORIENTED_EDGE('',*,*,#4429,.T.);
#5615=ORIENTED_EDGE('',*,*,#4342,.F.);
#5616=ORIENTED_EDGE('',*,*,#4429,.F.);
#5617=ORIENTED_EDGE('',*,*,#4225,.T.);
#5618=ORIENTED_EDGE('',*,*,#4430,.T.);
#5619=ORIENTED_EDGE('',*,*,#4343,.F.);
#5620=ORIENTED_EDGE('',*,*,#4430,.F.);
#5621=ORIENTED_EDGE('',*,*,#4226,.T.);
#5622=ORIENTED_EDGE('',*,*,#4431,.T.);
#5623=ORIENTED_EDGE('',*,*,#4344,.F.);
#5624=ORIENTED_EDGE('',*,*,#4431,.F.);
#5625=ORIENTED_EDGE('',*,*,#4227,.T.);
#5626=ORIENTED_EDGE('',*,*,#4432,.T.);
#5627=ORIENTED_EDGE('',*,*,#4345,.F.);
#5628=ORIENTED_EDGE('',*,*,#4432,.F.);
#5629=ORIENTED_EDGE('',*,*,#4228,.T.);
#5630=ORIENTED_EDGE('',*,*,#4433,.T.);
#5631=ORIENTED_EDGE('',*,*,#4346,.F.);
#5632=ORIENTED_EDGE('',*,*,#4433,.F.);
#5633=ORIENTED_EDGE('',*,*,#4229,.T.);
#5634=ORIENTED_EDGE('',*,*,#4434,.T.);
#5635=ORIENTED_EDGE('',*,*,#4347,.F.);
#5636=ORIENTED_EDGE('',*,*,#4434,.F.);
#5637=ORIENTED_EDGE('',*,*,#4230,.T.);
#5638=ORIENTED_EDGE('',*,*,#4435,.T.);
#5639=ORIENTED_EDGE('',*,*,#4348,.F.);
#5640=ORIENTED_EDGE('',*,*,#4435,.F.);
#5641=ORIENTED_EDGE('',*,*,#4231,.T.);
#5642=ORIENTED_EDGE('',*,*,#4436,.T.);
#5643=ORIENTED_EDGE('',*,*,#4349,.F.);
#5644=ORIENTED_EDGE('',*,*,#4436,.F.);
#5645=ORIENTED_EDGE('',*,*,#4232,.T.);
#5646=ORIENTED_EDGE('',*,*,#4437,.T.);
#5647=ORIENTED_EDGE('',*,*,#4350,.F.);
#5648=ORIENTED_EDGE('',*,*,#4437,.F.);
#5649=ORIENTED_EDGE('',*,*,#4233,.T.);
#5650=ORIENTED_EDGE('',*,*,#4438,.T.);
#5651=ORIENTED_EDGE('',*,*,#4351,.F.);
#5652=ORIENTED_EDGE('',*,*,#4438,.F.);
#5653=ORIENTED_EDGE('',*,*,#4234,.T.);
#5654=ORIENTED_EDGE('',*,*,#4439,.T.);
#5655=ORIENTED_EDGE('',*,*,#4352,.F.);
#5656=ORIENTED_EDGE('',*,*,#4439,.F.);
#5657=ORIENTED_EDGE('',*,*,#4235,.T.);
#5658=ORIENTED_EDGE('',*,*,#4440,.T.);
#5659=ORIENTED_EDGE('',*,*,#4353,.F.);
#5660=ORIENTED_EDGE('',*,*,#4440,.F.);
#5661=ORIENTED_EDGE('',*,*,#4189,.T.);
#5662=ORIENTED_EDGE('',*,*,#4441,.T.);
#5663=ORIENTED_EDGE('',*,*,#4307,.F.);
#5664=ORIENTED_EDGE('',*,*,#4442,.F.);
#5665=ORIENTED_EDGE('',*,*,#4190,.T.);
#5666=ORIENTED_EDGE('',*,*,#4442,.T.);
#5667=ORIENTED_EDGE('',*,*,#4334,.F.);
#5668=ORIENTED_EDGE('',*,*,#4443,.F.);
#5669=ORIENTED_EDGE('',*,*,#4191,.T.);
#5670=ORIENTED_EDGE('',*,*,#4443,.T.);
#5671=ORIENTED_EDGE('',*,*,#4333,.F.);
#5672=ORIENTED_EDGE('',*,*,#4444,.F.);
#5673=ORIENTED_EDGE('',*,*,#4192,.T.);
#5674=ORIENTED_EDGE('',*,*,#4444,.T.);
#5675=ORIENTED_EDGE('',*,*,#4332,.F.);
#5676=ORIENTED_EDGE('',*,*,#4445,.F.);
#5677=ORIENTED_EDGE('',*,*,#4193,.T.);
#5678=ORIENTED_EDGE('',*,*,#4445,.T.);
#5679=ORIENTED_EDGE('',*,*,#4331,.F.);
#5680=ORIENTED_EDGE('',*,*,#4446,.F.);
#5681=ORIENTED_EDGE('',*,*,#4194,.T.);
#5682=ORIENTED_EDGE('',*,*,#4446,.T.);
#5683=ORIENTED_EDGE('',*,*,#4330,.F.);
#5684=ORIENTED_EDGE('',*,*,#4447,.F.);
#5685=ORIENTED_EDGE('',*,*,#4195,.T.);
#5686=ORIENTED_EDGE('',*,*,#4447,.T.);
#5687=ORIENTED_EDGE('',*,*,#4329,.F.);
#5688=ORIENTED_EDGE('',*,*,#4448,.F.);
#5689=ORIENTED_EDGE('',*,*,#4196,.T.);
#5690=ORIENTED_EDGE('',*,*,#4448,.T.);
#5691=ORIENTED_EDGE('',*,*,#4328,.F.);
#5692=ORIENTED_EDGE('',*,*,#4449,.F.);
#5693=ORIENTED_EDGE('',*,*,#4197,.T.);
#5694=ORIENTED_EDGE('',*,*,#4449,.T.);
#5695=ORIENTED_EDGE('',*,*,#4327,.F.);
#5696=ORIENTED_EDGE('',*,*,#4450,.F.);
#5697=ORIENTED_EDGE('',*,*,#4198,.T.);
#5698=ORIENTED_EDGE('',*,*,#4450,.T.);
#5699=ORIENTED_EDGE('',*,*,#4326,.F.);
#5700=ORIENTED_EDGE('',*,*,#4451,.F.);
#5701=ORIENTED_EDGE('',*,*,#4199,.T.);
#5702=ORIENTED_EDGE('',*,*,#4451,.T.);
#5703=ORIENTED_EDGE('',*,*,#4325,.F.);
#5704=ORIENTED_EDGE('',*,*,#4452,.F.);
#5705=ORIENTED_EDGE('',*,*,#4200,.T.);
#5706=ORIENTED_EDGE('',*,*,#4452,.T.);
#5707=ORIENTED_EDGE('',*,*,#4324,.F.);
#5708=ORIENTED_EDGE('',*,*,#4453,.F.);
#5709=ORIENTED_EDGE('',*,*,#4201,.T.);
#5710=ORIENTED_EDGE('',*,*,#4453,.T.);
#5711=ORIENTED_EDGE('',*,*,#4323,.F.);
#5712=ORIENTED_EDGE('',*,*,#4454,.F.);
#5713=ORIENTED_EDGE('',*,*,#4202,.T.);
#5714=ORIENTED_EDGE('',*,*,#4454,.T.);
#5715=ORIENTED_EDGE('',*,*,#4322,.F.);
#5716=ORIENTED_EDGE('',*,*,#4455,.F.);
#5717=ORIENTED_EDGE('',*,*,#4203,.T.);
#5718=ORIENTED_EDGE('',*,*,#4455,.T.);
#5719=ORIENTED_EDGE('',*,*,#4321,.F.);
#5720=ORIENTED_EDGE('',*,*,#4456,.F.);
#5721=ORIENTED_EDGE('',*,*,#4204,.T.);
#5722=ORIENTED_EDGE('',*,*,#4456,.T.);
#5723=ORIENTED_EDGE('',*,*,#4320,.F.);
#5724=ORIENTED_EDGE('',*,*,#4457,.F.);
#5725=ORIENTED_EDGE('',*,*,#4205,.T.);
#5726=ORIENTED_EDGE('',*,*,#4457,.T.);
#5727=ORIENTED_EDGE('',*,*,#4319,.F.);
#5728=ORIENTED_EDGE('',*,*,#4458,.F.);
#5729=ORIENTED_EDGE('',*,*,#4206,.T.);
#5730=ORIENTED_EDGE('',*,*,#4458,.T.);
#5731=ORIENTED_EDGE('',*,*,#4318,.F.);
#5732=ORIENTED_EDGE('',*,*,#4459,.F.);
#5733=ORIENTED_EDGE('',*,*,#4207,.T.);
#5734=ORIENTED_EDGE('',*,*,#4459,.T.);
#5735=ORIENTED_EDGE('',*,*,#4317,.F.);
#5736=ORIENTED_EDGE('',*,*,#4460,.F.);
#5737=ORIENTED_EDGE('',*,*,#4208,.T.);
#5738=ORIENTED_EDGE('',*,*,#4460,.T.);
#5739=ORIENTED_EDGE('',*,*,#4316,.F.);
#5740=ORIENTED_EDGE('',*,*,#4461,.F.);
#5741=ORIENTED_EDGE('',*,*,#4209,.T.);
#5742=ORIENTED_EDGE('',*,*,#4461,.T.);
#5743=ORIENTED_EDGE('',*,*,#4315,.F.);
#5744=ORIENTED_EDGE('',*,*,#4462,.F.);
#5745=ORIENTED_EDGE('',*,*,#4210,.T.);
#5746=ORIENTED_EDGE('',*,*,#4462,.T.);
#5747=ORIENTED_EDGE('',*,*,#4314,.F.);
#5748=ORIENTED_EDGE('',*,*,#4463,.F.);
#5749=ORIENTED_EDGE('',*,*,#4211,.T.);
#5750=ORIENTED_EDGE('',*,*,#4463,.T.);
#5751=ORIENTED_EDGE('',*,*,#4313,.F.);
#5752=ORIENTED_EDGE('',*,*,#4464,.F.);
#5753=ORIENTED_EDGE('',*,*,#4212,.T.);
#5754=ORIENTED_EDGE('',*,*,#4464,.T.);
#5755=ORIENTED_EDGE('',*,*,#4312,.F.);
#5756=ORIENTED_EDGE('',*,*,#4465,.F.);
#5757=ORIENTED_EDGE('',*,*,#4213,.T.);
#5758=ORIENTED_EDGE('',*,*,#4465,.T.);
#5759=ORIENTED_EDGE('',*,*,#4311,.F.);
#5760=ORIENTED_EDGE('',*,*,#4466,.F.);
#5761=ORIENTED_EDGE('',*,*,#4214,.T.);
#5762=ORIENTED_EDGE('',*,*,#4466,.T.);
#5763=ORIENTED_EDGE('',*,*,#4310,.F.);
#5764=ORIENTED_EDGE('',*,*,#4467,.F.);
#5765=ORIENTED_EDGE('',*,*,#4215,.T.);
#5766=ORIENTED_EDGE('',*,*,#4467,.T.);
#5767=ORIENTED_EDGE('',*,*,#4309,.F.);
#5768=ORIENTED_EDGE('',*,*,#4468,.F.);
#5769=ORIENTED_EDGE('',*,*,#4216,.T.);
#5770=ORIENTED_EDGE('',*,*,#4468,.T.);
#5771=ORIENTED_EDGE('',*,*,#4308,.F.);
#5772=ORIENTED_EDGE('',*,*,#4441,.F.);
#5773=ORIENTED_EDGE('',*,*,#4237,.T.);
#5774=ORIENTED_EDGE('',*,*,#4469,.T.);
#5775=ORIENTED_EDGE('',*,*,#4354,.F.);
#5776=ORIENTED_EDGE('',*,*,#4470,.F.);
#5777=ORIENTED_EDGE('',*,*,#4238,.T.);
#5778=ORIENTED_EDGE('',*,*,#4470,.T.);
#5779=ORIENTED_EDGE('',*,*,#4357,.F.);
#5780=ORIENTED_EDGE('',*,*,#4471,.F.);
#5781=ORIENTED_EDGE('',*,*,#4239,.T.);
#5782=ORIENTED_EDGE('',*,*,#4471,.T.);
#5783=ORIENTED_EDGE('',*,*,#4356,.F.);
#5784=ORIENTED_EDGE('',*,*,#4472,.F.);
#5785=ORIENTED_EDGE('',*,*,#4240,.T.);
#5786=ORIENTED_EDGE('',*,*,#4472,.T.);
#5787=ORIENTED_EDGE('',*,*,#4355,.F.);
#5788=ORIENTED_EDGE('',*,*,#4469,.F.);
#5789=ORIENTED_EDGE('',*,*,#4241,.T.);
#5790=ORIENTED_EDGE('',*,*,#4473,.T.);
#5791=ORIENTED_EDGE('',*,*,#4358,.F.);
#5792=ORIENTED_EDGE('',*,*,#4474,.F.);
#5793=ORIENTED_EDGE('',*,*,#4242,.T.);
#5794=ORIENTED_EDGE('',*,*,#4474,.T.);
#5795=ORIENTED_EDGE('',*,*,#4361,.F.);
#5796=ORIENTED_EDGE('',*,*,#4475,.F.);
#5797=ORIENTED_EDGE('',*,*,#4243,.T.);
#5798=ORIENTED_EDGE('',*,*,#4475,.T.);
#5799=ORIENTED_EDGE('',*,*,#4360,.F.);
#5800=ORIENTED_EDGE('',*,*,#4476,.F.);
#5801=ORIENTED_EDGE('',*,*,#4244,.T.);
#5802=ORIENTED_EDGE('',*,*,#4476,.T.);
#5803=ORIENTED_EDGE('',*,*,#4359,.F.);
#5804=ORIENTED_EDGE('',*,*,#4473,.F.);
#5805=ORIENTED_EDGE('',*,*,#4245,.T.);
#5806=ORIENTED_EDGE('',*,*,#4477,.T.);
#5807=ORIENTED_EDGE('',*,*,#4362,.F.);
#5808=ORIENTED_EDGE('',*,*,#4478,.F.);
#5809=ORIENTED_EDGE('',*,*,#4246,.T.);
#5810=ORIENTED_EDGE('',*,*,#4478,.T.);
#5811=ORIENTED_EDGE('',*,*,#4365,.F.);
#5812=ORIENTED_EDGE('',*,*,#4479,.F.);
#5813=ORIENTED_EDGE('',*,*,#4247,.T.);
#5814=ORIENTED_EDGE('',*,*,#4479,.T.);
#5815=ORIENTED_EDGE('',*,*,#4364,.F.);
#5816=ORIENTED_EDGE('',*,*,#4480,.F.);
#5817=ORIENTED_EDGE('',*,*,#4248,.T.);
#5818=ORIENTED_EDGE('',*,*,#4480,.T.);
#5819=ORIENTED_EDGE('',*,*,#4363,.F.);
#5820=ORIENTED_EDGE('',*,*,#4477,.F.);
#5821=ORIENTED_EDGE('',*,*,#4249,.T.);
#5822=ORIENTED_EDGE('',*,*,#4481,.T.);
#5823=ORIENTED_EDGE('',*,*,#4366,.F.);
#5824=ORIENTED_EDGE('',*,*,#4482,.F.);
#5825=ORIENTED_EDGE('',*,*,#4250,.T.);
#5826=ORIENTED_EDGE('',*,*,#4482,.T.);
#5827=ORIENTED_EDGE('',*,*,#4369,.F.);
#5828=ORIENTED_EDGE('',*,*,#4483,.F.);
#5829=ORIENTED_EDGE('',*,*,#4251,.T.);
#5830=ORIENTED_EDGE('',*,*,#4483,.T.);
#5831=ORIENTED_EDGE('',*,*,#4368,.F.);
#5832=ORIENTED_EDGE('',*,*,#4484,.F.);
#5833=ORIENTED_EDGE('',*,*,#4252,.T.);
#5834=ORIENTED_EDGE('',*,*,#4484,.T.);
#5835=ORIENTED_EDGE('',*,*,#4367,.F.);
#5836=ORIENTED_EDGE('',*,*,#4481,.F.);
#5837=ORIENTED_EDGE('',*,*,#4253,.T.);
#5838=ORIENTED_EDGE('',*,*,#4485,.T.);
#5839=ORIENTED_EDGE('',*,*,#4370,.F.);
#5840=ORIENTED_EDGE('',*,*,#4486,.F.);
#5841=ORIENTED_EDGE('',*,*,#4254,.T.);
#5842=ORIENTED_EDGE('',*,*,#4486,.T.);
#5843=ORIENTED_EDGE('',*,*,#4373,.F.);
#5844=ORIENTED_EDGE('',*,*,#4487,.F.);
#5845=ORIENTED_EDGE('',*,*,#4255,.T.);
#5846=ORIENTED_EDGE('',*,*,#4487,.T.);
#5847=ORIENTED_EDGE('',*,*,#4372,.F.);
#5848=ORIENTED_EDGE('',*,*,#4488,.F.);
#5849=ORIENTED_EDGE('',*,*,#4256,.T.);
#5850=ORIENTED_EDGE('',*,*,#4488,.T.);
#5851=ORIENTED_EDGE('',*,*,#4371,.F.);
#5852=ORIENTED_EDGE('',*,*,#4485,.F.);
#5853=ORIENTED_EDGE('',*,*,#4257,.T.);
#5854=ORIENTED_EDGE('',*,*,#4489,.T.);
#5855=ORIENTED_EDGE('',*,*,#4374,.F.);
#5856=ORIENTED_EDGE('',*,*,#4490,.F.);
#5857=ORIENTED_EDGE('',*,*,#4258,.T.);
#5858=ORIENTED_EDGE('',*,*,#4490,.T.);
#5859=ORIENTED_EDGE('',*,*,#4377,.F.);
#5860=ORIENTED_EDGE('',*,*,#4491,.F.);
#5861=ORIENTED_EDGE('',*,*,#4259,.T.);
#5862=ORIENTED_EDGE('',*,*,#4491,.T.);
#5863=ORIENTED_EDGE('',*,*,#4376,.F.);
#5864=ORIENTED_EDGE('',*,*,#4492,.F.);
#5865=ORIENTED_EDGE('',*,*,#4260,.T.);
#5866=ORIENTED_EDGE('',*,*,#4492,.T.);
#5867=ORIENTED_EDGE('',*,*,#4375,.F.);
#5868=ORIENTED_EDGE('',*,*,#4489,.F.);
#5869=ORIENTED_EDGE('',*,*,#4261,.T.);
#5870=ORIENTED_EDGE('',*,*,#4493,.T.);
#5871=ORIENTED_EDGE('',*,*,#4378,.F.);
#5872=ORIENTED_EDGE('',*,*,#4494,.F.);
#5873=ORIENTED_EDGE('',*,*,#4262,.T.);
#5874=ORIENTED_EDGE('',*,*,#4494,.T.);
#5875=ORIENTED_EDGE('',*,*,#4381,.F.);
#5876=ORIENTED_EDGE('',*,*,#4495,.F.);
#5877=ORIENTED_EDGE('',*,*,#4263,.T.);
#5878=ORIENTED_EDGE('',*,*,#4495,.T.);
#5879=ORIENTED_EDGE('',*,*,#4380,.F.);
#5880=ORIENTED_EDGE('',*,*,#4496,.F.);
#5881=ORIENTED_EDGE('',*,*,#4264,.T.);
#5882=ORIENTED_EDGE('',*,*,#4496,.T.);
#5883=ORIENTED_EDGE('',*,*,#4379,.F.);
#5884=ORIENTED_EDGE('',*,*,#4493,.F.);
#5885=ORIENTED_EDGE('',*,*,#4497,.F.);
#5886=ORIENTED_EDGE('',*,*,#4498,.T.);
#5887=ORIENTED_EDGE('',*,*,#4382,.F.);
#5888=ORIENTED_EDGE('',*,*,#4499,.F.);
#5889=ORIENTED_EDGE('',*,*,#4286,.F.);
#5890=ORIENTED_EDGE('',*,*,#4500,.T.);
#5891=ORIENTED_EDGE('',*,*,#4497,.T.);
#5892=ORIENTED_EDGE('',*,*,#4501,.F.);
#5893=ORIENTED_EDGE('',*,*,#4287,.F.);
#5894=ORIENTED_EDGE('',*,*,#4501,.T.);
#5895=ORIENTED_EDGE('',*,*,#4502,.T.);
#5896=ORIENTED_EDGE('',*,*,#4503,.F.);
#5897=ORIENTED_EDGE('',*,*,#4288,.F.);
#5898=ORIENTED_EDGE('',*,*,#4503,.T.);
#5899=ORIENTED_EDGE('',*,*,#4504,.T.);
#5900=ORIENTED_EDGE('',*,*,#4505,.F.);
#5901=ORIENTED_EDGE('',*,*,#4281,.F.);
#5902=ORIENTED_EDGE('',*,*,#4505,.T.);
#5903=ORIENTED_EDGE('',*,*,#4506,.T.);
#5904=ORIENTED_EDGE('',*,*,#4507,.F.);
#5905=ORIENTED_EDGE('',*,*,#4282,.F.);
#5906=ORIENTED_EDGE('',*,*,#4507,.T.);
#5907=ORIENTED_EDGE('',*,*,#4508,.T.);
#5908=ORIENTED_EDGE('',*,*,#4509,.F.);
#5909=ORIENTED_EDGE('',*,*,#4283,.F.);
#5910=ORIENTED_EDGE('',*,*,#4509,.T.);
#5911=ORIENTED_EDGE('',*,*,#4510,.T.);
#5912=ORIENTED_EDGE('',*,*,#4511,.F.);
#5913=ORIENTED_EDGE('',*,*,#4284,.F.);
#5914=ORIENTED_EDGE('',*,*,#4511,.T.);
#5915=ORIENTED_EDGE('',*,*,#4512,.T.);
#5916=ORIENTED_EDGE('',*,*,#4513,.F.);
#5917=ORIENTED_EDGE('',*,*,#4285,.F.);
#5918=ORIENTED_EDGE('',*,*,#4513,.T.);
#5919=ORIENTED_EDGE('',*,*,#4514,.T.);
#5920=ORIENTED_EDGE('',*,*,#4500,.F.);
#5921=ORIENTED_EDGE('',*,*,#4514,.F.);
#5922=ORIENTED_EDGE('',*,*,#4515,.T.);
#5923=ORIENTED_EDGE('',*,*,#4383,.F.);
#5924=ORIENTED_EDGE('',*,*,#4498,.F.);
#5925=ORIENTED_EDGE('',*,*,#4512,.F.);
#5926=ORIENTED_EDGE('',*,*,#4516,.T.);
#5927=ORIENTED_EDGE('',*,*,#4384,.F.);
#5928=ORIENTED_EDGE('',*,*,#4515,.F.);
#5929=ORIENTED_EDGE('',*,*,#4510,.F.);
#5930=ORIENTED_EDGE('',*,*,#4517,.T.);
#5931=ORIENTED_EDGE('',*,*,#4385,.F.);
#5932=ORIENTED_EDGE('',*,*,#4516,.F.);
#5933=ORIENTED_EDGE('',*,*,#4508,.F.);
#5934=ORIENTED_EDGE('',*,*,#4518,.T.);
#5935=ORIENTED_EDGE('',*,*,#4386,.F.);
#5936=ORIENTED_EDGE('',*,*,#4517,.F.);
#5937=ORIENTED_EDGE('',*,*,#4506,.F.);
#5938=ORIENTED_EDGE('',*,*,#4519,.T.);
#5939=ORIENTED_EDGE('',*,*,#4387,.F.);
#5940=ORIENTED_EDGE('',*,*,#4518,.F.);
#5941=ORIENTED_EDGE('',*,*,#4504,.F.);
#5942=ORIENTED_EDGE('',*,*,#4520,.T.);
#5943=ORIENTED_EDGE('',*,*,#4388,.F.);
#5944=ORIENTED_EDGE('',*,*,#4519,.F.);
#5945=ORIENTED_EDGE('',*,*,#4502,.F.);
#5946=ORIENTED_EDGE('',*,*,#4499,.T.);
#5947=ORIENTED_EDGE('',*,*,#4389,.F.);
#5948=ORIENTED_EDGE('',*,*,#4520,.F.);
#5949=ORIENTED_EDGE('',*,*,#4265,.T.);
#5950=ORIENTED_EDGE('',*,*,#4521,.T.);
#5951=ORIENTED_EDGE('',*,*,#4390,.F.);
#5952=ORIENTED_EDGE('',*,*,#4522,.F.);
#5953=ORIENTED_EDGE('',*,*,#4266,.T.);
#5954=ORIENTED_EDGE('',*,*,#4522,.T.);
#5955=ORIENTED_EDGE('',*,*,#4393,.F.);
#5956=ORIENTED_EDGE('',*,*,#4523,.F.);
#5957=ORIENTED_EDGE('',*,*,#4267,.T.);
#5958=ORIENTED_EDGE('',*,*,#4523,.T.);
#5959=ORIENTED_EDGE('',*,*,#4392,.F.);
#5960=ORIENTED_EDGE('',*,*,#4524,.F.);
#5961=ORIENTED_EDGE('',*,*,#4268,.T.);
#5962=ORIENTED_EDGE('',*,*,#4524,.T.);
#5963=ORIENTED_EDGE('',*,*,#4391,.F.);
#5964=ORIENTED_EDGE('',*,*,#4521,.F.);
#5965=ORIENTED_EDGE('',*,*,#4269,.T.);
#5966=ORIENTED_EDGE('',*,*,#4525,.T.);
#5967=ORIENTED_EDGE('',*,*,#4394,.F.);
#5968=ORIENTED_EDGE('',*,*,#4526,.F.);
#5969=ORIENTED_EDGE('',*,*,#4270,.T.);
#5970=ORIENTED_EDGE('',*,*,#4526,.T.);
#5971=ORIENTED_EDGE('',*,*,#4397,.F.);
#5972=ORIENTED_EDGE('',*,*,#4527,.F.);
#5973=ORIENTED_EDGE('',*,*,#4271,.T.);
#5974=ORIENTED_EDGE('',*,*,#4527,.T.);
#5975=ORIENTED_EDGE('',*,*,#4396,.F.);
#5976=ORIENTED_EDGE('',*,*,#4528,.F.);
#5977=ORIENTED_EDGE('',*,*,#4272,.T.);
#5978=ORIENTED_EDGE('',*,*,#4528,.T.);
#5979=ORIENTED_EDGE('',*,*,#4395,.F.);
#5980=ORIENTED_EDGE('',*,*,#4525,.F.);
#5981=ORIENTED_EDGE('',*,*,#4273,.T.);
#5982=ORIENTED_EDGE('',*,*,#4529,.T.);
#5983=ORIENTED_EDGE('',*,*,#4398,.F.);
#5984=ORIENTED_EDGE('',*,*,#4530,.F.);
#5985=ORIENTED_EDGE('',*,*,#4274,.T.);
#5986=ORIENTED_EDGE('',*,*,#4530,.T.);
#5987=ORIENTED_EDGE('',*,*,#4401,.F.);
#5988=ORIENTED_EDGE('',*,*,#4531,.F.);
#5989=ORIENTED_EDGE('',*,*,#4275,.T.);
#5990=ORIENTED_EDGE('',*,*,#4531,.T.);
#5991=ORIENTED_EDGE('',*,*,#4400,.F.);
#5992=ORIENTED_EDGE('',*,*,#4532,.F.);
#5993=ORIENTED_EDGE('',*,*,#4276,.T.);
#5994=ORIENTED_EDGE('',*,*,#4532,.T.);
#5995=ORIENTED_EDGE('',*,*,#4399,.F.);
#5996=ORIENTED_EDGE('',*,*,#4529,.F.);
#5997=ORIENTED_EDGE('',*,*,#4277,.T.);
#5998=ORIENTED_EDGE('',*,*,#4533,.T.);
#5999=ORIENTED_EDGE('',*,*,#4402,.F.);
#6000=ORIENTED_EDGE('',*,*,#4534,.F.);
#6001=ORIENTED_EDGE('',*,*,#4278,.T.);
#6002=ORIENTED_EDGE('',*,*,#4534,.T.);
#6003=ORIENTED_EDGE('',*,*,#4405,.F.);
#6004=ORIENTED_EDGE('',*,*,#4535,.F.);
#6005=ORIENTED_EDGE('',*,*,#4279,.T.);
#6006=ORIENTED_EDGE('',*,*,#4535,.T.);
#6007=ORIENTED_EDGE('',*,*,#4404,.F.);
#6008=ORIENTED_EDGE('',*,*,#4536,.F.);
#6009=ORIENTED_EDGE('',*,*,#4280,.T.);
#6010=ORIENTED_EDGE('',*,*,#4536,.T.);
#6011=ORIENTED_EDGE('',*,*,#4403,.F.);
#6012=ORIENTED_EDGE('',*,*,#4533,.F.);
#6013=ORIENTED_EDGE('',*,*,#4406,.F.);
#6014=ORIENTED_EDGE('',*,*,#4537,.T.);
#6015=ORIENTED_EDGE('',*,*,#4538,.T.);
#6016=ORIENTED_EDGE('',*,*,#4539,.F.);
#6017=ORIENTED_EDGE('',*,*,#4407,.F.);
#6018=ORIENTED_EDGE('',*,*,#4539,.T.);
#6019=ORIENTED_EDGE('',*,*,#4540,.T.);
#6020=ORIENTED_EDGE('',*,*,#4541,.F.);
#6021=ORIENTED_EDGE('',*,*,#4408,.F.);
#6022=ORIENTED_EDGE('',*,*,#4541,.T.);
#6023=ORIENTED_EDGE('',*,*,#4542,.T.);
#6024=ORIENTED_EDGE('',*,*,#4543,.F.);
#6025=ORIENTED_EDGE('',*,*,#4409,.F.);
#6026=ORIENTED_EDGE('',*,*,#4543,.T.);
#6027=ORIENTED_EDGE('',*,*,#4544,.T.);
#6028=ORIENTED_EDGE('',*,*,#4545,.F.);
#6029=ORIENTED_EDGE('',*,*,#4410,.F.);
#6030=ORIENTED_EDGE('',*,*,#4545,.T.);
#6031=ORIENTED_EDGE('',*,*,#4546,.T.);
#6032=ORIENTED_EDGE('',*,*,#4547,.F.);
#6033=ORIENTED_EDGE('',*,*,#4411,.F.);
#6034=ORIENTED_EDGE('',*,*,#4547,.T.);
#6035=ORIENTED_EDGE('',*,*,#4548,.T.);
#6036=ORIENTED_EDGE('',*,*,#4549,.F.);
#6037=ORIENTED_EDGE('',*,*,#4412,.F.);
#6038=ORIENTED_EDGE('',*,*,#4549,.T.);
#6039=ORIENTED_EDGE('',*,*,#4550,.T.);
#6040=ORIENTED_EDGE('',*,*,#4551,.F.);
#6041=ORIENTED_EDGE('',*,*,#4413,.F.);
#6042=ORIENTED_EDGE('',*,*,#4551,.T.);
#6043=ORIENTED_EDGE('',*,*,#4552,.T.);
#6044=ORIENTED_EDGE('',*,*,#4537,.F.);
#6045=ORIENTED_EDGE('',*,*,#4553,.F.);
#6046=ORIENTED_EDGE('',*,*,#4554,.T.);
#6047=ORIENTED_EDGE('',*,*,#4552,.F.);
#6048=ORIENTED_EDGE('',*,*,#4555,.F.);
#6049=ORIENTED_EDGE('',*,*,#4296,.F.);
#6050=ORIENTED_EDGE('',*,*,#4556,.T.);
#6051=ORIENTED_EDGE('',*,*,#4553,.T.);
#6052=ORIENTED_EDGE('',*,*,#4557,.F.);
#6053=ORIENTED_EDGE('',*,*,#4289,.F.);
#6054=ORIENTED_EDGE('',*,*,#4557,.T.);
#6055=ORIENTED_EDGE('',*,*,#4558,.T.);
#6056=ORIENTED_EDGE('',*,*,#4559,.F.);
#6057=ORIENTED_EDGE('',*,*,#4290,.F.);
#6058=ORIENTED_EDGE('',*,*,#4559,.T.);
#6059=ORIENTED_EDGE('',*,*,#4560,.T.);
#6060=ORIENTED_EDGE('',*,*,#4561,.F.);
#6061=ORIENTED_EDGE('',*,*,#4291,.F.);
#6062=ORIENTED_EDGE('',*,*,#4561,.T.);
#6063=ORIENTED_EDGE('',*,*,#4562,.T.);
#6064=ORIENTED_EDGE('',*,*,#4563,.F.);
#6065=ORIENTED_EDGE('',*,*,#4292,.F.);
#6066=ORIENTED_EDGE('',*,*,#4563,.T.);
#6067=ORIENTED_EDGE('',*,*,#4564,.T.);
#6068=ORIENTED_EDGE('',*,*,#4565,.F.);
#6069=ORIENTED_EDGE('',*,*,#4566,.F.);
#6070=ORIENTED_EDGE('',*,*,#4293,.F.);
#6071=ORIENTED_EDGE('',*,*,#4565,.T.);
#6072=ORIENTED_EDGE('',*,*,#4567,.T.);
#6073=ORIENTED_EDGE('',*,*,#4294,.F.);
#6074=ORIENTED_EDGE('',*,*,#4566,.T.);
#6075=ORIENTED_EDGE('',*,*,#4568,.T.);
#6076=ORIENTED_EDGE('',*,*,#4569,.F.);
#6077=ORIENTED_EDGE('',*,*,#4295,.F.);
#6078=ORIENTED_EDGE('',*,*,#4569,.T.);
#6079=ORIENTED_EDGE('',*,*,#4570,.T.);
#6080=ORIENTED_EDGE('',*,*,#4556,.F.);
#6081=ORIENTED_EDGE('',*,*,#4570,.F.);
#6082=ORIENTED_EDGE('',*,*,#4571,.T.);
#6083=ORIENTED_EDGE('',*,*,#4538,.F.);
#6084=ORIENTED_EDGE('',*,*,#4554,.F.);
#6085=ORIENTED_EDGE('',*,*,#4568,.F.);
#6086=ORIENTED_EDGE('',*,*,#4572,.T.);
#6087=ORIENTED_EDGE('',*,*,#4540,.F.);
#6088=ORIENTED_EDGE('',*,*,#4571,.F.);
#6089=ORIENTED_EDGE('',*,*,#4567,.F.);
#6090=ORIENTED_EDGE('',*,*,#4573,.T.);
#6091=ORIENTED_EDGE('',*,*,#4542,.F.);
#6092=ORIENTED_EDGE('',*,*,#4572,.F.);
#6093=ORIENTED_EDGE('',*,*,#4564,.F.);
#6094=ORIENTED_EDGE('',*,*,#4574,.T.);
#6095=ORIENTED_EDGE('',*,*,#4544,.F.);
#6096=ORIENTED_EDGE('',*,*,#4573,.F.);
#6097=ORIENTED_EDGE('',*,*,#4562,.F.);
#6098=ORIENTED_EDGE('',*,*,#4575,.T.);
#6099=ORIENTED_EDGE('',*,*,#4546,.F.);
#6100=ORIENTED_EDGE('',*,*,#4574,.F.);
#6101=ORIENTED_EDGE('',*,*,#4560,.F.);
#6102=ORIENTED_EDGE('',*,*,#4576,.T.);
#6103=ORIENTED_EDGE('',*,*,#4548,.F.);
#6104=ORIENTED_EDGE('',*,*,#4575,.F.);
#6105=ORIENTED_EDGE('',*,*,#4558,.F.);
#6106=ORIENTED_EDGE('',*,*,#4555,.T.);
#6107=ORIENTED_EDGE('',*,*,#4550,.F.);
#6108=ORIENTED_EDGE('',*,*,#4576,.F.);
#6109=ORIENTED_EDGE('',*,*,#4414,.F.);
#6110=ORIENTED_EDGE('',*,*,#4577,.T.);
#6111=ORIENTED_EDGE('',*,*,#4578,.T.);
#6112=ORIENTED_EDGE('',*,*,#4579,.F.);
#6113=ORIENTED_EDGE('',*,*,#4415,.F.);
#6114=ORIENTED_EDGE('',*,*,#4579,.T.);
#6115=ORIENTED_EDGE('',*,*,#4580,.T.);
#6116=ORIENTED_EDGE('',*,*,#4581,.F.);
#6117=ORIENTED_EDGE('',*,*,#4416,.F.);
#6118=ORIENTED_EDGE('',*,*,#4581,.T.);
#6119=ORIENTED_EDGE('',*,*,#4582,.T.);
#6120=ORIENTED_EDGE('',*,*,#4583,.F.);
#6121=ORIENTED_EDGE('',*,*,#4417,.F.);
#6122=ORIENTED_EDGE('',*,*,#4583,.T.);
#6123=ORIENTED_EDGE('',*,*,#4584,.T.);
#6124=ORIENTED_EDGE('',*,*,#4585,.F.);
#6125=ORIENTED_EDGE('',*,*,#4418,.F.);
#6126=ORIENTED_EDGE('',*,*,#4585,.T.);
#6127=ORIENTED_EDGE('',*,*,#4586,.T.);
#6128=ORIENTED_EDGE('',*,*,#4587,.F.);
#6129=ORIENTED_EDGE('',*,*,#4419,.F.);
#6130=ORIENTED_EDGE('',*,*,#4587,.T.);
#6131=ORIENTED_EDGE('',*,*,#4588,.T.);
#6132=ORIENTED_EDGE('',*,*,#4589,.F.);
#6133=ORIENTED_EDGE('',*,*,#4420,.F.);
#6134=ORIENTED_EDGE('',*,*,#4589,.T.);
#6135=ORIENTED_EDGE('',*,*,#4590,.T.);
#6136=ORIENTED_EDGE('',*,*,#4591,.F.);
#6137=ORIENTED_EDGE('',*,*,#4421,.F.);
#6138=ORIENTED_EDGE('',*,*,#4591,.T.);
#6139=ORIENTED_EDGE('',*,*,#4592,.T.);
#6140=ORIENTED_EDGE('',*,*,#4577,.F.);
#6141=ORIENTED_EDGE('',*,*,#4592,.F.);
#6142=ORIENTED_EDGE('',*,*,#4593,.F.);
#6143=ORIENTED_EDGE('',*,*,#4594,.F.);
#6144=ORIENTED_EDGE('',*,*,#4595,.T.);
#6145=ORIENTED_EDGE('',*,*,#4578,.F.);
#6146=ORIENTED_EDGE('',*,*,#4595,.F.);
#6147=ORIENTED_EDGE('',*,*,#4596,.F.);
#6148=ORIENTED_EDGE('',*,*,#4597,.T.);
#6149=ORIENTED_EDGE('',*,*,#4580,.F.);
#6150=ORIENTED_EDGE('',*,*,#4597,.F.);
#6151=ORIENTED_EDGE('',*,*,#4598,.F.);
#6152=ORIENTED_EDGE('',*,*,#4599,.T.);
#6153=ORIENTED_EDGE('',*,*,#4582,.F.);
#6154=ORIENTED_EDGE('',*,*,#4599,.F.);
#6155=ORIENTED_EDGE('',*,*,#4600,.F.);
#6156=ORIENTED_EDGE('',*,*,#4601,.T.);
#6157=ORIENTED_EDGE('',*,*,#4584,.F.);
#6158=ORIENTED_EDGE('',*,*,#4601,.F.);
#6159=ORIENTED_EDGE('',*,*,#4602,.F.);
#6160=ORIENTED_EDGE('',*,*,#4603,.T.);
#6161=ORIENTED_EDGE('',*,*,#4586,.F.);
#6162=ORIENTED_EDGE('',*,*,#4603,.F.);
#6163=ORIENTED_EDGE('',*,*,#4604,.F.);
#6164=ORIENTED_EDGE('',*,*,#4605,.T.);
#6165=ORIENTED_EDGE('',*,*,#4588,.F.);
#6166=ORIENTED_EDGE('',*,*,#4605,.F.);
#6167=ORIENTED_EDGE('',*,*,#4606,.F.);
#6168=ORIENTED_EDGE('',*,*,#4607,.T.);
#6169=ORIENTED_EDGE('',*,*,#4590,.F.);
#6170=ORIENTED_EDGE('',*,*,#4607,.F.);
#6171=ORIENTED_EDGE('',*,*,#4608,.F.);
#6172=ORIENTED_EDGE('',*,*,#4593,.T.);
#6173=ORIENTED_EDGE('',*,*,#4297,.F.);
#6174=ORIENTED_EDGE('',*,*,#4609,.T.);
#6175=ORIENTED_EDGE('',*,*,#4608,.T.);
#6176=ORIENTED_EDGE('',*,*,#4610,.F.);
#6177=ORIENTED_EDGE('',*,*,#4298,.F.);
#6178=ORIENTED_EDGE('',*,*,#4610,.T.);
#6179=ORIENTED_EDGE('',*,*,#4606,.T.);
#6180=ORIENTED_EDGE('',*,*,#4611,.F.);
#6181=ORIENTED_EDGE('',*,*,#4299,.F.);
#6182=ORIENTED_EDGE('',*,*,#4611,.T.);
#6183=ORIENTED_EDGE('',*,*,#4604,.T.);
#6184=ORIENTED_EDGE('',*,*,#4612,.F.);
#6185=ORIENTED_EDGE('',*,*,#4300,.F.);
#6186=ORIENTED_EDGE('',*,*,#4612,.T.);
#6187=ORIENTED_EDGE('',*,*,#4602,.T.);
#6188=ORIENTED_EDGE('',*,*,#4613,.F.);
#6189=ORIENTED_EDGE('',*,*,#4301,.F.);
#6190=ORIENTED_EDGE('',*,*,#4613,.T.);
#6191=ORIENTED_EDGE('',*,*,#4600,.T.);
#6192=ORIENTED_EDGE('',*,*,#4614,.F.);
#6193=ORIENTED_EDGE('',*,*,#4302,.F.);
#6194=ORIENTED_EDGE('',*,*,#4614,.T.);
#6195=ORIENTED_EDGE('',*,*,#4598,.T.);
#6196=ORIENTED_EDGE('',*,*,#4615,.F.);
#6197=ORIENTED_EDGE('',*,*,#4303,.F.);
#6198=ORIENTED_EDGE('',*,*,#4615,.T.);
#6199=ORIENTED_EDGE('',*,*,#4596,.T.);
#6200=ORIENTED_EDGE('',*,*,#4616,.F.);
#6201=ORIENTED_EDGE('',*,*,#4304,.F.);
#6202=ORIENTED_EDGE('',*,*,#4616,.T.);
#6203=ORIENTED_EDGE('',*,*,#4594,.T.);
#6204=ORIENTED_EDGE('',*,*,#4609,.F.);
#6205=ORIENTED_EDGE('',*,*,#4617,.F.);
#6206=ORIENTED_EDGE('',*,*,#4618,.F.);
#6207=ORIENTED_EDGE('',*,*,#4619,.F.);
#6208=ORIENTED_EDGE('',*,*,#4620,.F.);
#6209=ORIENTED_EDGE('',*,*,#4621,.F.);
#6210=ORIENTED_EDGE('',*,*,#4622,.F.);
#6211=ORIENTED_EDGE('',*,*,#4623,.F.);
#6212=ORIENTED_EDGE('',*,*,#4624,.F.);
#6213=ORIENTED_EDGE('',*,*,#4625,.F.);
#6214=ORIENTED_EDGE('',*,*,#4626,.F.);
#6215=ORIENTED_EDGE('',*,*,#4627,.F.);
#6216=ORIENTED_EDGE('',*,*,#4628,.F.);
#6217=ORIENTED_EDGE('',*,*,#4629,.F.);
#6218=ORIENTED_EDGE('',*,*,#4630,.F.);
#6219=ORIENTED_EDGE('',*,*,#4631,.F.);
#6220=ORIENTED_EDGE('',*,*,#4632,.F.);
#6221=ORIENTED_EDGE('',*,*,#4633,.F.);
#6222=ORIENTED_EDGE('',*,*,#4634,.F.);
#6223=ORIENTED_EDGE('',*,*,#4635,.F.);
#6224=ORIENTED_EDGE('',*,*,#4636,.F.);
#6225=ORIENTED_EDGE('',*,*,#4637,.F.);
#6226=ORIENTED_EDGE('',*,*,#4638,.F.);
#6227=ORIENTED_EDGE('',*,*,#4639,.F.);
#6228=ORIENTED_EDGE('',*,*,#4640,.F.);
#6229=ORIENTED_EDGE('',*,*,#4641,.F.);
#6230=ORIENTED_EDGE('',*,*,#4642,.F.);
#6231=ORIENTED_EDGE('',*,*,#4643,.F.);
#6232=ORIENTED_EDGE('',*,*,#4644,.F.);
#6233=ORIENTED_EDGE('',*,*,#4645,.F.);
#6234=ORIENTED_EDGE('',*,*,#4646,.F.);
#6235=ORIENTED_EDGE('',*,*,#4647,.F.);
#6236=ORIENTED_EDGE('',*,*,#4648,.F.);
#6237=ORIENTED_EDGE('',*,*,#4649,.F.);
#6238=ORIENTED_EDGE('',*,*,#4650,.F.);
#6239=ORIENTED_EDGE('',*,*,#4651,.F.);
#6240=ORIENTED_EDGE('',*,*,#4652,.F.);
#6241=ORIENTED_EDGE('',*,*,#4653,.F.);
#6242=ORIENTED_EDGE('',*,*,#4654,.F.);
#6243=ORIENTED_EDGE('',*,*,#4655,.F.);
#6244=ORIENTED_EDGE('',*,*,#4656,.F.);
#6245=ORIENTED_EDGE('',*,*,#4657,.F.);
#6246=ORIENTED_EDGE('',*,*,#4658,.F.);
#6247=ORIENTED_EDGE('',*,*,#4659,.F.);
#6248=ORIENTED_EDGE('',*,*,#4660,.F.);
#6249=ORIENTED_EDGE('',*,*,#4661,.F.);
#6250=ORIENTED_EDGE('',*,*,#4662,.F.);
#6251=ORIENTED_EDGE('',*,*,#4663,.F.);
#6252=ORIENTED_EDGE('',*,*,#4664,.F.);
#6253=ORIENTED_EDGE('',*,*,#4665,.F.);
#6254=ORIENTED_EDGE('',*,*,#4666,.F.);
#6255=ORIENTED_EDGE('',*,*,#4667,.F.);
#6256=ORIENTED_EDGE('',*,*,#4668,.F.);
#6257=ORIENTED_EDGE('',*,*,#4669,.F.);
#6258=ORIENTED_EDGE('',*,*,#4670,.F.);
#6259=ORIENTED_EDGE('',*,*,#4640,.T.);
#6260=ORIENTED_EDGE('',*,*,#4671,.T.);
#6261=ORIENTED_EDGE('',*,*,#4672,.F.);
#6262=ORIENTED_EDGE('',*,*,#4671,.F.);
#6263=ORIENTED_EDGE('',*,*,#4673,.T.);
#6264=ORIENTED_EDGE('',*,*,#4674,.T.);
#6265=ORIENTED_EDGE('',*,*,#4675,.T.);
#6266=ORIENTED_EDGE('',*,*,#4676,.T.);
#6267=ORIENTED_EDGE('',*,*,#4677,.T.);
#6268=ORIENTED_EDGE('',*,*,#4678,.T.);
#6269=ORIENTED_EDGE('',*,*,#4679,.T.);
#6270=ORIENTED_EDGE('',*,*,#4680,.T.);
#6271=ORIENTED_EDGE('',*,*,#4681,.T.);
#6272=ORIENTED_EDGE('',*,*,#4682,.T.);
#6273=ORIENTED_EDGE('',*,*,#4683,.T.);
#6274=ORIENTED_EDGE('',*,*,#4684,.T.);
#6275=ORIENTED_EDGE('',*,*,#4685,.T.);
#6276=ORIENTED_EDGE('',*,*,#4686,.T.);
#6277=ORIENTED_EDGE('',*,*,#4687,.T.);
#6278=ORIENTED_EDGE('',*,*,#4688,.T.);
#6279=ORIENTED_EDGE('',*,*,#4689,.T.);
#6280=ORIENTED_EDGE('',*,*,#4690,.T.);
#6281=ORIENTED_EDGE('',*,*,#4691,.T.);
#6282=ORIENTED_EDGE('',*,*,#4692,.T.);
#6283=ORIENTED_EDGE('',*,*,#4693,.T.);
#6284=ORIENTED_EDGE('',*,*,#4694,.T.);
#6285=ORIENTED_EDGE('',*,*,#4695,.T.);
#6286=ORIENTED_EDGE('',*,*,#4672,.T.);
#6287=ORIENTED_EDGE('',*,*,#4696,.T.);
#6288=ORIENTED_EDGE('',*,*,#4697,.T.);
#6289=ORIENTED_EDGE('',*,*,#4698,.T.);
#6290=ORIENTED_EDGE('',*,*,#4699,.T.);
#6291=ORIENTED_EDGE('',*,*,#4700,.T.);
#6292=ORIENTED_EDGE('',*,*,#4701,.T.);
#6293=ORIENTED_EDGE('',*,*,#4702,.T.);
#6294=ORIENTED_EDGE('',*,*,#4703,.T.);
#6295=ORIENTED_EDGE('',*,*,#4704,.T.);
#6296=ORIENTED_EDGE('',*,*,#4705,.T.);
#6297=ORIENTED_EDGE('',*,*,#4706,.T.);
#6298=ORIENTED_EDGE('',*,*,#4707,.T.);
#6299=ORIENTED_EDGE('',*,*,#4708,.T.);
#6300=ORIENTED_EDGE('',*,*,#4709,.T.);
#6301=ORIENTED_EDGE('',*,*,#4710,.T.);
#6302=ORIENTED_EDGE('',*,*,#4711,.T.);
#6303=ORIENTED_EDGE('',*,*,#4712,.T.);
#6304=ORIENTED_EDGE('',*,*,#4713,.T.);
#6305=ORIENTED_EDGE('',*,*,#4714,.T.);
#6306=ORIENTED_EDGE('',*,*,#4715,.T.);
#6307=ORIENTED_EDGE('',*,*,#4716,.T.);
#6308=ORIENTED_EDGE('',*,*,#4717,.T.);
#6309=ORIENTED_EDGE('',*,*,#4718,.T.);
#6310=ORIENTED_EDGE('',*,*,#4719,.T.);
#6311=ORIENTED_EDGE('',*,*,#4720,.T.);
#6312=ORIENTED_EDGE('',*,*,#4721,.T.);
#6313=ORIENTED_EDGE('',*,*,#4722,.T.);
#6314=ORIENTED_EDGE('',*,*,#4723,.T.);
#6315=ORIENTED_EDGE('',*,*,#4724,.T.);
#6316=ORIENTED_EDGE('',*,*,#4725,.T.);
#6317=ORIENTED_EDGE('',*,*,#4633,.T.);
#6318=ORIENTED_EDGE('',*,*,#4726,.T.);
#6319=ORIENTED_EDGE('',*,*,#4689,.F.);
#6320=ORIENTED_EDGE('',*,*,#4726,.F.);
#6321=ORIENTED_EDGE('',*,*,#4634,.T.);
#6322=ORIENTED_EDGE('',*,*,#4727,.T.);
#6323=ORIENTED_EDGE('',*,*,#4690,.F.);
#6324=ORIENTED_EDGE('',*,*,#4727,.F.);
#6325=ORIENTED_EDGE('',*,*,#4635,.T.);
#6326=ORIENTED_EDGE('',*,*,#4728,.T.);
#6327=ORIENTED_EDGE('',*,*,#4691,.F.);
#6328=ORIENTED_EDGE('',*,*,#4728,.F.);
#6329=ORIENTED_EDGE('',*,*,#4636,.T.);
#6330=ORIENTED_EDGE('',*,*,#4729,.T.);
#6331=ORIENTED_EDGE('',*,*,#4692,.F.);
#6332=ORIENTED_EDGE('',*,*,#4729,.F.);
#6333=ORIENTED_EDGE('',*,*,#4637,.T.);
#6334=ORIENTED_EDGE('',*,*,#4730,.T.);
#6335=ORIENTED_EDGE('',*,*,#4693,.F.);
#6336=ORIENTED_EDGE('',*,*,#4730,.F.);
#6337=ORIENTED_EDGE('',*,*,#4638,.T.);
#6338=ORIENTED_EDGE('',*,*,#4731,.T.);
#6339=ORIENTED_EDGE('',*,*,#4694,.F.);
#6340=ORIENTED_EDGE('',*,*,#4731,.F.);
#6341=ORIENTED_EDGE('',*,*,#4639,.T.);
#6342=ORIENTED_EDGE('',*,*,#4732,.T.);
#6343=ORIENTED_EDGE('',*,*,#4695,.F.);
#6344=ORIENTED_EDGE('',*,*,#4732,.F.);
#6345=ORIENTED_EDGE('',*,*,#4617,.T.);
#6346=ORIENTED_EDGE('',*,*,#4733,.T.);
#6347=ORIENTED_EDGE('',*,*,#4673,.F.);
#6348=ORIENTED_EDGE('',*,*,#4734,.F.);
#6349=ORIENTED_EDGE('',*,*,#4618,.T.);
#6350=ORIENTED_EDGE('',*,*,#4734,.T.);
#6351=ORIENTED_EDGE('',*,*,#4688,.F.);
#6352=ORIENTED_EDGE('',*,*,#4735,.F.);
#6353=ORIENTED_EDGE('',*,*,#4619,.T.);
#6354=ORIENTED_EDGE('',*,*,#4735,.T.);
#6355=ORIENTED_EDGE('',*,*,#4687,.F.);
#6356=ORIENTED_EDGE('',*,*,#4736,.F.);
#6357=ORIENTED_EDGE('',*,*,#4620,.T.);
#6358=ORIENTED_EDGE('',*,*,#4736,.T.);
#6359=ORIENTED_EDGE('',*,*,#4686,.F.);
#6360=ORIENTED_EDGE('',*,*,#4737,.F.);
#6361=ORIENTED_EDGE('',*,*,#4621,.T.);
#6362=ORIENTED_EDGE('',*,*,#4737,.T.);
#6363=ORIENTED_EDGE('',*,*,#4685,.F.);
#6364=ORIENTED_EDGE('',*,*,#4738,.F.);
#6365=ORIENTED_EDGE('',*,*,#4622,.T.);
#6366=ORIENTED_EDGE('',*,*,#4738,.T.);
#6367=ORIENTED_EDGE('',*,*,#4684,.F.);
#6368=ORIENTED_EDGE('',*,*,#4739,.F.);
#6369=ORIENTED_EDGE('',*,*,#4623,.T.);
#6370=ORIENTED_EDGE('',*,*,#4739,.T.);
#6371=ORIENTED_EDGE('',*,*,#4683,.F.);
#6372=ORIENTED_EDGE('',*,*,#4740,.F.);
#6373=ORIENTED_EDGE('',*,*,#4624,.T.);
#6374=ORIENTED_EDGE('',*,*,#4740,.T.);
#6375=ORIENTED_EDGE('',*,*,#4682,.F.);
#6376=ORIENTED_EDGE('',*,*,#4741,.F.);
#6377=ORIENTED_EDGE('',*,*,#4625,.T.);
#6378=ORIENTED_EDGE('',*,*,#4741,.T.);
#6379=ORIENTED_EDGE('',*,*,#4681,.F.);
#6380=ORIENTED_EDGE('',*,*,#4742,.F.);
#6381=ORIENTED_EDGE('',*,*,#4626,.T.);
#6382=ORIENTED_EDGE('',*,*,#4742,.T.);
#6383=ORIENTED_EDGE('',*,*,#4680,.F.);
#6384=ORIENTED_EDGE('',*,*,#4743,.F.);
#6385=ORIENTED_EDGE('',*,*,#4627,.T.);
#6386=ORIENTED_EDGE('',*,*,#4743,.T.);
#6387=ORIENTED_EDGE('',*,*,#4679,.F.);
#6388=ORIENTED_EDGE('',*,*,#4744,.F.);
#6389=ORIENTED_EDGE('',*,*,#4628,.T.);
#6390=ORIENTED_EDGE('',*,*,#4744,.T.);
#6391=ORIENTED_EDGE('',*,*,#4678,.F.);
#6392=ORIENTED_EDGE('',*,*,#4745,.F.);
#6393=ORIENTED_EDGE('',*,*,#4629,.T.);
#6394=ORIENTED_EDGE('',*,*,#4745,.T.);
#6395=ORIENTED_EDGE('',*,*,#4677,.F.);
#6396=ORIENTED_EDGE('',*,*,#4746,.F.);
#6397=ORIENTED_EDGE('',*,*,#4630,.T.);
#6398=ORIENTED_EDGE('',*,*,#4746,.T.);
#6399=ORIENTED_EDGE('',*,*,#4676,.F.);
#6400=ORIENTED_EDGE('',*,*,#4747,.F.);
#6401=ORIENTED_EDGE('',*,*,#4631,.T.);
#6402=ORIENTED_EDGE('',*,*,#4747,.T.);
#6403=ORIENTED_EDGE('',*,*,#4675,.F.);
#6404=ORIENTED_EDGE('',*,*,#4748,.F.);
#6405=ORIENTED_EDGE('',*,*,#4632,.T.);
#6406=ORIENTED_EDGE('',*,*,#4748,.T.);
#6407=ORIENTED_EDGE('',*,*,#4674,.F.);
#6408=ORIENTED_EDGE('',*,*,#4733,.F.);
#6409=ORIENTED_EDGE('',*,*,#4696,.F.);
#6410=ORIENTED_EDGE('',*,*,#4749,.T.);
#6411=ORIENTED_EDGE('',*,*,#4665,.T.);
#6412=ORIENTED_EDGE('',*,*,#4749,.F.);
#6413=ORIENTED_EDGE('',*,*,#4697,.F.);
#6414=ORIENTED_EDGE('',*,*,#4750,.T.);
#6415=ORIENTED_EDGE('',*,*,#4666,.T.);
#6416=ORIENTED_EDGE('',*,*,#4750,.F.);
#6417=ORIENTED_EDGE('',*,*,#4698,.F.);
#6418=ORIENTED_EDGE('',*,*,#4751,.T.);
#6419=ORIENTED_EDGE('',*,*,#4667,.T.);
#6420=ORIENTED_EDGE('',*,*,#4751,.F.);
#6421=ORIENTED_EDGE('',*,*,#4699,.F.);
#6422=ORIENTED_EDGE('',*,*,#4752,.T.);
#6423=ORIENTED_EDGE('',*,*,#4668,.T.);
#6424=ORIENTED_EDGE('',*,*,#4752,.F.);
#6425=ORIENTED_EDGE('',*,*,#4700,.F.);
#6426=ORIENTED_EDGE('',*,*,#4753,.T.);
#6427=ORIENTED_EDGE('',*,*,#4669,.T.);
#6428=ORIENTED_EDGE('',*,*,#4753,.F.);
#6429=ORIENTED_EDGE('',*,*,#4701,.F.);
#6430=ORIENTED_EDGE('',*,*,#4754,.T.);
#6431=ORIENTED_EDGE('',*,*,#4670,.T.);
#6432=ORIENTED_EDGE('',*,*,#4754,.F.);
#6433=ORIENTED_EDGE('',*,*,#4702,.F.);
#6434=ORIENTED_EDGE('',*,*,#4755,.T.);
#6435=ORIENTED_EDGE('',*,*,#4756,.T.);
#6436=ORIENTED_EDGE('',*,*,#4757,.F.);
#6437=ORIENTED_EDGE('',*,*,#4703,.F.);
#6438=ORIENTED_EDGE('',*,*,#4757,.T.);
#6439=ORIENTED_EDGE('',*,*,#4758,.T.);
#6440=ORIENTED_EDGE('',*,*,#4759,.F.);
#6441=ORIENTED_EDGE('',*,*,#4704,.F.);
#6442=ORIENTED_EDGE('',*,*,#4759,.T.);
#6443=ORIENTED_EDGE('',*,*,#4760,.T.);
#6444=ORIENTED_EDGE('',*,*,#4761,.F.);
#6445=ORIENTED_EDGE('',*,*,#4705,.F.);
#6446=ORIENTED_EDGE('',*,*,#4761,.T.);
#6447=ORIENTED_EDGE('',*,*,#4762,.T.);
#6448=ORIENTED_EDGE('',*,*,#4763,.F.);
#6449=ORIENTED_EDGE('',*,*,#4706,.F.);
#6450=ORIENTED_EDGE('',*,*,#4763,.T.);
#6451=ORIENTED_EDGE('',*,*,#4764,.T.);
#6452=ORIENTED_EDGE('',*,*,#4765,.F.);
#6453=ORIENTED_EDGE('',*,*,#4707,.F.);
#6454=ORIENTED_EDGE('',*,*,#4765,.T.);
#6455=ORIENTED_EDGE('',*,*,#4766,.T.);
#6456=ORIENTED_EDGE('',*,*,#4767,.F.);
#6457=ORIENTED_EDGE('',*,*,#4708,.F.);
#6458=ORIENTED_EDGE('',*,*,#4767,.T.);
#6459=ORIENTED_EDGE('',*,*,#4768,.T.);
#6460=ORIENTED_EDGE('',*,*,#4769,.F.);
#6461=ORIENTED_EDGE('',*,*,#4709,.F.);
#6462=ORIENTED_EDGE('',*,*,#4769,.T.);
#6463=ORIENTED_EDGE('',*,*,#4770,.T.);
#6464=ORIENTED_EDGE('',*,*,#4771,.F.);
#6465=ORIENTED_EDGE('',*,*,#4710,.F.);
#6466=ORIENTED_EDGE('',*,*,#4771,.T.);
#6467=ORIENTED_EDGE('',*,*,#4772,.T.);
#6468=ORIENTED_EDGE('',*,*,#4773,.F.);
#6469=ORIENTED_EDGE('',*,*,#4711,.F.);
#6470=ORIENTED_EDGE('',*,*,#4773,.T.);
#6471=ORIENTED_EDGE('',*,*,#4774,.T.);
#6472=ORIENTED_EDGE('',*,*,#4775,.F.);
#6473=ORIENTED_EDGE('',*,*,#4712,.F.);
#6474=ORIENTED_EDGE('',*,*,#4775,.T.);
#6475=ORIENTED_EDGE('',*,*,#4776,.T.);
#6476=ORIENTED_EDGE('',*,*,#4777,.F.);
#6477=ORIENTED_EDGE('',*,*,#4713,.F.);
#6478=ORIENTED_EDGE('',*,*,#4777,.T.);
#6479=ORIENTED_EDGE('',*,*,#4778,.T.);
#6480=ORIENTED_EDGE('',*,*,#4779,.F.);
#6481=ORIENTED_EDGE('',*,*,#4714,.F.);
#6482=ORIENTED_EDGE('',*,*,#4779,.T.);
#6483=ORIENTED_EDGE('',*,*,#4780,.T.);
#6484=ORIENTED_EDGE('',*,*,#4781,.F.);
#6485=ORIENTED_EDGE('',*,*,#4715,.F.);
#6486=ORIENTED_EDGE('',*,*,#4781,.T.);
#6487=ORIENTED_EDGE('',*,*,#4782,.T.);
#6488=ORIENTED_EDGE('',*,*,#4783,.F.);
#6489=ORIENTED_EDGE('',*,*,#4716,.F.);
#6490=ORIENTED_EDGE('',*,*,#4783,.T.);
#6491=ORIENTED_EDGE('',*,*,#4784,.T.);
#6492=ORIENTED_EDGE('',*,*,#4785,.F.);
#6493=ORIENTED_EDGE('',*,*,#4717,.F.);
#6494=ORIENTED_EDGE('',*,*,#4785,.T.);
#6495=ORIENTED_EDGE('',*,*,#4786,.T.);
#6496=ORIENTED_EDGE('',*,*,#4787,.F.);
#6497=ORIENTED_EDGE('',*,*,#4718,.F.);
#6498=ORIENTED_EDGE('',*,*,#4787,.T.);
#6499=ORIENTED_EDGE('',*,*,#4788,.T.);
#6500=ORIENTED_EDGE('',*,*,#4789,.F.);
#6501=ORIENTED_EDGE('',*,*,#4719,.F.);
#6502=ORIENTED_EDGE('',*,*,#4789,.T.);
#6503=ORIENTED_EDGE('',*,*,#4790,.T.);
#6504=ORIENTED_EDGE('',*,*,#4791,.F.);
#6505=ORIENTED_EDGE('',*,*,#4720,.F.);
#6506=ORIENTED_EDGE('',*,*,#4791,.T.);
#6507=ORIENTED_EDGE('',*,*,#4792,.T.);
#6508=ORIENTED_EDGE('',*,*,#4793,.F.);
#6509=ORIENTED_EDGE('',*,*,#4721,.F.);
#6510=ORIENTED_EDGE('',*,*,#4793,.T.);
#6511=ORIENTED_EDGE('',*,*,#4794,.T.);
#6512=ORIENTED_EDGE('',*,*,#4795,.F.);
#6513=ORIENTED_EDGE('',*,*,#4722,.F.);
#6514=ORIENTED_EDGE('',*,*,#4795,.T.);
#6515=ORIENTED_EDGE('',*,*,#4796,.T.);
#6516=ORIENTED_EDGE('',*,*,#4797,.F.);
#6517=ORIENTED_EDGE('',*,*,#4723,.F.);
#6518=ORIENTED_EDGE('',*,*,#4797,.T.);
#6519=ORIENTED_EDGE('',*,*,#4798,.T.);
#6520=ORIENTED_EDGE('',*,*,#4799,.F.);
#6521=ORIENTED_EDGE('',*,*,#4724,.F.);
#6522=ORIENTED_EDGE('',*,*,#4799,.T.);
#6523=ORIENTED_EDGE('',*,*,#4800,.T.);
#6524=ORIENTED_EDGE('',*,*,#4801,.F.);
#6525=ORIENTED_EDGE('',*,*,#4725,.F.);
#6526=ORIENTED_EDGE('',*,*,#4801,.T.);
#6527=ORIENTED_EDGE('',*,*,#4802,.T.);
#6528=ORIENTED_EDGE('',*,*,#4755,.F.);
#6529=ORIENTED_EDGE('',*,*,#4802,.F.);
#6530=ORIENTED_EDGE('',*,*,#4803,.F.);
#6531=ORIENTED_EDGE('',*,*,#4664,.T.);
#6532=ORIENTED_EDGE('',*,*,#4804,.T.);
#6533=ORIENTED_EDGE('',*,*,#4756,.F.);
#6534=ORIENTED_EDGE('',*,*,#4804,.F.);
#6535=ORIENTED_EDGE('',*,*,#4663,.T.);
#6536=ORIENTED_EDGE('',*,*,#4805,.T.);
#6537=ORIENTED_EDGE('',*,*,#4758,.F.);
#6538=ORIENTED_EDGE('',*,*,#4805,.F.);
#6539=ORIENTED_EDGE('',*,*,#4662,.T.);
#6540=ORIENTED_EDGE('',*,*,#4806,.T.);
#6541=ORIENTED_EDGE('',*,*,#4760,.F.);
#6542=ORIENTED_EDGE('',*,*,#4806,.F.);
#6543=ORIENTED_EDGE('',*,*,#4661,.T.);
#6544=ORIENTED_EDGE('',*,*,#4807,.T.);
#6545=ORIENTED_EDGE('',*,*,#4762,.F.);
#6546=ORIENTED_EDGE('',*,*,#4807,.F.);
#6547=ORIENTED_EDGE('',*,*,#4660,.T.);
#6548=ORIENTED_EDGE('',*,*,#4808,.T.);
#6549=ORIENTED_EDGE('',*,*,#4764,.F.);
#6550=ORIENTED_EDGE('',*,*,#4808,.F.);
#6551=ORIENTED_EDGE('',*,*,#4659,.T.);
#6552=ORIENTED_EDGE('',*,*,#4809,.T.);
#6553=ORIENTED_EDGE('',*,*,#4766,.F.);
#6554=ORIENTED_EDGE('',*,*,#4809,.F.);
#6555=ORIENTED_EDGE('',*,*,#4658,.T.);
#6556=ORIENTED_EDGE('',*,*,#4810,.T.);
#6557=ORIENTED_EDGE('',*,*,#4768,.F.);
#6558=ORIENTED_EDGE('',*,*,#4810,.F.);
#6559=ORIENTED_EDGE('',*,*,#4657,.T.);
#6560=ORIENTED_EDGE('',*,*,#4811,.T.);
#6561=ORIENTED_EDGE('',*,*,#4770,.F.);
#6562=ORIENTED_EDGE('',*,*,#4811,.F.);
#6563=ORIENTED_EDGE('',*,*,#4656,.T.);
#6564=ORIENTED_EDGE('',*,*,#4812,.T.);
#6565=ORIENTED_EDGE('',*,*,#4772,.F.);
#6566=ORIENTED_EDGE('',*,*,#4812,.F.);
#6567=ORIENTED_EDGE('',*,*,#4655,.T.);
#6568=ORIENTED_EDGE('',*,*,#4813,.T.);
#6569=ORIENTED_EDGE('',*,*,#4774,.F.);
#6570=ORIENTED_EDGE('',*,*,#4813,.F.);
#6571=ORIENTED_EDGE('',*,*,#4654,.T.);
#6572=ORIENTED_EDGE('',*,*,#4814,.T.);
#6573=ORIENTED_EDGE('',*,*,#4776,.F.);
#6574=ORIENTED_EDGE('',*,*,#4814,.F.);
#6575=ORIENTED_EDGE('',*,*,#4653,.T.);
#6576=ORIENTED_EDGE('',*,*,#4815,.T.);
#6577=ORIENTED_EDGE('',*,*,#4778,.F.);
#6578=ORIENTED_EDGE('',*,*,#4815,.F.);
#6579=ORIENTED_EDGE('',*,*,#4652,.T.);
#6580=ORIENTED_EDGE('',*,*,#4816,.T.);
#6581=ORIENTED_EDGE('',*,*,#4780,.F.);
#6582=ORIENTED_EDGE('',*,*,#4816,.F.);
#6583=ORIENTED_EDGE('',*,*,#4651,.T.);
#6584=ORIENTED_EDGE('',*,*,#4817,.T.);
#6585=ORIENTED_EDGE('',*,*,#4782,.F.);
#6586=ORIENTED_EDGE('',*,*,#4817,.F.);
#6587=ORIENTED_EDGE('',*,*,#4650,.T.);
#6588=ORIENTED_EDGE('',*,*,#4818,.T.);
#6589=ORIENTED_EDGE('',*,*,#4784,.F.);
#6590=ORIENTED_EDGE('',*,*,#4818,.F.);
#6591=ORIENTED_EDGE('',*,*,#4649,.T.);
#6592=ORIENTED_EDGE('',*,*,#4819,.T.);
#6593=ORIENTED_EDGE('',*,*,#4786,.F.);
#6594=ORIENTED_EDGE('',*,*,#4819,.F.);
#6595=ORIENTED_EDGE('',*,*,#4648,.T.);
#6596=ORIENTED_EDGE('',*,*,#4820,.T.);
#6597=ORIENTED_EDGE('',*,*,#4788,.F.);
#6598=ORIENTED_EDGE('',*,*,#4820,.F.);
#6599=ORIENTED_EDGE('',*,*,#4647,.T.);
#6600=ORIENTED_EDGE('',*,*,#4821,.T.);
#6601=ORIENTED_EDGE('',*,*,#4790,.F.);
#6602=ORIENTED_EDGE('',*,*,#4821,.F.);
#6603=ORIENTED_EDGE('',*,*,#4646,.T.);
#6604=ORIENTED_EDGE('',*,*,#4822,.T.);
#6605=ORIENTED_EDGE('',*,*,#4792,.F.);
#6606=ORIENTED_EDGE('',*,*,#4822,.F.);
#6607=ORIENTED_EDGE('',*,*,#4645,.T.);
#6608=ORIENTED_EDGE('',*,*,#4823,.T.);
#6609=ORIENTED_EDGE('',*,*,#4794,.F.);
#6610=ORIENTED_EDGE('',*,*,#4823,.F.);
#6611=ORIENTED_EDGE('',*,*,#4644,.T.);
#6612=ORIENTED_EDGE('',*,*,#4824,.T.);
#6613=ORIENTED_EDGE('',*,*,#4796,.F.);
#6614=ORIENTED_EDGE('',*,*,#4824,.F.);
#6615=ORIENTED_EDGE('',*,*,#4643,.T.);
#6616=ORIENTED_EDGE('',*,*,#4825,.T.);
#6617=ORIENTED_EDGE('',*,*,#4798,.F.);
#6618=ORIENTED_EDGE('',*,*,#4825,.F.);
#6619=ORIENTED_EDGE('',*,*,#4642,.T.);
#6620=ORIENTED_EDGE('',*,*,#4826,.T.);
#6621=ORIENTED_EDGE('',*,*,#4800,.F.);
#6622=ORIENTED_EDGE('',*,*,#4826,.F.);
#6623=ORIENTED_EDGE('',*,*,#4641,.T.);
#6624=ORIENTED_EDGE('',*,*,#4803,.T.);
#6625=ORIENTED_EDGE('',*,*,#4827,.F.);
#6626=ORIENTED_EDGE('',*,*,#4828,.F.);
#6627=ORIENTED_EDGE('',*,*,#4829,.F.);
#6628=ORIENTED_EDGE('',*,*,#4830,.F.);
#6629=ORIENTED_EDGE('',*,*,#4831,.F.);
#6630=ORIENTED_EDGE('',*,*,#4832,.F.);
#6631=ORIENTED_EDGE('',*,*,#4833,.F.);
#6632=ORIENTED_EDGE('',*,*,#4834,.F.);
#6633=ORIENTED_EDGE('',*,*,#4835,.F.);
#6634=ORIENTED_EDGE('',*,*,#4836,.F.);
#6635=ORIENTED_EDGE('',*,*,#4837,.F.);
#6636=ORIENTED_EDGE('',*,*,#4838,.F.);
#6637=ORIENTED_EDGE('',*,*,#4839,.F.);
#6638=ORIENTED_EDGE('',*,*,#4840,.F.);
#6639=ORIENTED_EDGE('',*,*,#4841,.F.);
#6640=ORIENTED_EDGE('',*,*,#4842,.F.);
#6641=ORIENTED_EDGE('',*,*,#4843,.F.);
#6642=ORIENTED_EDGE('',*,*,#4844,.F.);
#6643=ORIENTED_EDGE('',*,*,#4845,.F.);
#6644=ORIENTED_EDGE('',*,*,#4846,.F.);
#6645=ORIENTED_EDGE('',*,*,#4847,.F.);
#6646=ORIENTED_EDGE('',*,*,#4848,.F.);
#6647=ORIENTED_EDGE('',*,*,#4849,.F.);
#6648=ORIENTED_EDGE('',*,*,#4850,.F.);
#6649=ORIENTED_EDGE('',*,*,#4851,.F.);
#6650=ORIENTED_EDGE('',*,*,#4852,.F.);
#6651=ORIENTED_EDGE('',*,*,#4853,.F.);
#6652=ORIENTED_EDGE('',*,*,#4854,.F.);
#6653=ORIENTED_EDGE('',*,*,#4855,.F.);
#6654=ORIENTED_EDGE('',*,*,#4856,.F.);
#6655=ORIENTED_EDGE('',*,*,#4857,.F.);
#6656=ORIENTED_EDGE('',*,*,#4858,.F.);
#6657=ORIENTED_EDGE('',*,*,#4859,.F.);
#6658=ORIENTED_EDGE('',*,*,#4860,.F.);
#6659=ORIENTED_EDGE('',*,*,#4861,.F.);
#6660=ORIENTED_EDGE('',*,*,#4862,.F.);
#6661=ORIENTED_EDGE('',*,*,#4863,.F.);
#6662=ORIENTED_EDGE('',*,*,#4864,.F.);
#6663=ORIENTED_EDGE('',*,*,#4865,.F.);
#6664=ORIENTED_EDGE('',*,*,#4866,.F.);
#6665=ORIENTED_EDGE('',*,*,#4867,.F.);
#6666=ORIENTED_EDGE('',*,*,#4868,.F.);
#6667=ORIENTED_EDGE('',*,*,#4869,.T.);
#6668=ORIENTED_EDGE('',*,*,#4870,.T.);
#6669=ORIENTED_EDGE('',*,*,#4871,.T.);
#6670=ORIENTED_EDGE('',*,*,#4872,.T.);
#6671=ORIENTED_EDGE('',*,*,#4873,.T.);
#6672=ORIENTED_EDGE('',*,*,#4874,.T.);
#6673=ORIENTED_EDGE('',*,*,#4875,.T.);
#6674=ORIENTED_EDGE('',*,*,#4876,.T.);
#6675=ORIENTED_EDGE('',*,*,#4877,.F.);
#6676=ORIENTED_EDGE('',*,*,#4878,.T.);
#6677=ORIENTED_EDGE('',*,*,#4879,.F.);
#6678=ORIENTED_EDGE('',*,*,#4880,.T.);
#6679=ORIENTED_EDGE('',*,*,#4881,.F.);
#6680=ORIENTED_EDGE('',*,*,#4882,.T.);
#6681=ORIENTED_EDGE('',*,*,#4883,.F.);
#6682=ORIENTED_EDGE('',*,*,#4884,.T.);
#6683=ORIENTED_EDGE('',*,*,#4827,.T.);
#6684=ORIENTED_EDGE('',*,*,#4885,.T.);
#6685=ORIENTED_EDGE('',*,*,#4886,.F.);
#6686=ORIENTED_EDGE('',*,*,#4887,.F.);
#6687=ORIENTED_EDGE('',*,*,#4828,.T.);
#6688=ORIENTED_EDGE('',*,*,#4887,.T.);
#6689=ORIENTED_EDGE('',*,*,#4888,.F.);
#6690=ORIENTED_EDGE('',*,*,#4889,.F.);
#6691=ORIENTED_EDGE('',*,*,#4829,.T.);
#6692=ORIENTED_EDGE('',*,*,#4889,.T.);
#6693=ORIENTED_EDGE('',*,*,#4890,.F.);
#6694=ORIENTED_EDGE('',*,*,#4891,.F.);
#6695=ORIENTED_EDGE('',*,*,#4830,.T.);
#6696=ORIENTED_EDGE('',*,*,#4891,.T.);
#6697=ORIENTED_EDGE('',*,*,#4892,.F.);
#6698=ORIENTED_EDGE('',*,*,#4893,.F.);
#6699=ORIENTED_EDGE('',*,*,#4831,.T.);
#6700=ORIENTED_EDGE('',*,*,#4893,.T.);
#6701=ORIENTED_EDGE('',*,*,#4894,.F.);
#6702=ORIENTED_EDGE('',*,*,#4895,.F.);
#6703=ORIENTED_EDGE('',*,*,#4832,.T.);
#6704=ORIENTED_EDGE('',*,*,#4895,.T.);
#6705=ORIENTED_EDGE('',*,*,#4896,.F.);
#6706=ORIENTED_EDGE('',*,*,#4897,.F.);
#6707=ORIENTED_EDGE('',*,*,#4833,.T.);
#6708=ORIENTED_EDGE('',*,*,#4897,.T.);
#6709=ORIENTED_EDGE('',*,*,#4898,.F.);
#6710=ORIENTED_EDGE('',*,*,#4899,.F.);
#6711=ORIENTED_EDGE('',*,*,#4834,.T.);
#6712=ORIENTED_EDGE('',*,*,#4899,.T.);
#6713=ORIENTED_EDGE('',*,*,#4900,.F.);
#6714=ORIENTED_EDGE('',*,*,#4885,.F.);
#6715=ORIENTED_EDGE('',*,*,#4886,.T.);
#6716=ORIENTED_EDGE('',*,*,#4900,.T.);
#6717=ORIENTED_EDGE('',*,*,#4898,.T.);
#6718=ORIENTED_EDGE('',*,*,#4896,.T.);
#6719=ORIENTED_EDGE('',*,*,#4894,.T.);
#6720=ORIENTED_EDGE('',*,*,#4892,.T.);
#6721=ORIENTED_EDGE('',*,*,#4890,.T.);
#6722=ORIENTED_EDGE('',*,*,#4888,.T.);
#6723=ORIENTED_EDGE('',*,*,#4901,.T.);
#6724=ORIENTED_EDGE('',*,*,#4902,.T.);
#6725=ORIENTED_EDGE('',*,*,#4903,.T.);
#6726=ORIENTED_EDGE('',*,*,#4904,.T.);
#6727=ORIENTED_EDGE('',*,*,#4905,.T.);
#6728=ORIENTED_EDGE('',*,*,#4906,.T.);
#6729=ORIENTED_EDGE('',*,*,#4907,.T.);
#6730=ORIENTED_EDGE('',*,*,#4908,.T.);
#6731=ORIENTED_EDGE('',*,*,#4909,.T.);
#6732=ORIENTED_EDGE('',*,*,#4910,.T.);
#6733=ORIENTED_EDGE('',*,*,#4911,.T.);
#6734=ORIENTED_EDGE('',*,*,#4912,.T.);
#6735=ORIENTED_EDGE('',*,*,#4913,.T.);
#6736=ORIENTED_EDGE('',*,*,#4914,.T.);
#6737=ORIENTED_EDGE('',*,*,#4915,.T.);
#6738=ORIENTED_EDGE('',*,*,#4916,.T.);
#6739=ORIENTED_EDGE('',*,*,#4917,.T.);
#6740=ORIENTED_EDGE('',*,*,#4918,.T.);
#6741=ORIENTED_EDGE('',*,*,#4919,.T.);
#6742=ORIENTED_EDGE('',*,*,#4920,.T.);
#6743=ORIENTED_EDGE('',*,*,#4921,.T.);
#6744=ORIENTED_EDGE('',*,*,#4922,.T.);
#6745=ORIENTED_EDGE('',*,*,#4923,.T.);
#6746=ORIENTED_EDGE('',*,*,#4924,.T.);
#6747=ORIENTED_EDGE('',*,*,#4925,.T.);
#6748=ORIENTED_EDGE('',*,*,#4926,.T.);
#6749=ORIENTED_EDGE('',*,*,#4927,.T.);
#6750=ORIENTED_EDGE('',*,*,#4928,.T.);
#6751=ORIENTED_EDGE('',*,*,#4929,.T.);
#6752=ORIENTED_EDGE('',*,*,#4930,.T.);
#6753=ORIENTED_EDGE('',*,*,#4931,.T.);
#6754=ORIENTED_EDGE('',*,*,#4932,.T.);
#6755=ORIENTED_EDGE('',*,*,#4933,.T.);
#6756=ORIENTED_EDGE('',*,*,#4934,.T.);
#6757=ORIENTED_EDGE('',*,*,#4935,.T.);
#6758=ORIENTED_EDGE('',*,*,#4936,.T.);
#6759=ORIENTED_EDGE('',*,*,#4937,.T.);
#6760=ORIENTED_EDGE('',*,*,#4938,.T.);
#6761=ORIENTED_EDGE('',*,*,#4939,.T.);
#6762=ORIENTED_EDGE('',*,*,#4940,.T.);
#6763=ORIENTED_EDGE('',*,*,#4941,.T.);
#6764=ORIENTED_EDGE('',*,*,#4942,.T.);
#6765=ORIENTED_EDGE('',*,*,#4943,.T.);
#6766=ORIENTED_EDGE('',*,*,#4944,.T.);
#6767=ORIENTED_EDGE('',*,*,#4945,.T.);
#6768=ORIENTED_EDGE('',*,*,#4946,.T.);
#6769=ORIENTED_EDGE('',*,*,#4947,.T.);
#6770=ORIENTED_EDGE('',*,*,#4948,.T.);
#6771=ORIENTED_EDGE('',*,*,#4949,.T.);
#6772=ORIENTED_EDGE('',*,*,#4950,.T.);
#6773=ORIENTED_EDGE('',*,*,#4835,.T.);
#6774=ORIENTED_EDGE('',*,*,#4951,.T.);
#6775=ORIENTED_EDGE('',*,*,#4901,.F.);
#6776=ORIENTED_EDGE('',*,*,#4951,.F.);
#6777=ORIENTED_EDGE('',*,*,#4836,.T.);
#6778=ORIENTED_EDGE('',*,*,#4952,.T.);
#6779=ORIENTED_EDGE('',*,*,#4902,.F.);
#6780=ORIENTED_EDGE('',*,*,#4952,.F.);
#6781=ORIENTED_EDGE('',*,*,#4837,.T.);
#6782=ORIENTED_EDGE('',*,*,#4953,.T.);
#6783=ORIENTED_EDGE('',*,*,#4903,.F.);
#6784=ORIENTED_EDGE('',*,*,#4953,.F.);
#6785=ORIENTED_EDGE('',*,*,#4838,.T.);
#6786=ORIENTED_EDGE('',*,*,#4954,.T.);
#6787=ORIENTED_EDGE('',*,*,#4904,.F.);
#6788=ORIENTED_EDGE('',*,*,#4954,.F.);
#6789=ORIENTED_EDGE('',*,*,#4839,.T.);
#6790=ORIENTED_EDGE('',*,*,#4955,.T.);
#6791=ORIENTED_EDGE('',*,*,#4905,.F.);
#6792=ORIENTED_EDGE('',*,*,#4955,.F.);
#6793=ORIENTED_EDGE('',*,*,#4840,.T.);
#6794=ORIENTED_EDGE('',*,*,#4956,.T.);
#6795=ORIENTED_EDGE('',*,*,#4906,.F.);
#6796=ORIENTED_EDGE('',*,*,#4956,.F.);
#6797=ORIENTED_EDGE('',*,*,#4841,.T.);
#6798=ORIENTED_EDGE('',*,*,#4957,.T.);
#6799=ORIENTED_EDGE('',*,*,#4907,.F.);
#6800=ORIENTED_EDGE('',*,*,#4957,.F.);
#6801=ORIENTED_EDGE('',*,*,#4842,.T.);
#6802=ORIENTED_EDGE('',*,*,#4958,.T.);
#6803=ORIENTED_EDGE('',*,*,#4908,.F.);
#6804=ORIENTED_EDGE('',*,*,#4958,.F.);
#6805=ORIENTED_EDGE('',*,*,#4843,.T.);
#6806=ORIENTED_EDGE('',*,*,#4959,.T.);
#6807=ORIENTED_EDGE('',*,*,#4909,.F.);
#6808=ORIENTED_EDGE('',*,*,#4959,.F.);
#6809=ORIENTED_EDGE('',*,*,#4844,.T.);
#6810=ORIENTED_EDGE('',*,*,#4960,.T.);
#6811=ORIENTED_EDGE('',*,*,#4910,.F.);
#6812=ORIENTED_EDGE('',*,*,#4960,.F.);
#6813=ORIENTED_EDGE('',*,*,#4845,.T.);
#6814=ORIENTED_EDGE('',*,*,#4961,.T.);
#6815=ORIENTED_EDGE('',*,*,#4911,.F.);
#6816=ORIENTED_EDGE('',*,*,#4962,.F.);
#6817=ORIENTED_EDGE('',*,*,#4846,.T.);
#6818=ORIENTED_EDGE('',*,*,#4962,.T.);
#6819=ORIENTED_EDGE('',*,*,#4916,.F.);
#6820=ORIENTED_EDGE('',*,*,#4963,.F.);
#6821=ORIENTED_EDGE('',*,*,#4847,.T.);
#6822=ORIENTED_EDGE('',*,*,#4963,.T.);
#6823=ORIENTED_EDGE('',*,*,#4915,.F.);
#6824=ORIENTED_EDGE('',*,*,#4964,.F.);
#6825=ORIENTED_EDGE('',*,*,#4848,.T.);
#6826=ORIENTED_EDGE('',*,*,#4964,.T.);
#6827=ORIENTED_EDGE('',*,*,#4914,.F.);
#6828=ORIENTED_EDGE('',*,*,#4965,.F.);
#6829=ORIENTED_EDGE('',*,*,#4849,.T.);
#6830=ORIENTED_EDGE('',*,*,#4965,.T.);
#6831=ORIENTED_EDGE('',*,*,#4913,.F.);
#6832=ORIENTED_EDGE('',*,*,#4966,.F.);
#6833=ORIENTED_EDGE('',*,*,#4850,.T.);
#6834=ORIENTED_EDGE('',*,*,#4966,.T.);
#6835=ORIENTED_EDGE('',*,*,#4912,.F.);
#6836=ORIENTED_EDGE('',*,*,#4961,.F.);
#6837=ORIENTED_EDGE('',*,*,#4851,.T.);
#6838=ORIENTED_EDGE('',*,*,#4967,.T.);
#6839=ORIENTED_EDGE('',*,*,#4917,.F.);
#6840=ORIENTED_EDGE('',*,*,#4968,.F.);
#6841=ORIENTED_EDGE('',*,*,#4852,.T.);
#6842=ORIENTED_EDGE('',*,*,#4968,.T.);
#6843=ORIENTED_EDGE('',*,*,#4922,.F.);
#6844=ORIENTED_EDGE('',*,*,#4969,.F.);
#6845=ORIENTED_EDGE('',*,*,#4853,.T.);
#6846=ORIENTED_EDGE('',*,*,#4969,.T.);
#6847=ORIENTED_EDGE('',*,*,#4921,.F.);
#6848=ORIENTED_EDGE('',*,*,#4970,.F.);
#6849=ORIENTED_EDGE('',*,*,#4854,.T.);
#6850=ORIENTED_EDGE('',*,*,#4970,.T.);
#6851=ORIENTED_EDGE('',*,*,#4920,.F.);
#6852=ORIENTED_EDGE('',*,*,#4971,.F.);
#6853=ORIENTED_EDGE('',*,*,#4855,.T.);
#6854=ORIENTED_EDGE('',*,*,#4971,.T.);
#6855=ORIENTED_EDGE('',*,*,#4919,.F.);
#6856=ORIENTED_EDGE('',*,*,#4972,.F.);
#6857=ORIENTED_EDGE('',*,*,#4856,.T.);
#6858=ORIENTED_EDGE('',*,*,#4972,.T.);
#6859=ORIENTED_EDGE('',*,*,#4918,.F.);
#6860=ORIENTED_EDGE('',*,*,#4967,.F.);
#6861=ORIENTED_EDGE('',*,*,#4857,.T.);
#6862=ORIENTED_EDGE('',*,*,#4973,.T.);
#6863=ORIENTED_EDGE('',*,*,#4923,.F.);
#6864=ORIENTED_EDGE('',*,*,#4974,.F.);
#6865=ORIENTED_EDGE('',*,*,#4858,.T.);
#6866=ORIENTED_EDGE('',*,*,#4974,.T.);
#6867=ORIENTED_EDGE('',*,*,#4928,.F.);
#6868=ORIENTED_EDGE('',*,*,#4975,.F.);
#6869=ORIENTED_EDGE('',*,*,#4859,.T.);
#6870=ORIENTED_EDGE('',*,*,#4975,.T.);
#6871=ORIENTED_EDGE('',*,*,#4927,.F.);
#6872=ORIENTED_EDGE('',*,*,#4976,.F.);
#6873=ORIENTED_EDGE('',*,*,#4860,.T.);
#6874=ORIENTED_EDGE('',*,*,#4976,.T.);
#6875=ORIENTED_EDGE('',*,*,#4926,.F.);
#6876=ORIENTED_EDGE('',*,*,#4977,.F.);
#6877=ORIENTED_EDGE('',*,*,#4861,.T.);
#6878=ORIENTED_EDGE('',*,*,#4977,.T.);
#6879=ORIENTED_EDGE('',*,*,#4925,.F.);
#6880=ORIENTED_EDGE('',*,*,#4978,.F.);
#6881=ORIENTED_EDGE('',*,*,#4862,.T.);
#6882=ORIENTED_EDGE('',*,*,#4978,.T.);
#6883=ORIENTED_EDGE('',*,*,#4924,.F.);
#6884=ORIENTED_EDGE('',*,*,#4973,.F.);
#6885=ORIENTED_EDGE('',*,*,#4863,.T.);
#6886=ORIENTED_EDGE('',*,*,#4979,.T.);
#6887=ORIENTED_EDGE('',*,*,#4929,.F.);
#6888=ORIENTED_EDGE('',*,*,#4980,.F.);
#6889=ORIENTED_EDGE('',*,*,#4864,.T.);
#6890=ORIENTED_EDGE('',*,*,#4980,.T.);
#6891=ORIENTED_EDGE('',*,*,#4934,.F.);
#6892=ORIENTED_EDGE('',*,*,#4981,.F.);
#6893=ORIENTED_EDGE('',*,*,#4865,.T.);
#6894=ORIENTED_EDGE('',*,*,#4981,.T.);
#6895=ORIENTED_EDGE('',*,*,#4933,.F.);
#6896=ORIENTED_EDGE('',*,*,#4982,.F.);
#6897=ORIENTED_EDGE('',*,*,#4866,.T.);
#6898=ORIENTED_EDGE('',*,*,#4982,.T.);
#6899=ORIENTED_EDGE('',*,*,#4932,.F.);
#6900=ORIENTED_EDGE('',*,*,#4983,.F.);
#6901=ORIENTED_EDGE('',*,*,#4867,.T.);
#6902=ORIENTED_EDGE('',*,*,#4983,.T.);
#6903=ORIENTED_EDGE('',*,*,#4931,.F.);
#6904=ORIENTED_EDGE('',*,*,#4984,.F.);
#6905=ORIENTED_EDGE('',*,*,#4868,.T.);
#6906=ORIENTED_EDGE('',*,*,#4984,.T.);
#6907=ORIENTED_EDGE('',*,*,#4930,.F.);
#6908=ORIENTED_EDGE('',*,*,#4979,.F.);
#6909=ORIENTED_EDGE('',*,*,#4935,.F.);
#6910=ORIENTED_EDGE('',*,*,#4985,.T.);
#6911=ORIENTED_EDGE('',*,*,#4986,.T.);
#6912=ORIENTED_EDGE('',*,*,#4987,.F.);
#6913=ORIENTED_EDGE('',*,*,#4936,.F.);
#6914=ORIENTED_EDGE('',*,*,#4987,.T.);
#6915=ORIENTED_EDGE('',*,*,#4988,.T.);
#6916=ORIENTED_EDGE('',*,*,#4989,.F.);
#6917=ORIENTED_EDGE('',*,*,#4937,.F.);
#6918=ORIENTED_EDGE('',*,*,#4989,.T.);
#6919=ORIENTED_EDGE('',*,*,#4990,.T.);
#6920=ORIENTED_EDGE('',*,*,#4991,.F.);
#6921=ORIENTED_EDGE('',*,*,#4938,.F.);
#6922=ORIENTED_EDGE('',*,*,#4991,.T.);
#6923=ORIENTED_EDGE('',*,*,#4992,.T.);
#6924=ORIENTED_EDGE('',*,*,#4985,.F.);
#6925=ORIENTED_EDGE('',*,*,#4993,.F.);
#6926=ORIENTED_EDGE('',*,*,#4994,.T.);
#6927=ORIENTED_EDGE('',*,*,#4992,.F.);
#6928=ORIENTED_EDGE('',*,*,#4995,.F.);
#6929=ORIENTED_EDGE('',*,*,#4872,.F.);
#6930=ORIENTED_EDGE('',*,*,#4996,.T.);
#6931=ORIENTED_EDGE('',*,*,#4993,.T.);
#6932=ORIENTED_EDGE('',*,*,#4997,.F.);
#6933=ORIENTED_EDGE('',*,*,#4869,.F.);
#6934=ORIENTED_EDGE('',*,*,#4997,.T.);
#6935=ORIENTED_EDGE('',*,*,#4998,.T.);
#6936=ORIENTED_EDGE('',*,*,#4999,.F.);
#6937=ORIENTED_EDGE('',*,*,#4870,.F.);
#6938=ORIENTED_EDGE('',*,*,#4999,.T.);
#6939=ORIENTED_EDGE('',*,*,#5000,.T.);
#6940=ORIENTED_EDGE('',*,*,#5001,.F.);
#6941=ORIENTED_EDGE('',*,*,#4871,.F.);
#6942=ORIENTED_EDGE('',*,*,#5001,.T.);
#6943=ORIENTED_EDGE('',*,*,#5002,.T.);
#6944=ORIENTED_EDGE('',*,*,#4996,.F.);
#6945=ORIENTED_EDGE('',*,*,#5002,.F.);
#6946=ORIENTED_EDGE('',*,*,#5003,.T.);
#6947=ORIENTED_EDGE('',*,*,#4986,.F.);
#6948=ORIENTED_EDGE('',*,*,#4994,.F.);
#6949=ORIENTED_EDGE('',*,*,#5000,.F.);
#6950=ORIENTED_EDGE('',*,*,#5004,.T.);
#6951=ORIENTED_EDGE('',*,*,#4988,.F.);
#6952=ORIENTED_EDGE('',*,*,#5003,.F.);
#6953=ORIENTED_EDGE('',*,*,#4998,.F.);
#6954=ORIENTED_EDGE('',*,*,#4995,.T.);
#6955=ORIENTED_EDGE('',*,*,#4990,.F.);
#6956=ORIENTED_EDGE('',*,*,#5004,.F.);
#6957=ORIENTED_EDGE('',*,*,#4939,.F.);
#6958=ORIENTED_EDGE('',*,*,#5005,.T.);
#6959=ORIENTED_EDGE('',*,*,#5006,.T.);
#6960=ORIENTED_EDGE('',*,*,#5007,.F.);
#6961=ORIENTED_EDGE('',*,*,#4940,.F.);
#6962=ORIENTED_EDGE('',*,*,#5007,.T.);
#6963=ORIENTED_EDGE('',*,*,#5008,.T.);
#6964=ORIENTED_EDGE('',*,*,#5009,.F.);
#6965=ORIENTED_EDGE('',*,*,#4941,.F.);
#6966=ORIENTED_EDGE('',*,*,#5009,.T.);
#6967=ORIENTED_EDGE('',*,*,#5010,.T.);
#6968=ORIENTED_EDGE('',*,*,#5011,.F.);
#6969=ORIENTED_EDGE('',*,*,#4942,.F.);
#6970=ORIENTED_EDGE('',*,*,#5011,.T.);
#6971=ORIENTED_EDGE('',*,*,#5012,.T.);
#6972=ORIENTED_EDGE('',*,*,#5005,.F.);
#6973=ORIENTED_EDGE('',*,*,#5013,.F.);
#6974=ORIENTED_EDGE('',*,*,#5014,.T.);
#6975=ORIENTED_EDGE('',*,*,#5012,.F.);
#6976=ORIENTED_EDGE('',*,*,#5015,.F.);
#6977=ORIENTED_EDGE('',*,*,#4876,.F.);
#6978=ORIENTED_EDGE('',*,*,#5016,.T.);
#6979=ORIENTED_EDGE('',*,*,#5013,.T.);
#6980=ORIENTED_EDGE('',*,*,#5017,.F.);
#6981=ORIENTED_EDGE('',*,*,#4873,.F.);
#6982=ORIENTED_EDGE('',*,*,#5017,.T.);
#6983=ORIENTED_EDGE('',*,*,#5018,.T.);
#6984=ORIENTED_EDGE('',*,*,#5019,.F.);
#6985=ORIENTED_EDGE('',*,*,#4874,.F.);
#6986=ORIENTED_EDGE('',*,*,#5019,.T.);
#6987=ORIENTED_EDGE('',*,*,#5020,.T.);
#6988=ORIENTED_EDGE('',*,*,#5021,.F.);
#6989=ORIENTED_EDGE('',*,*,#4875,.F.);
#6990=ORIENTED_EDGE('',*,*,#5021,.T.);
#6991=ORIENTED_EDGE('',*,*,#5022,.T.);
#6992=ORIENTED_EDGE('',*,*,#5016,.F.);
#6993=ORIENTED_EDGE('',*,*,#5022,.F.);
#6994=ORIENTED_EDGE('',*,*,#5023,.T.);
#6995=ORIENTED_EDGE('',*,*,#5006,.F.);
#6996=ORIENTED_EDGE('',*,*,#5014,.F.);
#6997=ORIENTED_EDGE('',*,*,#5020,.F.);
#6998=ORIENTED_EDGE('',*,*,#5024,.T.);
#6999=ORIENTED_EDGE('',*,*,#5008,.F.);
#7000=ORIENTED_EDGE('',*,*,#5023,.F.);
#7001=ORIENTED_EDGE('',*,*,#5018,.F.);
#7002=ORIENTED_EDGE('',*,*,#5015,.T.);
#7003=ORIENTED_EDGE('',*,*,#5010,.F.);
#7004=ORIENTED_EDGE('',*,*,#5024,.F.);
#7005=ORIENTED_EDGE('',*,*,#5025,.F.);
#7006=ORIENTED_EDGE('',*,*,#4883,.T.);
#7007=ORIENTED_EDGE('',*,*,#5026,.T.);
#7008=ORIENTED_EDGE('',*,*,#4943,.F.);
#7009=ORIENTED_EDGE('',*,*,#5025,.T.);
#7010=ORIENTED_EDGE('',*,*,#4950,.F.);
#7011=ORIENTED_EDGE('',*,*,#5027,.F.);
#7012=ORIENTED_EDGE('',*,*,#4884,.F.);
#7013=ORIENTED_EDGE('',*,*,#5028,.F.);
#7014=ORIENTED_EDGE('',*,*,#4877,.T.);
#7015=ORIENTED_EDGE('',*,*,#5027,.T.);
#7016=ORIENTED_EDGE('',*,*,#4949,.F.);
#7017=ORIENTED_EDGE('',*,*,#5028,.T.);
#7018=ORIENTED_EDGE('',*,*,#4948,.F.);
#7019=ORIENTED_EDGE('',*,*,#5029,.F.);
#7020=ORIENTED_EDGE('',*,*,#4878,.F.);
#7021=ORIENTED_EDGE('',*,*,#5029,.T.);
#7022=ORIENTED_EDGE('',*,*,#4947,.F.);
#7023=ORIENTED_EDGE('',*,*,#5030,.F.);
#7024=ORIENTED_EDGE('',*,*,#4879,.T.);
#7025=ORIENTED_EDGE('',*,*,#5030,.T.);
#7026=ORIENTED_EDGE('',*,*,#4946,.F.);
#7027=ORIENTED_EDGE('',*,*,#5031,.F.);
#7028=ORIENTED_EDGE('',*,*,#4880,.F.);
#7029=ORIENTED_EDGE('',*,*,#5032,.F.);
#7030=ORIENTED_EDGE('',*,*,#4881,.T.);
#7031=ORIENTED_EDGE('',*,*,#5031,.T.);
#7032=ORIENTED_EDGE('',*,*,#4945,.F.);
#7033=ORIENTED_EDGE('',*,*,#5032,.T.);
#7034=ORIENTED_EDGE('',*,*,#4944,.F.);
#7035=ORIENTED_EDGE('',*,*,#5026,.F.);
#7036=ORIENTED_EDGE('',*,*,#4882,.F.);
#7037=ORIENTED_EDGE('',*,*,#5033,.T.);
#7038=ORIENTED_EDGE('',*,*,#5034,.T.);
#7039=ORIENTED_EDGE('',*,*,#5035,.T.);
#7040=ORIENTED_EDGE('',*,*,#5036,.T.);
#7041=ORIENTED_EDGE('',*,*,#5037,.T.);
#7042=ORIENTED_EDGE('',*,*,#5038,.T.);
#7043=ORIENTED_EDGE('',*,*,#5039,.T.);
#7044=ORIENTED_EDGE('',*,*,#5040,.T.);
#7045=ORIENTED_EDGE('',*,*,#5041,.T.);
#7046=ORIENTED_EDGE('',*,*,#5042,.T.);
#7047=ORIENTED_EDGE('',*,*,#5043,.T.);
#7048=ORIENTED_EDGE('',*,*,#5044,.T.);
#7049=ORIENTED_EDGE('',*,*,#5045,.T.);
#7050=ORIENTED_EDGE('',*,*,#5046,.T.);
#7051=ORIENTED_EDGE('',*,*,#5047,.T.);
#7052=ORIENTED_EDGE('',*,*,#5048,.T.);
#7053=ORIENTED_EDGE('',*,*,#5049,.T.);
#7054=ORIENTED_EDGE('',*,*,#5050,.T.);
#7055=ORIENTED_EDGE('',*,*,#5051,.F.);
#7056=ORIENTED_EDGE('',*,*,#5052,.F.);
#7057=ORIENTED_EDGE('',*,*,#5053,.F.);
#7058=ORIENTED_EDGE('',*,*,#5054,.F.);
#7059=ORIENTED_EDGE('',*,*,#5055,.F.);
#7060=ORIENTED_EDGE('',*,*,#5056,.F.);
#7061=ORIENTED_EDGE('',*,*,#5057,.F.);
#7062=ORIENTED_EDGE('',*,*,#5058,.F.);
#7063=ORIENTED_EDGE('',*,*,#5058,.T.);
#7064=ORIENTED_EDGE('',*,*,#5059,.T.);
#7065=ORIENTED_EDGE('',*,*,#5060,.F.);
#7066=ORIENTED_EDGE('',*,*,#5059,.F.);
#7067=ORIENTED_EDGE('',*,*,#5061,.T.);
#7068=ORIENTED_EDGE('',*,*,#5062,.T.);
#7069=ORIENTED_EDGE('',*,*,#5063,.T.);
#7070=ORIENTED_EDGE('',*,*,#5064,.T.);
#7071=ORIENTED_EDGE('',*,*,#5065,.T.);
#7072=ORIENTED_EDGE('',*,*,#5066,.T.);
#7073=ORIENTED_EDGE('',*,*,#5067,.T.);
#7074=ORIENTED_EDGE('',*,*,#5068,.T.);
#7075=ORIENTED_EDGE('',*,*,#5069,.T.);
#7076=ORIENTED_EDGE('',*,*,#5070,.T.);
#7077=ORIENTED_EDGE('',*,*,#5071,.T.);
#7078=ORIENTED_EDGE('',*,*,#5072,.T.);
#7079=ORIENTED_EDGE('',*,*,#5073,.T.);
#7080=ORIENTED_EDGE('',*,*,#5074,.T.);
#7081=ORIENTED_EDGE('',*,*,#5075,.T.);
#7082=ORIENTED_EDGE('',*,*,#5076,.T.);
#7083=ORIENTED_EDGE('',*,*,#5077,.T.);
#7084=ORIENTED_EDGE('',*,*,#5078,.T.);
#7085=ORIENTED_EDGE('',*,*,#5079,.T.);
#7086=ORIENTED_EDGE('',*,*,#5080,.T.);
#7087=ORIENTED_EDGE('',*,*,#5081,.T.);
#7088=ORIENTED_EDGE('',*,*,#5082,.T.);
#7089=ORIENTED_EDGE('',*,*,#5083,.T.);
#7090=ORIENTED_EDGE('',*,*,#5084,.T.);
#7091=ORIENTED_EDGE('',*,*,#5085,.T.);
#7092=ORIENTED_EDGE('',*,*,#5060,.T.);
#7093=ORIENTED_EDGE('',*,*,#5051,.T.);
#7094=ORIENTED_EDGE('',*,*,#5086,.T.);
#7095=ORIENTED_EDGE('',*,*,#5079,.F.);
#7096=ORIENTED_EDGE('',*,*,#5086,.F.);
#7097=ORIENTED_EDGE('',*,*,#5052,.T.);
#7098=ORIENTED_EDGE('',*,*,#5087,.T.);
#7099=ORIENTED_EDGE('',*,*,#5080,.F.);
#7100=ORIENTED_EDGE('',*,*,#5087,.F.);
#7101=ORIENTED_EDGE('',*,*,#5053,.T.);
#7102=ORIENTED_EDGE('',*,*,#5088,.T.);
#7103=ORIENTED_EDGE('',*,*,#5081,.F.);
#7104=ORIENTED_EDGE('',*,*,#5088,.F.);
#7105=ORIENTED_EDGE('',*,*,#5054,.T.);
#7106=ORIENTED_EDGE('',*,*,#5089,.T.);
#7107=ORIENTED_EDGE('',*,*,#5082,.F.);
#7108=ORIENTED_EDGE('',*,*,#5089,.F.);
#7109=ORIENTED_EDGE('',*,*,#5055,.T.);
#7110=ORIENTED_EDGE('',*,*,#5090,.T.);
#7111=ORIENTED_EDGE('',*,*,#5083,.F.);
#7112=ORIENTED_EDGE('',*,*,#5090,.F.);
#7113=ORIENTED_EDGE('',*,*,#5056,.T.);
#7114=ORIENTED_EDGE('',*,*,#5091,.T.);
#7115=ORIENTED_EDGE('',*,*,#5084,.F.);
#7116=ORIENTED_EDGE('',*,*,#5091,.F.);
#7117=ORIENTED_EDGE('',*,*,#5057,.T.);
#7118=ORIENTED_EDGE('',*,*,#5092,.T.);
#7119=ORIENTED_EDGE('',*,*,#5085,.F.);
#7120=ORIENTED_EDGE('',*,*,#5092,.F.);
#7121=ORIENTED_EDGE('',*,*,#5061,.F.);
#7122=ORIENTED_EDGE('',*,*,#5093,.T.);
#7123=ORIENTED_EDGE('',*,*,#5094,.T.);
#7124=ORIENTED_EDGE('',*,*,#5095,.F.);
#7125=ORIENTED_EDGE('',*,*,#5062,.F.);
#7126=ORIENTED_EDGE('',*,*,#5095,.T.);
#7127=ORIENTED_EDGE('',*,*,#5096,.T.);
#7128=ORIENTED_EDGE('',*,*,#5097,.F.);
#7129=ORIENTED_EDGE('',*,*,#5063,.F.);
#7130=ORIENTED_EDGE('',*,*,#5097,.T.);
#7131=ORIENTED_EDGE('',*,*,#5098,.T.);
#7132=ORIENTED_EDGE('',*,*,#5099,.F.);
#7133=ORIENTED_EDGE('',*,*,#5064,.F.);
#7134=ORIENTED_EDGE('',*,*,#5099,.T.);
#7135=ORIENTED_EDGE('',*,*,#5100,.T.);
#7136=ORIENTED_EDGE('',*,*,#5101,.F.);
#7137=ORIENTED_EDGE('',*,*,#5065,.F.);
#7138=ORIENTED_EDGE('',*,*,#5101,.T.);
#7139=ORIENTED_EDGE('',*,*,#5102,.T.);
#7140=ORIENTED_EDGE('',*,*,#5103,.F.);
#7141=ORIENTED_EDGE('',*,*,#5066,.F.);
#7142=ORIENTED_EDGE('',*,*,#5103,.T.);
#7143=ORIENTED_EDGE('',*,*,#5104,.T.);
#7144=ORIENTED_EDGE('',*,*,#5105,.F.);
#7145=ORIENTED_EDGE('',*,*,#5067,.F.);
#7146=ORIENTED_EDGE('',*,*,#5105,.T.);
#7147=ORIENTED_EDGE('',*,*,#5106,.T.);
#7148=ORIENTED_EDGE('',*,*,#5107,.F.);
#7149=ORIENTED_EDGE('',*,*,#5068,.F.);
#7150=ORIENTED_EDGE('',*,*,#5107,.T.);
#7151=ORIENTED_EDGE('',*,*,#5108,.T.);
#7152=ORIENTED_EDGE('',*,*,#5109,.F.);
#7153=ORIENTED_EDGE('',*,*,#5069,.F.);
#7154=ORIENTED_EDGE('',*,*,#5109,.T.);
#7155=ORIENTED_EDGE('',*,*,#5110,.T.);
#7156=ORIENTED_EDGE('',*,*,#5111,.F.);
#7157=ORIENTED_EDGE('',*,*,#5070,.F.);
#7158=ORIENTED_EDGE('',*,*,#5111,.T.);
#7159=ORIENTED_EDGE('',*,*,#5112,.T.);
#7160=ORIENTED_EDGE('',*,*,#5113,.F.);
#7161=ORIENTED_EDGE('',*,*,#5071,.F.);
#7162=ORIENTED_EDGE('',*,*,#5113,.T.);
#7163=ORIENTED_EDGE('',*,*,#5114,.T.);
#7164=ORIENTED_EDGE('',*,*,#5115,.F.);
#7165=ORIENTED_EDGE('',*,*,#5072,.F.);
#7166=ORIENTED_EDGE('',*,*,#5115,.T.);
#7167=ORIENTED_EDGE('',*,*,#5116,.T.);
#7168=ORIENTED_EDGE('',*,*,#5117,.F.);
#7169=ORIENTED_EDGE('',*,*,#5073,.F.);
#7170=ORIENTED_EDGE('',*,*,#5117,.T.);
#7171=ORIENTED_EDGE('',*,*,#5118,.T.);
#7172=ORIENTED_EDGE('',*,*,#5119,.F.);
#7173=ORIENTED_EDGE('',*,*,#5074,.F.);
#7174=ORIENTED_EDGE('',*,*,#5119,.T.);
#7175=ORIENTED_EDGE('',*,*,#5120,.T.);
#7176=ORIENTED_EDGE('',*,*,#5121,.F.);
#7177=ORIENTED_EDGE('',*,*,#5075,.F.);
#7178=ORIENTED_EDGE('',*,*,#5121,.T.);
#7179=ORIENTED_EDGE('',*,*,#5122,.T.);
#7180=ORIENTED_EDGE('',*,*,#5123,.F.);
#7181=ORIENTED_EDGE('',*,*,#5076,.F.);
#7182=ORIENTED_EDGE('',*,*,#5123,.T.);
#7183=ORIENTED_EDGE('',*,*,#5124,.T.);
#7184=ORIENTED_EDGE('',*,*,#5125,.F.);
#7185=ORIENTED_EDGE('',*,*,#5077,.F.);
#7186=ORIENTED_EDGE('',*,*,#5125,.T.);
#7187=ORIENTED_EDGE('',*,*,#5126,.T.);
#7188=ORIENTED_EDGE('',*,*,#5127,.F.);
#7189=ORIENTED_EDGE('',*,*,#5078,.F.);
#7190=ORIENTED_EDGE('',*,*,#5127,.T.);
#7191=ORIENTED_EDGE('',*,*,#5128,.T.);
#7192=ORIENTED_EDGE('',*,*,#5093,.F.);
#7193=ORIENTED_EDGE('',*,*,#5128,.F.);
#7194=ORIENTED_EDGE('',*,*,#5129,.F.);
#7195=ORIENTED_EDGE('',*,*,#5130,.F.);
#7196=ORIENTED_EDGE('',*,*,#5131,.T.);
#7197=ORIENTED_EDGE('',*,*,#5094,.F.);
#7198=ORIENTED_EDGE('',*,*,#5131,.F.);
#7199=ORIENTED_EDGE('',*,*,#5132,.F.);
#7200=ORIENTED_EDGE('',*,*,#5133,.T.);
#7201=ORIENTED_EDGE('',*,*,#5096,.F.);
#7202=ORIENTED_EDGE('',*,*,#5133,.F.);
#7203=ORIENTED_EDGE('',*,*,#5134,.F.);
#7204=ORIENTED_EDGE('',*,*,#5135,.T.);
#7205=ORIENTED_EDGE('',*,*,#5098,.F.);
#7206=ORIENTED_EDGE('',*,*,#5135,.F.);
#7207=ORIENTED_EDGE('',*,*,#5136,.F.);
#7208=ORIENTED_EDGE('',*,*,#5137,.T.);
#7209=ORIENTED_EDGE('',*,*,#5100,.F.);
#7210=ORIENTED_EDGE('',*,*,#5137,.F.);
#7211=ORIENTED_EDGE('',*,*,#5138,.F.);
#7212=ORIENTED_EDGE('',*,*,#5139,.T.);
#7213=ORIENTED_EDGE('',*,*,#5102,.F.);
#7214=ORIENTED_EDGE('',*,*,#5139,.F.);
#7215=ORIENTED_EDGE('',*,*,#5140,.F.);
#7216=ORIENTED_EDGE('',*,*,#5141,.T.);
#7217=ORIENTED_EDGE('',*,*,#5104,.F.);
#7218=ORIENTED_EDGE('',*,*,#5141,.F.);
#7219=ORIENTED_EDGE('',*,*,#5142,.F.);
#7220=ORIENTED_EDGE('',*,*,#5143,.T.);
#7221=ORIENTED_EDGE('',*,*,#5106,.F.);
#7222=ORIENTED_EDGE('',*,*,#5143,.F.);
#7223=ORIENTED_EDGE('',*,*,#5144,.F.);
#7224=ORIENTED_EDGE('',*,*,#5145,.T.);
#7225=ORIENTED_EDGE('',*,*,#5108,.F.);
#7226=ORIENTED_EDGE('',*,*,#5145,.F.);
#7227=ORIENTED_EDGE('',*,*,#5146,.F.);
#7228=ORIENTED_EDGE('',*,*,#5147,.T.);
#7229=ORIENTED_EDGE('',*,*,#5110,.F.);
#7230=ORIENTED_EDGE('',*,*,#5147,.F.);
#7231=ORIENTED_EDGE('',*,*,#5148,.F.);
#7232=ORIENTED_EDGE('',*,*,#5149,.T.);
#7233=ORIENTED_EDGE('',*,*,#5112,.F.);
#7234=ORIENTED_EDGE('',*,*,#5149,.F.);
#7235=ORIENTED_EDGE('',*,*,#5150,.F.);
#7236=ORIENTED_EDGE('',*,*,#5151,.T.);
#7237=ORIENTED_EDGE('',*,*,#5114,.F.);
#7238=ORIENTED_EDGE('',*,*,#5151,.F.);
#7239=ORIENTED_EDGE('',*,*,#5152,.F.);
#7240=ORIENTED_EDGE('',*,*,#5153,.T.);
#7241=ORIENTED_EDGE('',*,*,#5116,.F.);
#7242=ORIENTED_EDGE('',*,*,#5153,.F.);
#7243=ORIENTED_EDGE('',*,*,#5154,.F.);
#7244=ORIENTED_EDGE('',*,*,#5155,.T.);
#7245=ORIENTED_EDGE('',*,*,#5118,.F.);
#7246=ORIENTED_EDGE('',*,*,#5155,.F.);
#7247=ORIENTED_EDGE('',*,*,#5156,.F.);
#7248=ORIENTED_EDGE('',*,*,#5157,.T.);
#7249=ORIENTED_EDGE('',*,*,#5120,.F.);
#7250=ORIENTED_EDGE('',*,*,#5157,.F.);
#7251=ORIENTED_EDGE('',*,*,#5158,.F.);
#7252=ORIENTED_EDGE('',*,*,#5159,.T.);
#7253=ORIENTED_EDGE('',*,*,#5122,.F.);
#7254=ORIENTED_EDGE('',*,*,#5159,.F.);
#7255=ORIENTED_EDGE('',*,*,#5160,.F.);
#7256=ORIENTED_EDGE('',*,*,#5161,.T.);
#7257=ORIENTED_EDGE('',*,*,#5124,.F.);
#7258=ORIENTED_EDGE('',*,*,#5161,.F.);
#7259=ORIENTED_EDGE('',*,*,#5162,.F.);
#7260=ORIENTED_EDGE('',*,*,#5163,.T.);
#7261=ORIENTED_EDGE('',*,*,#5126,.F.);
#7262=ORIENTED_EDGE('',*,*,#5163,.F.);
#7263=ORIENTED_EDGE('',*,*,#5164,.F.);
#7264=ORIENTED_EDGE('',*,*,#5129,.T.);
#7265=ORIENTED_EDGE('',*,*,#5033,.F.);
#7266=ORIENTED_EDGE('',*,*,#5165,.T.);
#7267=ORIENTED_EDGE('',*,*,#5164,.T.);
#7268=ORIENTED_EDGE('',*,*,#5166,.F.);
#7269=ORIENTED_EDGE('',*,*,#5034,.F.);
#7270=ORIENTED_EDGE('',*,*,#5166,.T.);
#7271=ORIENTED_EDGE('',*,*,#5162,.T.);
#7272=ORIENTED_EDGE('',*,*,#5167,.F.);
#7273=ORIENTED_EDGE('',*,*,#5035,.F.);
#7274=ORIENTED_EDGE('',*,*,#5167,.T.);
#7275=ORIENTED_EDGE('',*,*,#5160,.T.);
#7276=ORIENTED_EDGE('',*,*,#5168,.F.);
#7277=ORIENTED_EDGE('',*,*,#5036,.F.);
#7278=ORIENTED_EDGE('',*,*,#5168,.T.);
#7279=ORIENTED_EDGE('',*,*,#5158,.T.);
#7280=ORIENTED_EDGE('',*,*,#5169,.F.);
#7281=ORIENTED_EDGE('',*,*,#5037,.F.);
#7282=ORIENTED_EDGE('',*,*,#5169,.T.);
#7283=ORIENTED_EDGE('',*,*,#5156,.T.);
#7284=ORIENTED_EDGE('',*,*,#5170,.F.);
#7285=ORIENTED_EDGE('',*,*,#5038,.F.);
#7286=ORIENTED_EDGE('',*,*,#5170,.T.);
#7287=ORIENTED_EDGE('',*,*,#5154,.T.);
#7288=ORIENTED_EDGE('',*,*,#5171,.F.);
#7289=ORIENTED_EDGE('',*,*,#5039,.F.);
#7290=ORIENTED_EDGE('',*,*,#5171,.T.);
#7291=ORIENTED_EDGE('',*,*,#5152,.T.);
#7292=ORIENTED_EDGE('',*,*,#5172,.F.);
#7293=ORIENTED_EDGE('',*,*,#5040,.F.);
#7294=ORIENTED_EDGE('',*,*,#5172,.T.);
#7295=ORIENTED_EDGE('',*,*,#5150,.T.);
#7296=ORIENTED_EDGE('',*,*,#5173,.F.);
#7297=ORIENTED_EDGE('',*,*,#5041,.F.);
#7298=ORIENTED_EDGE('',*,*,#5173,.T.);
#7299=ORIENTED_EDGE('',*,*,#5148,.T.);
#7300=ORIENTED_EDGE('',*,*,#5174,.F.);
#7301=ORIENTED_EDGE('',*,*,#5042,.F.);
#7302=ORIENTED_EDGE('',*,*,#5174,.T.);
#7303=ORIENTED_EDGE('',*,*,#5146,.T.);
#7304=ORIENTED_EDGE('',*,*,#5175,.F.);
#7305=ORIENTED_EDGE('',*,*,#5043,.F.);
#7306=ORIENTED_EDGE('',*,*,#5175,.T.);
#7307=ORIENTED_EDGE('',*,*,#5144,.T.);
#7308=ORIENTED_EDGE('',*,*,#5176,.F.);
#7309=ORIENTED_EDGE('',*,*,#5044,.F.);
#7310=ORIENTED_EDGE('',*,*,#5176,.T.);
#7311=ORIENTED_EDGE('',*,*,#5142,.T.);
#7312=ORIENTED_EDGE('',*,*,#5177,.F.);
#7313=ORIENTED_EDGE('',*,*,#5045,.F.);
#7314=ORIENTED_EDGE('',*,*,#5177,.T.);
#7315=ORIENTED_EDGE('',*,*,#5140,.T.);
#7316=ORIENTED_EDGE('',*,*,#5178,.F.);
#7317=ORIENTED_EDGE('',*,*,#5046,.F.);
#7318=ORIENTED_EDGE('',*,*,#5178,.T.);
#7319=ORIENTED_EDGE('',*,*,#5138,.T.);
#7320=ORIENTED_EDGE('',*,*,#5179,.F.);
#7321=ORIENTED_EDGE('',*,*,#5047,.F.);
#7322=ORIENTED_EDGE('',*,*,#5179,.T.);
#7323=ORIENTED_EDGE('',*,*,#5136,.T.);
#7324=ORIENTED_EDGE('',*,*,#5180,.F.);
#7325=ORIENTED_EDGE('',*,*,#5048,.F.);
#7326=ORIENTED_EDGE('',*,*,#5180,.T.);
#7327=ORIENTED_EDGE('',*,*,#5134,.T.);
#7328=ORIENTED_EDGE('',*,*,#5181,.F.);
#7329=ORIENTED_EDGE('',*,*,#5049,.F.);
#7330=ORIENTED_EDGE('',*,*,#5181,.T.);
#7331=ORIENTED_EDGE('',*,*,#5132,.T.);
#7332=ORIENTED_EDGE('',*,*,#5182,.F.);
#7333=ORIENTED_EDGE('',*,*,#5050,.F.);
#7334=ORIENTED_EDGE('',*,*,#5182,.T.);
#7335=ORIENTED_EDGE('',*,*,#5130,.T.);
#7336=ORIENTED_EDGE('',*,*,#5165,.F.);
#7337=ORIENTED_EDGE('',*,*,#5183,.T.);
#7338=ORIENTED_EDGE('',*,*,#5184,.T.);
#7339=ORIENTED_EDGE('',*,*,#5185,.T.);
#7340=ORIENTED_EDGE('',*,*,#5186,.T.);
#7341=ORIENTED_EDGE('',*,*,#5187,.T.);
#7342=ORIENTED_EDGE('',*,*,#5188,.T.);
#7343=ORIENTED_EDGE('',*,*,#5189,.T.);
#7344=ORIENTED_EDGE('',*,*,#5190,.T.);
#7345=ORIENTED_EDGE('',*,*,#5191,.T.);
#7346=ORIENTED_EDGE('',*,*,#5192,.T.);
#7347=ORIENTED_EDGE('',*,*,#5193,.T.);
#7348=ORIENTED_EDGE('',*,*,#5194,.T.);
#7349=ORIENTED_EDGE('',*,*,#5195,.T.);
#7350=ORIENTED_EDGE('',*,*,#5196,.T.);
#7351=ORIENTED_EDGE('',*,*,#5197,.T.);
#7352=ORIENTED_EDGE('',*,*,#5198,.T.);
#7353=ORIENTED_EDGE('',*,*,#5199,.T.);
#7354=ORIENTED_EDGE('',*,*,#5200,.T.);
#7355=ORIENTED_EDGE('',*,*,#5201,.F.);
#7356=ORIENTED_EDGE('',*,*,#5202,.F.);
#7357=ORIENTED_EDGE('',*,*,#5203,.F.);
#7358=ORIENTED_EDGE('',*,*,#5204,.F.);
#7359=ORIENTED_EDGE('',*,*,#5205,.F.);
#7360=ORIENTED_EDGE('',*,*,#5206,.F.);
#7361=ORIENTED_EDGE('',*,*,#5207,.F.);
#7362=ORIENTED_EDGE('',*,*,#5208,.F.);
#7363=ORIENTED_EDGE('',*,*,#5208,.T.);
#7364=ORIENTED_EDGE('',*,*,#5209,.T.);
#7365=ORIENTED_EDGE('',*,*,#5210,.F.);
#7366=ORIENTED_EDGE('',*,*,#5209,.F.);
#7367=ORIENTED_EDGE('',*,*,#5211,.T.);
#7368=ORIENTED_EDGE('',*,*,#5212,.T.);
#7369=ORIENTED_EDGE('',*,*,#5213,.T.);
#7370=ORIENTED_EDGE('',*,*,#5214,.T.);
#7371=ORIENTED_EDGE('',*,*,#5215,.T.);
#7372=ORIENTED_EDGE('',*,*,#5216,.T.);
#7373=ORIENTED_EDGE('',*,*,#5217,.T.);
#7374=ORIENTED_EDGE('',*,*,#5218,.T.);
#7375=ORIENTED_EDGE('',*,*,#5219,.T.);
#7376=ORIENTED_EDGE('',*,*,#5220,.T.);
#7377=ORIENTED_EDGE('',*,*,#5221,.T.);
#7378=ORIENTED_EDGE('',*,*,#5222,.T.);
#7379=ORIENTED_EDGE('',*,*,#5223,.T.);
#7380=ORIENTED_EDGE('',*,*,#5224,.T.);
#7381=ORIENTED_EDGE('',*,*,#5225,.T.);
#7382=ORIENTED_EDGE('',*,*,#5226,.T.);
#7383=ORIENTED_EDGE('',*,*,#5227,.T.);
#7384=ORIENTED_EDGE('',*,*,#5228,.T.);
#7385=ORIENTED_EDGE('',*,*,#5229,.T.);
#7386=ORIENTED_EDGE('',*,*,#5230,.T.);
#7387=ORIENTED_EDGE('',*,*,#5231,.T.);
#7388=ORIENTED_EDGE('',*,*,#5232,.T.);
#7389=ORIENTED_EDGE('',*,*,#5233,.T.);
#7390=ORIENTED_EDGE('',*,*,#5234,.T.);
#7391=ORIENTED_EDGE('',*,*,#5235,.T.);
#7392=ORIENTED_EDGE('',*,*,#5210,.T.);
#7393=ORIENTED_EDGE('',*,*,#5201,.T.);
#7394=ORIENTED_EDGE('',*,*,#5236,.T.);
#7395=ORIENTED_EDGE('',*,*,#5229,.F.);
#7396=ORIENTED_EDGE('',*,*,#5236,.F.);
#7397=ORIENTED_EDGE('',*,*,#5202,.T.);
#7398=ORIENTED_EDGE('',*,*,#5237,.T.);
#7399=ORIENTED_EDGE('',*,*,#5230,.F.);
#7400=ORIENTED_EDGE('',*,*,#5237,.F.);
#7401=ORIENTED_EDGE('',*,*,#5203,.T.);
#7402=ORIENTED_EDGE('',*,*,#5238,.T.);
#7403=ORIENTED_EDGE('',*,*,#5231,.F.);
#7404=ORIENTED_EDGE('',*,*,#5238,.F.);
#7405=ORIENTED_EDGE('',*,*,#5204,.T.);
#7406=ORIENTED_EDGE('',*,*,#5239,.T.);
#7407=ORIENTED_EDGE('',*,*,#5232,.F.);
#7408=ORIENTED_EDGE('',*,*,#5239,.F.);
#7409=ORIENTED_EDGE('',*,*,#5205,.T.);
#7410=ORIENTED_EDGE('',*,*,#5240,.T.);
#7411=ORIENTED_EDGE('',*,*,#5233,.F.);
#7412=ORIENTED_EDGE('',*,*,#5240,.F.);
#7413=ORIENTED_EDGE('',*,*,#5206,.T.);
#7414=ORIENTED_EDGE('',*,*,#5241,.T.);
#7415=ORIENTED_EDGE('',*,*,#5234,.F.);
#7416=ORIENTED_EDGE('',*,*,#5241,.F.);
#7417=ORIENTED_EDGE('',*,*,#5207,.T.);
#7418=ORIENTED_EDGE('',*,*,#5242,.T.);
#7419=ORIENTED_EDGE('',*,*,#5235,.F.);
#7420=ORIENTED_EDGE('',*,*,#5242,.F.);
#7421=ORIENTED_EDGE('',*,*,#5211,.F.);
#7422=ORIENTED_EDGE('',*,*,#5243,.T.);
#7423=ORIENTED_EDGE('',*,*,#5244,.T.);
#7424=ORIENTED_EDGE('',*,*,#5245,.F.);
#7425=ORIENTED_EDGE('',*,*,#5212,.F.);
#7426=ORIENTED_EDGE('',*,*,#5245,.T.);
#7427=ORIENTED_EDGE('',*,*,#5246,.T.);
#7428=ORIENTED_EDGE('',*,*,#5247,.F.);
#7429=ORIENTED_EDGE('',*,*,#5213,.F.);
#7430=ORIENTED_EDGE('',*,*,#5247,.T.);
#7431=ORIENTED_EDGE('',*,*,#5248,.T.);
#7432=ORIENTED_EDGE('',*,*,#5249,.F.);
#7433=ORIENTED_EDGE('',*,*,#5214,.F.);
#7434=ORIENTED_EDGE('',*,*,#5249,.T.);
#7435=ORIENTED_EDGE('',*,*,#5250,.T.);
#7436=ORIENTED_EDGE('',*,*,#5251,.F.);
#7437=ORIENTED_EDGE('',*,*,#5215,.F.);
#7438=ORIENTED_EDGE('',*,*,#5251,.T.);
#7439=ORIENTED_EDGE('',*,*,#5252,.T.);
#7440=ORIENTED_EDGE('',*,*,#5253,.F.);
#7441=ORIENTED_EDGE('',*,*,#5216,.F.);
#7442=ORIENTED_EDGE('',*,*,#5253,.T.);
#7443=ORIENTED_EDGE('',*,*,#5254,.T.);
#7444=ORIENTED_EDGE('',*,*,#5255,.F.);
#7445=ORIENTED_EDGE('',*,*,#5217,.F.);
#7446=ORIENTED_EDGE('',*,*,#5255,.T.);
#7447=ORIENTED_EDGE('',*,*,#5256,.T.);
#7448=ORIENTED_EDGE('',*,*,#5257,.F.);
#7449=ORIENTED_EDGE('',*,*,#5218,.F.);
#7450=ORIENTED_EDGE('',*,*,#5257,.T.);
#7451=ORIENTED_EDGE('',*,*,#5258,.T.);
#7452=ORIENTED_EDGE('',*,*,#5259,.F.);
#7453=ORIENTED_EDGE('',*,*,#5219,.F.);
#7454=ORIENTED_EDGE('',*,*,#5259,.T.);
#7455=ORIENTED_EDGE('',*,*,#5260,.T.);
#7456=ORIENTED_EDGE('',*,*,#5261,.F.);
#7457=ORIENTED_EDGE('',*,*,#5220,.F.);
#7458=ORIENTED_EDGE('',*,*,#5261,.T.);
#7459=ORIENTED_EDGE('',*,*,#5262,.T.);
#7460=ORIENTED_EDGE('',*,*,#5263,.F.);
#7461=ORIENTED_EDGE('',*,*,#5221,.F.);
#7462=ORIENTED_EDGE('',*,*,#5263,.T.);
#7463=ORIENTED_EDGE('',*,*,#5264,.T.);
#7464=ORIENTED_EDGE('',*,*,#5265,.F.);
#7465=ORIENTED_EDGE('',*,*,#5222,.F.);
#7466=ORIENTED_EDGE('',*,*,#5265,.T.);
#7467=ORIENTED_EDGE('',*,*,#5266,.T.);
#7468=ORIENTED_EDGE('',*,*,#5267,.F.);
#7469=ORIENTED_EDGE('',*,*,#5223,.F.);
#7470=ORIENTED_EDGE('',*,*,#5267,.T.);
#7471=ORIENTED_EDGE('',*,*,#5268,.T.);
#7472=ORIENTED_EDGE('',*,*,#5269,.F.);
#7473=ORIENTED_EDGE('',*,*,#5224,.F.);
#7474=ORIENTED_EDGE('',*,*,#5269,.T.);
#7475=ORIENTED_EDGE('',*,*,#5270,.T.);
#7476=ORIENTED_EDGE('',*,*,#5271,.F.);
#7477=ORIENTED_EDGE('',*,*,#5225,.F.);
#7478=ORIENTED_EDGE('',*,*,#5271,.T.);
#7479=ORIENTED_EDGE('',*,*,#5272,.T.);
#7480=ORIENTED_EDGE('',*,*,#5273,.F.);
#7481=ORIENTED_EDGE('',*,*,#5226,.F.);
#7482=ORIENTED_EDGE('',*,*,#5273,.T.);
#7483=ORIENTED_EDGE('',*,*,#5274,.T.);
#7484=ORIENTED_EDGE('',*,*,#5275,.F.);
#7485=ORIENTED_EDGE('',*,*,#5227,.F.);
#7486=ORIENTED_EDGE('',*,*,#5275,.T.);
#7487=ORIENTED_EDGE('',*,*,#5276,.T.);
#7488=ORIENTED_EDGE('',*,*,#5277,.F.);
#7489=ORIENTED_EDGE('',*,*,#5228,.F.);
#7490=ORIENTED_EDGE('',*,*,#5277,.T.);
#7491=ORIENTED_EDGE('',*,*,#5278,.T.);
#7492=ORIENTED_EDGE('',*,*,#5243,.F.);
#7493=ORIENTED_EDGE('',*,*,#5278,.F.);
#7494=ORIENTED_EDGE('',*,*,#5279,.F.);
#7495=ORIENTED_EDGE('',*,*,#5280,.F.);
#7496=ORIENTED_EDGE('',*,*,#5281,.T.);
#7497=ORIENTED_EDGE('',*,*,#5244,.F.);
#7498=ORIENTED_EDGE('',*,*,#5281,.F.);
#7499=ORIENTED_EDGE('',*,*,#5282,.F.);
#7500=ORIENTED_EDGE('',*,*,#5283,.T.);
#7501=ORIENTED_EDGE('',*,*,#5246,.F.);
#7502=ORIENTED_EDGE('',*,*,#5283,.F.);
#7503=ORIENTED_EDGE('',*,*,#5284,.F.);
#7504=ORIENTED_EDGE('',*,*,#5285,.T.);
#7505=ORIENTED_EDGE('',*,*,#5248,.F.);
#7506=ORIENTED_EDGE('',*,*,#5285,.F.);
#7507=ORIENTED_EDGE('',*,*,#5286,.F.);
#7508=ORIENTED_EDGE('',*,*,#5287,.T.);
#7509=ORIENTED_EDGE('',*,*,#5250,.F.);
#7510=ORIENTED_EDGE('',*,*,#5287,.F.);
#7511=ORIENTED_EDGE('',*,*,#5288,.F.);
#7512=ORIENTED_EDGE('',*,*,#5289,.T.);
#7513=ORIENTED_EDGE('',*,*,#5252,.F.);
#7514=ORIENTED_EDGE('',*,*,#5289,.F.);
#7515=ORIENTED_EDGE('',*,*,#5290,.F.);
#7516=ORIENTED_EDGE('',*,*,#5291,.T.);
#7517=ORIENTED_EDGE('',*,*,#5254,.F.);
#7518=ORIENTED_EDGE('',*,*,#5291,.F.);
#7519=ORIENTED_EDGE('',*,*,#5292,.F.);
#7520=ORIENTED_EDGE('',*,*,#5293,.T.);
#7521=ORIENTED_EDGE('',*,*,#5256,.F.);
#7522=ORIENTED_EDGE('',*,*,#5293,.F.);
#7523=ORIENTED_EDGE('',*,*,#5294,.F.);
#7524=ORIENTED_EDGE('',*,*,#5295,.T.);
#7525=ORIENTED_EDGE('',*,*,#5258,.F.);
#7526=ORIENTED_EDGE('',*,*,#5295,.F.);
#7527=ORIENTED_EDGE('',*,*,#5296,.F.);
#7528=ORIENTED_EDGE('',*,*,#5297,.T.);
#7529=ORIENTED_EDGE('',*,*,#5260,.F.);
#7530=ORIENTED_EDGE('',*,*,#5297,.F.);
#7531=ORIENTED_EDGE('',*,*,#5298,.F.);
#7532=ORIENTED_EDGE('',*,*,#5299,.T.);
#7533=ORIENTED_EDGE('',*,*,#5262,.F.);
#7534=ORIENTED_EDGE('',*,*,#5299,.F.);
#7535=ORIENTED_EDGE('',*,*,#5300,.F.);
#7536=ORIENTED_EDGE('',*,*,#5301,.T.);
#7537=ORIENTED_EDGE('',*,*,#5264,.F.);
#7538=ORIENTED_EDGE('',*,*,#5301,.F.);
#7539=ORIENTED_EDGE('',*,*,#5302,.F.);
#7540=ORIENTED_EDGE('',*,*,#5303,.T.);
#7541=ORIENTED_EDGE('',*,*,#5266,.F.);
#7542=ORIENTED_EDGE('',*,*,#5303,.F.);
#7543=ORIENTED_EDGE('',*,*,#5304,.F.);
#7544=ORIENTED_EDGE('',*,*,#5305,.T.);
#7545=ORIENTED_EDGE('',*,*,#5268,.F.);
#7546=ORIENTED_EDGE('',*,*,#5305,.F.);
#7547=ORIENTED_EDGE('',*,*,#5306,.F.);
#7548=ORIENTED_EDGE('',*,*,#5307,.T.);
#7549=ORIENTED_EDGE('',*,*,#5270,.F.);
#7550=ORIENTED_EDGE('',*,*,#5307,.F.);
#7551=ORIENTED_EDGE('',*,*,#5308,.F.);
#7552=ORIENTED_EDGE('',*,*,#5309,.T.);
#7553=ORIENTED_EDGE('',*,*,#5272,.F.);
#7554=ORIENTED_EDGE('',*,*,#5309,.F.);
#7555=ORIENTED_EDGE('',*,*,#5310,.F.);
#7556=ORIENTED_EDGE('',*,*,#5311,.T.);
#7557=ORIENTED_EDGE('',*,*,#5274,.F.);
#7558=ORIENTED_EDGE('',*,*,#5311,.F.);
#7559=ORIENTED_EDGE('',*,*,#5312,.F.);
#7560=ORIENTED_EDGE('',*,*,#5313,.T.);
#7561=ORIENTED_EDGE('',*,*,#5276,.F.);
#7562=ORIENTED_EDGE('',*,*,#5313,.F.);
#7563=ORIENTED_EDGE('',*,*,#5314,.F.);
#7564=ORIENTED_EDGE('',*,*,#5279,.T.);
#7565=ORIENTED_EDGE('',*,*,#5183,.F.);
#7566=ORIENTED_EDGE('',*,*,#5315,.T.);
#7567=ORIENTED_EDGE('',*,*,#5314,.T.);
#7568=ORIENTED_EDGE('',*,*,#5316,.F.);
#7569=ORIENTED_EDGE('',*,*,#5184,.F.);
#7570=ORIENTED_EDGE('',*,*,#5316,.T.);
#7571=ORIENTED_EDGE('',*,*,#5312,.T.);
#7572=ORIENTED_EDGE('',*,*,#5317,.F.);
#7573=ORIENTED_EDGE('',*,*,#5185,.F.);
#7574=ORIENTED_EDGE('',*,*,#5317,.T.);
#7575=ORIENTED_EDGE('',*,*,#5310,.T.);
#7576=ORIENTED_EDGE('',*,*,#5318,.F.);
#7577=ORIENTED_EDGE('',*,*,#5186,.F.);
#7578=ORIENTED_EDGE('',*,*,#5318,.T.);
#7579=ORIENTED_EDGE('',*,*,#5308,.T.);
#7580=ORIENTED_EDGE('',*,*,#5319,.F.);
#7581=ORIENTED_EDGE('',*,*,#5187,.F.);
#7582=ORIENTED_EDGE('',*,*,#5319,.T.);
#7583=ORIENTED_EDGE('',*,*,#5306,.T.);
#7584=ORIENTED_EDGE('',*,*,#5320,.F.);
#7585=ORIENTED_EDGE('',*,*,#5188,.F.);
#7586=ORIENTED_EDGE('',*,*,#5320,.T.);
#7587=ORIENTED_EDGE('',*,*,#5304,.T.);
#7588=ORIENTED_EDGE('',*,*,#5321,.F.);
#7589=ORIENTED_EDGE('',*,*,#5189,.F.);
#7590=ORIENTED_EDGE('',*,*,#5321,.T.);
#7591=ORIENTED_EDGE('',*,*,#5302,.T.);
#7592=ORIENTED_EDGE('',*,*,#5322,.F.);
#7593=ORIENTED_EDGE('',*,*,#5190,.F.);
#7594=ORIENTED_EDGE('',*,*,#5322,.T.);
#7595=ORIENTED_EDGE('',*,*,#5300,.T.);
#7596=ORIENTED_EDGE('',*,*,#5323,.F.);
#7597=ORIENTED_EDGE('',*,*,#5191,.F.);
#7598=ORIENTED_EDGE('',*,*,#5323,.T.);
#7599=ORIENTED_EDGE('',*,*,#5298,.T.);
#7600=ORIENTED_EDGE('',*,*,#5324,.F.);
#7601=ORIENTED_EDGE('',*,*,#5192,.F.);
#7602=ORIENTED_EDGE('',*,*,#5324,.T.);
#7603=ORIENTED_EDGE('',*,*,#5296,.T.);
#7604=ORIENTED_EDGE('',*,*,#5325,.F.);
#7605=ORIENTED_EDGE('',*,*,#5193,.F.);
#7606=ORIENTED_EDGE('',*,*,#5325,.T.);
#7607=ORIENTED_EDGE('',*,*,#5294,.T.);
#7608=ORIENTED_EDGE('',*,*,#5326,.F.);
#7609=ORIENTED_EDGE('',*,*,#5194,.F.);
#7610=ORIENTED_EDGE('',*,*,#5326,.T.);
#7611=ORIENTED_EDGE('',*,*,#5292,.T.);
#7612=ORIENTED_EDGE('',*,*,#5327,.F.);
#7613=ORIENTED_EDGE('',*,*,#5195,.F.);
#7614=ORIENTED_EDGE('',*,*,#5327,.T.);
#7615=ORIENTED_EDGE('',*,*,#5290,.T.);
#7616=ORIENTED_EDGE('',*,*,#5328,.F.);
#7617=ORIENTED_EDGE('',*,*,#5196,.F.);
#7618=ORIENTED_EDGE('',*,*,#5328,.T.);
#7619=ORIENTED_EDGE('',*,*,#5288,.T.);
#7620=ORIENTED_EDGE('',*,*,#5329,.F.);
#7621=ORIENTED_EDGE('',*,*,#5197,.F.);
#7622=ORIENTED_EDGE('',*,*,#5329,.T.);
#7623=ORIENTED_EDGE('',*,*,#5286,.T.);
#7624=ORIENTED_EDGE('',*,*,#5330,.F.);
#7625=ORIENTED_EDGE('',*,*,#5198,.F.);
#7626=ORIENTED_EDGE('',*,*,#5330,.T.);
#7627=ORIENTED_EDGE('',*,*,#5284,.T.);
#7628=ORIENTED_EDGE('',*,*,#5331,.F.);
#7629=ORIENTED_EDGE('',*,*,#5199,.F.);
#7630=ORIENTED_EDGE('',*,*,#5331,.T.);
#7631=ORIENTED_EDGE('',*,*,#5282,.T.);
#7632=ORIENTED_EDGE('',*,*,#5332,.F.);
#7633=ORIENTED_EDGE('',*,*,#5200,.F.);
#7634=ORIENTED_EDGE('',*,*,#5332,.T.);
#7635=ORIENTED_EDGE('',*,*,#5280,.T.);
#7636=ORIENTED_EDGE('',*,*,#5315,.F.);
#7637=ORIENTED_EDGE('',*,*,#5333,.T.);
#7638=ORIENTED_EDGE('',*,*,#5334,.T.);
#7639=ORIENTED_EDGE('',*,*,#5334,.F.);
#7640=ORIENTED_EDGE('',*,*,#5335,.T.);
#7641=ORIENTED_EDGE('',*,*,#5336,.T.);
#7642=ORIENTED_EDGE('',*,*,#5335,.F.);
#7643=ORIENTED_EDGE('',*,*,#5337,.T.);
#7644=ORIENTED_EDGE('',*,*,#5336,.F.);
#7645=ORIENTED_EDGE('',*,*,#5337,.F.);
#7646=ORIENTED_EDGE('',*,*,#5338,.T.);
#7647=ORIENTED_EDGE('',*,*,#5339,.T.);
#7648=ORIENTED_EDGE('',*,*,#5338,.F.);
#7649=ORIENTED_EDGE('',*,*,#5339,.F.);
#7650=ORIENTED_EDGE('',*,*,#5340,.T.);
#7651=ORIENTED_EDGE('',*,*,#5341,.T.);
#7652=ORIENTED_EDGE('',*,*,#5340,.F.);
#7653=ORIENTED_EDGE('',*,*,#5341,.F.);
#7654=ORIENTED_EDGE('',*,*,#5342,.T.);
#7655=ORIENTED_EDGE('',*,*,#5343,.T.);
#7656=ORIENTED_EDGE('',*,*,#5344,.T.);
#7657=ORIENTED_EDGE('',*,*,#5342,.F.);
#7658=ORIENTED_EDGE('',*,*,#5345,.T.);
#7659=ORIENTED_EDGE('',*,*,#5346,.T.);
#7660=ORIENTED_EDGE('',*,*,#5343,.F.);
#7661=ORIENTED_EDGE('',*,*,#5344,.F.);
#7662=ORIENTED_EDGE('',*,*,#5346,.F.);
#7663=ORIENTED_EDGE('',*,*,#5347,.T.);
#7664=ORIENTED_EDGE('',*,*,#5345,.F.);
#7665=ORIENTED_EDGE('',*,*,#5348,.T.);
#7666=ORIENTED_EDGE('',*,*,#5333,.F.);
#7667=ORIENTED_EDGE('',*,*,#5348,.F.);
#7668=ORIENTED_EDGE('',*,*,#5347,.F.);
#7669=PLANE('',#8382);
#7670=PLANE('',#8455);
#7671=PLANE('',#8545);
#7672=PLANE('',#8548);
#7673=PLANE('',#8550);
#7674=PLANE('',#8552);
#7675=PLANE('',#8555);
#7676=PLANE('',#8557);
#7677=PLANE('',#8559);
#7678=PLANE('',#8562);
#7679=PLANE('',#8564);
#7680=PLANE('',#8566);
#7681=PLANE('',#8569);
#7682=PLANE('',#8571);
#7683=PLANE('',#8572);
#7684=PLANE('',#8574);
#7685=PLANE('',#8576);
#7686=PLANE('',#8578);
#7687=PLANE('',#8580);
#7688=PLANE('',#8582);
#7689=PLANE('',#8585);
#7690=PLANE('',#8587);
#7691=PLANE('',#8588);
#7692=PLANE('',#8590);
#7693=PLANE('',#8592);
#7694=PLANE('',#8594);
#7695=PLANE('',#8597);
#7696=PLANE('',#8599);
#7697=PLANE('',#8600);
#7698=PLANE('',#8601);
#7699=PLANE('',#8604);
#7700=PLANE('',#8607);
#7701=PLANE('',#8610);
#7702=PLANE('',#8614);
#7703=PLANE('',#8616);
#7704=PLANE('',#8618);
#7705=PLANE('',#8620);
#7706=PLANE('',#8622);
#7707=PLANE('',#8625);
#7708=PLANE('',#8627);
#7709=PLANE('',#8628);
#7710=PLANE('',#8630);
#7711=PLANE('',#8633);
#7712=PLANE('',#8635);
#7713=PLANE('',#8638);
#7714=PLANE('',#8641);
#7715=PLANE('',#8644);
#7716=PLANE('',#8647);
#7717=PLANE('',#8648);
#7718=PLANE('',#8649);
#7719=PLANE('',#8652);
#7720=PLANE('',#8655);
#7721=PLANE('',#8658);
#7722=PLANE('',#8662);
#7723=PLANE('',#8664);
#7724=PLANE('',#8666);
#7725=PLANE('',#8670);
#7726=PLANE('',#8673);
#7727=PLANE('',#8676);
#7728=PLANE('',#8679);
#7729=PLANE('',#8680);
#7730=PLANE('',#8683);
#7731=PLANE('',#8686);
#7732=PLANE('',#8689);
#7733=PLANE('',#8693);
#7734=PLANE('',#8695);
#7735=PLANE('',#8697);
#7736=PLANE('',#8699);
#7737=PLANE('',#8701);
#7738=PLANE('',#8740);
#7739=PLANE('',#8786);
#7740=PLANE('',#8788);
#7741=PLANE('',#8790);
#7742=PLANE('',#8794);
#7743=PLANE('',#8796);
#7744=PLANE('',#8798);
#7745=PLANE('',#8807);
#7746=PLANE('',#8810);
#7747=PLANE('',#8813);
#7748=PLANE('',#8816);
#7749=PLANE('',#8819);
#7750=PLANE('',#8822);
#7751=PLANE('',#8825);
#7752=PLANE('',#8828);
#7753=PLANE('',#8831);
#7754=PLANE('',#8834);
#7755=PLANE('',#8837);
#7756=PLANE('',#8840);
#7757=PLANE('',#8841);
#7758=PLANE('',#8843);
#7759=PLANE('',#8845);
#7760=PLANE('',#8847);
#7761=PLANE('',#8849);
#7762=PLANE('',#8851);
#7763=PLANE('',#8853);
#7764=PLANE('',#8855);
#7765=PLANE('',#8857);
#7766=PLANE('',#8859);
#7767=PLANE('',#8861);
#7768=PLANE('',#8863);
#7769=PLANE('',#8866);
#7770=PLANE('',#8903);
#7771=PLANE('',#8906);
#7772=PLANE('',#8909);
#7773=PLANE('',#8912);
#7774=PLANE('',#8913);
#7775=PLANE('',#8954);
#7776=PLANE('',#8956);
#7777=PLANE('',#8958);
#7778=PLANE('',#8961);
#7779=PLANE('',#8963);
#7780=PLANE('',#8965);
#7781=PLANE('',#8967);
#7782=PLANE('',#8969);
#7783=PLANE('',#8971);
#7784=PLANE('',#8972);
#7785=PLANE('',#8974);
#7786=PLANE('',#8976);
#7787=PLANE('',#8980);
#7788=PLANE('',#8983);
#7789=PLANE('',#8984);
#7790=PLANE('',#8985);
#7791=PLANE('',#8988);
#7792=PLANE('',#8992);
#7793=PLANE('',#8996);
#7794=PLANE('',#8999);
#7795=PLANE('',#9000);
#7796=PLANE('',#9001);
#7797=PLANE('',#9004);
#7798=PLANE('',#9008);
#7799=PLANE('',#9010);
#7800=PLANE('',#9012);
#7801=PLANE('',#9014);
#7802=PLANE('',#9016);
#7803=PLANE('',#9019);
#7804=PLANE('',#9040);
#7805=PLANE('',#9069);
#7806=PLANE('',#9072);
#7807=PLANE('',#9075);
#7808=PLANE('',#9078);
#7809=PLANE('',#9083);
#7810=PLANE('',#9086);
#7811=PLANE('',#9089);
#7812=PLANE('',#9092);
#7813=PLANE('',#9093);
#7814=PLANE('',#9098);
#7815=PLANE('',#9101);
#7816=PLANE('',#9104);
#7817=PLANE('',#9107);
#7818=PLANE('',#9112);
#7819=PLANE('',#9115);
#7820=PLANE('',#9118);
#7821=PLANE('',#9122);
#7822=PLANE('',#9124);
#7823=PLANE('',#9126);
#7824=PLANE('',#9129);
#7825=PLANE('',#9131);
#7826=PLANE('',#9133);
#7827=PLANE('',#9135);
#7828=PLANE('',#9138);
#7829=PLANE('',#9140);
#7830=PLANE('',#9161);
#7831=PLANE('',#9190);
#7832=PLANE('',#9193);
#7833=PLANE('',#9196);
#7834=PLANE('',#9199);
#7835=PLANE('',#9204);
#7836=PLANE('',#9207);
#7837=PLANE('',#9210);
#7838=PLANE('',#9213);
#7839=PLANE('',#9214);
#7840=PLANE('',#9219);
#7841=PLANE('',#9222);
#7842=PLANE('',#9225);
#7843=PLANE('',#9228);
#7844=PLANE('',#9233);
#7845=PLANE('',#9236);
#7846=PLANE('',#9239);
#7847=PLANE('',#9243);
#7848=PLANE('',#9245);
#7849=PLANE('',#9247);
#7850=PLANE('',#9250);
#7851=PLANE('',#9252);
#7852=PLANE('',#9254);
#7853=PLANE('',#9256);
#7854=PLANE('',#9259);
#7855=PLANE('',#9261);
#7856=PLANE('',#9266);
#7857=ADVANCED_FACE('',(#523,#357,#358,#359,#360,#361,#362,#363,#364,#365,
#366,#367,#368,#369,#370,#371,#372,#373,#374,#375,#376,#377,#378,#379,#380,
#381,#382,#383,#384,#385,#386,#387,#388,#389,#390),#7669,.F.);
#7858=ADVANCED_FACE('',(#524),#177,.F.);
#7859=ADVANCED_FACE('',(#525,#391,#392,#393,#394,#395,#396,#397,#398,#399,
#400,#401,#402,#403,#404,#405,#406,#407,#408,#409,#410,#411,#412,#413,#414,
#415,#416,#417,#418,#419,#420,#421,#422,#423,#424),#7670,.T.);
#7860=ADVANCED_FACE('',(#526),#178,.F.);
#7861=ADVANCED_FACE('',(#527),#179,.F.);
#7862=ADVANCED_FACE('',(#528),#180,.F.);
#7863=ADVANCED_FACE('',(#529),#181,.F.);
#7864=ADVANCED_FACE('',(#530),#182,.F.);
#7865=ADVANCED_FACE('',(#531),#183,.F.);
#7866=ADVANCED_FACE('',(#532),#184,.F.);
#7867=ADVANCED_FACE('',(#533),#185,.F.);
#7868=ADVANCED_FACE('',(#534),#186,.F.);
#7869=ADVANCED_FACE('',(#535),#187,.F.);
#7870=ADVANCED_FACE('',(#536),#188,.F.);
#7871=ADVANCED_FACE('',(#537),#189,.F.);
#7872=ADVANCED_FACE('',(#538),#190,.F.);
#7873=ADVANCED_FACE('',(#539),#191,.F.);
#7874=ADVANCED_FACE('',(#540),#192,.F.);
#7875=ADVANCED_FACE('',(#541),#193,.F.);
#7876=ADVANCED_FACE('',(#542),#194,.F.);
#7877=ADVANCED_FACE('',(#543),#195,.F.);
#7878=ADVANCED_FACE('',(#544),#196,.F.);
#7879=ADVANCED_FACE('',(#545),#197,.T.);
#7880=ADVANCED_FACE('',(#546),#7671,.T.);
#7881=ADVANCED_FACE('',(#547),#198,.F.);
#7882=ADVANCED_FACE('',(#548),#199,.T.);
#7883=ADVANCED_FACE('',(#549),#7672,.T.);
#7884=ADVANCED_FACE('',(#550),#200,.F.);
#7885=ADVANCED_FACE('',(#551),#7673,.T.);
#7886=ADVANCED_FACE('',(#552),#201,.F.);
#7887=ADVANCED_FACE('',(#553),#7674,.T.);
#7888=ADVANCED_FACE('',(#554),#202,.T.);
#7889=ADVANCED_FACE('',(#555),#203,.F.);
#7890=ADVANCED_FACE('',(#556),#7675,.T.);
#7891=ADVANCED_FACE('',(#557),#204,.T.);
#7892=ADVANCED_FACE('',(#558),#7676,.T.);
#7893=ADVANCED_FACE('',(#559),#205,.T.);
#7894=ADVANCED_FACE('',(#560),#7677,.T.);
#7895=ADVANCED_FACE('',(#561),#206,.F.);
#7896=ADVANCED_FACE('',(#562),#207,.T.);
#7897=ADVANCED_FACE('',(#563),#7678,.T.);
#7898=ADVANCED_FACE('',(#564),#208,.F.);
#7899=ADVANCED_FACE('',(#565),#7679,.T.);
#7900=ADVANCED_FACE('',(#566),#209,.F.);
#7901=ADVANCED_FACE('',(#567),#7680,.T.);
#7902=ADVANCED_FACE('',(#568),#210,.T.);
#7903=ADVANCED_FACE('',(#569),#211,.F.);
#7904=ADVANCED_FACE('',(#570),#7681,.T.);
#7905=ADVANCED_FACE('',(#571),#212,.T.);
#7906=ADVANCED_FACE('',(#572),#7682,.T.);
#7907=ADVANCED_FACE('',(#573),#7683,.T.);
#7908=ADVANCED_FACE('',(#574),#213,.F.);
#7909=ADVANCED_FACE('',(#575),#7684,.T.);
#7910=ADVANCED_FACE('',(#576),#214,.F.);
#7911=ADVANCED_FACE('',(#577),#7685,.T.);
#7912=ADVANCED_FACE('',(#578),#215,.F.);
#7913=ADVANCED_FACE('',(#579),#7686,.T.);
#7914=ADVANCED_FACE('',(#580),#216,.F.);
#7915=ADVANCED_FACE('',(#581),#7687,.T.);
#7916=ADVANCED_FACE('',(#582),#217,.F.);
#7917=ADVANCED_FACE('',(#583),#7688,.T.);
#7918=ADVANCED_FACE('',(#584),#218,.F.);
#7919=ADVANCED_FACE('',(#585),#219,.F.);
#7920=ADVANCED_FACE('',(#586),#7689,.T.);
#7921=ADVANCED_FACE('',(#587),#220,.F.);
#7922=ADVANCED_FACE('',(#588),#7690,.T.);
#7923=ADVANCED_FACE('',(#589),#7691,.T.);
#7924=ADVANCED_FACE('',(#590),#221,.F.);
#7925=ADVANCED_FACE('',(#591),#7692,.T.);
#7926=ADVANCED_FACE('',(#592),#222,.F.);
#7927=ADVANCED_FACE('',(#593),#7693,.T.);
#7928=ADVANCED_FACE('',(#594),#223,.F.);
#7929=ADVANCED_FACE('',(#595),#7694,.T.);
#7930=ADVANCED_FACE('',(#596),#224,.F.);
#7931=ADVANCED_FACE('',(#597),#225,.F.);
#7932=ADVANCED_FACE('',(#598),#7695,.T.);
#7933=ADVANCED_FACE('',(#599),#226,.F.);
#7934=ADVANCED_FACE('',(#600),#7696,.T.);
#7935=ADVANCED_FACE('',(#601),#7697,.T.);
#7936=ADVANCED_FACE('',(#602),#7698,.T.);
#7937=ADVANCED_FACE('',(#603),#95,.F.);
#7938=ADVANCED_FACE('',(#604),#7699,.T.);
#7939=ADVANCED_FACE('',(#605),#96,.F.);
#7940=ADVANCED_FACE('',(#606),#7700,.T.);
#7941=ADVANCED_FACE('',(#607),#97,.F.);
#7942=ADVANCED_FACE('',(#608),#7701,.T.);
#7943=ADVANCED_FACE('',(#609),#98,.F.);
#7944=ADVANCED_FACE('',(#610),#227,.F.);
#7945=ADVANCED_FACE('',(#611),#7702,.T.);
#7946=ADVANCED_FACE('',(#612),#228,.F.);
#7947=ADVANCED_FACE('',(#613),#7703,.T.);
#7948=ADVANCED_FACE('',(#614),#229,.F.);
#7949=ADVANCED_FACE('',(#615),#7704,.T.);
#7950=ADVANCED_FACE('',(#616),#230,.F.);
#7951=ADVANCED_FACE('',(#617),#7705,.T.);
#7952=ADVANCED_FACE('',(#618),#231,.F.);
#7953=ADVANCED_FACE('',(#619),#7706,.T.);
#7954=ADVANCED_FACE('',(#620),#232,.F.);
#7955=ADVANCED_FACE('',(#621),#233,.F.);
#7956=ADVANCED_FACE('',(#622),#7707,.T.);
#7957=ADVANCED_FACE('',(#623),#234,.F.);
#7958=ADVANCED_FACE('',(#624),#7708,.T.);
#7959=ADVANCED_FACE('',(#625),#7709,.T.);
#7960=ADVANCED_FACE('',(#626),#235,.F.);
#7961=ADVANCED_FACE('',(#627),#7710,.T.);
#7962=ADVANCED_FACE('',(#628),#236,.F.);
#7963=ADVANCED_FACE('',(#629),#237,.F.);
#7964=ADVANCED_FACE('',(#630),#7711,.T.);
#7965=ADVANCED_FACE('',(#631),#238,.F.);
#7966=ADVANCED_FACE('',(#632),#7712,.T.);
#7967=ADVANCED_FACE('',(#633),#99,.F.);
#7968=ADVANCED_FACE('',(#634),#7713,.T.);
#7969=ADVANCED_FACE('',(#635),#100,.F.);
#7970=ADVANCED_FACE('',(#636),#7714,.T.);
#7971=ADVANCED_FACE('',(#637),#101,.F.);
#7972=ADVANCED_FACE('',(#638),#7715,.T.);
#7973=ADVANCED_FACE('',(#639),#102,.F.);
#7974=ADVANCED_FACE('',(#640),#7716,.T.);
#7975=ADVANCED_FACE('',(#641),#7717,.T.);
#7976=ADVANCED_FACE('',(#642),#7718,.T.);
#7977=ADVANCED_FACE('',(#643),#103,.F.);
#7978=ADVANCED_FACE('',(#644),#7719,.T.);
#7979=ADVANCED_FACE('',(#645),#104,.F.);
#7980=ADVANCED_FACE('',(#646),#7720,.T.);
#7981=ADVANCED_FACE('',(#647),#105,.F.);
#7982=ADVANCED_FACE('',(#648),#7721,.T.);
#7983=ADVANCED_FACE('',(#649),#106,.F.);
#7984=ADVANCED_FACE('',(#650),#239,.F.);
#7985=ADVANCED_FACE('',(#651),#7722,.T.);
#7986=ADVANCED_FACE('',(#652),#240,.F.);
#7987=ADVANCED_FACE('',(#653),#7723,.T.);
#7988=ADVANCED_FACE('',(#654),#241,.F.);
#7989=ADVANCED_FACE('',(#655),#7724,.T.);
#7990=ADVANCED_FACE('',(#656),#242,.F.);
#7991=ADVANCED_FACE('',(#657),#107,.F.);
#7992=ADVANCED_FACE('',(#658),#7725,.T.);
#7993=ADVANCED_FACE('',(#659),#108,.F.);
#7994=ADVANCED_FACE('',(#660),#7726,.T.);
#7995=ADVANCED_FACE('',(#661),#109,.F.);
#7996=ADVANCED_FACE('',(#662),#7727,.T.);
#7997=ADVANCED_FACE('',(#663),#110,.F.);
#7998=ADVANCED_FACE('',(#664),#7728,.T.);
#7999=ADVANCED_FACE('',(#665),#7729,.T.);
#8000=ADVANCED_FACE('',(#666),#243,.F.);
#8001=ADVANCED_FACE('',(#667),#7730,.T.);
#8002=ADVANCED_FACE('',(#668),#244,.F.);
#8003=ADVANCED_FACE('',(#669),#7731,.T.);
#8004=ADVANCED_FACE('',(#670),#245,.F.);
#8005=ADVANCED_FACE('',(#671),#7732,.T.);
#8006=ADVANCED_FACE('',(#672),#246,.F.);
#8007=ADVANCED_FACE('',(#673),#111,.F.);
#8008=ADVANCED_FACE('',(#674),#7733,.T.);
#8009=ADVANCED_FACE('',(#675),#112,.F.);
#8010=ADVANCED_FACE('',(#676),#7734,.T.);
#8011=ADVANCED_FACE('',(#677),#113,.F.);
#8012=ADVANCED_FACE('',(#678),#7735,.T.);
#8013=ADVANCED_FACE('',(#679),#114,.F.);
#8014=ADVANCED_FACE('',(#680),#7736,.T.);
#8015=ADVANCED_FACE('',(#681,#425,#426,#427,#428,#429,#430,#431,#432,#433,
#434,#435,#436,#437,#438,#439),#7737,.F.);
#8016=ADVANCED_FACE('',(#682),#247,.F.);
#8017=ADVANCED_FACE('',(#683,#440,#441,#442,#443,#444,#445,#446,#447,#448,
#449,#450,#451,#452,#453,#454),#7738,.T.);
#8018=ADVANCED_FACE('',(#684),#248,.F.);
#8019=ADVANCED_FACE('',(#685),#249,.F.);
#8020=ADVANCED_FACE('',(#686),#250,.F.);
#8021=ADVANCED_FACE('',(#687),#251,.F.);
#8022=ADVANCED_FACE('',(#688),#252,.F.);
#8023=ADVANCED_FACE('',(#689),#253,.F.);
#8024=ADVANCED_FACE('',(#690),#254,.F.);
#8025=ADVANCED_FACE('',(#691),#255,.T.);
#8026=ADVANCED_FACE('',(#692),#256,.F.);
#8027=ADVANCED_FACE('',(#693),#257,.T.);
#8028=ADVANCED_FACE('',(#694),#7739,.T.);
#8029=ADVANCED_FACE('',(#695),#258,.F.);
#8030=ADVANCED_FACE('',(#696),#7740,.T.);
#8031=ADVANCED_FACE('',(#697),#259,.F.);
#8032=ADVANCED_FACE('',(#698),#7741,.T.);
#8033=ADVANCED_FACE('',(#699),#260,.T.);
#8034=ADVANCED_FACE('',(#700),#261,.F.);
#8035=ADVANCED_FACE('',(#701),#262,.T.);
#8036=ADVANCED_FACE('',(#702),#7742,.T.);
#8037=ADVANCED_FACE('',(#703),#263,.F.);
#8038=ADVANCED_FACE('',(#704),#7743,.T.);
#8039=ADVANCED_FACE('',(#705),#264,.F.);
#8040=ADVANCED_FACE('',(#706),#7744,.T.);
#8041=ADVANCED_FACE('',(#707),#265,.F.);
#8042=ADVANCED_FACE('',(#708),#266,.F.);
#8043=ADVANCED_FACE('',(#709),#267,.F.);
#8044=ADVANCED_FACE('',(#710),#268,.F.);
#8045=ADVANCED_FACE('',(#711),#269,.F.);
#8046=ADVANCED_FACE('',(#712),#270,.F.);
#8047=ADVANCED_FACE('',(#713),#115,.T.);
#8048=ADVANCED_FACE('',(#714),#7745,.T.);
#8049=ADVANCED_FACE('',(#715),#116,.F.);
#8050=ADVANCED_FACE('',(#716),#7746,.T.);
#8051=ADVANCED_FACE('',(#717),#117,.F.);
#8052=ADVANCED_FACE('',(#718),#7747,.T.);
#8053=ADVANCED_FACE('',(#719),#118,.T.);
#8054=ADVANCED_FACE('',(#720),#7748,.T.);
#8055=ADVANCED_FACE('',(#721),#119,.F.);
#8056=ADVANCED_FACE('',(#722),#7749,.T.);
#8057=ADVANCED_FACE('',(#723),#120,.F.);
#8058=ADVANCED_FACE('',(#724),#7750,.T.);
#8059=ADVANCED_FACE('',(#725),#121,.T.);
#8060=ADVANCED_FACE('',(#726),#7751,.T.);
#8061=ADVANCED_FACE('',(#727),#122,.F.);
#8062=ADVANCED_FACE('',(#728),#7752,.T.);
#8063=ADVANCED_FACE('',(#729),#123,.F.);
#8064=ADVANCED_FACE('',(#730),#7753,.T.);
#8065=ADVANCED_FACE('',(#731),#124,.T.);
#8066=ADVANCED_FACE('',(#732),#7754,.T.);
#8067=ADVANCED_FACE('',(#733),#125,.F.);
#8068=ADVANCED_FACE('',(#734),#7755,.T.);
#8069=ADVANCED_FACE('',(#735),#126,.F.);
#8070=ADVANCED_FACE('',(#736),#7756,.T.);
#8071=ADVANCED_FACE('',(#737),#7757,.T.);
#8072=ADVANCED_FACE('',(#738),#271,.T.);
#8073=ADVANCED_FACE('',(#739),#7758,.T.);
#8074=ADVANCED_FACE('',(#740),#272,.F.);
#8075=ADVANCED_FACE('',(#741),#7759,.T.);
#8076=ADVANCED_FACE('',(#742),#273,.F.);
#8077=ADVANCED_FACE('',(#743),#7760,.T.);
#8078=ADVANCED_FACE('',(#744),#274,.T.);
#8079=ADVANCED_FACE('',(#745),#7761,.T.);
#8080=ADVANCED_FACE('',(#746),#275,.F.);
#8081=ADVANCED_FACE('',(#747),#7762,.T.);
#8082=ADVANCED_FACE('',(#748),#276,.F.);
#8083=ADVANCED_FACE('',(#749),#7763,.T.);
#8084=ADVANCED_FACE('',(#750),#277,.T.);
#8085=ADVANCED_FACE('',(#751),#7764,.T.);
#8086=ADVANCED_FACE('',(#752),#278,.F.);
#8087=ADVANCED_FACE('',(#753),#7765,.T.);
#8088=ADVANCED_FACE('',(#754),#279,.F.);
#8089=ADVANCED_FACE('',(#755),#7766,.T.);
#8090=ADVANCED_FACE('',(#756),#280,.T.);
#8091=ADVANCED_FACE('',(#757),#7767,.T.);
#8092=ADVANCED_FACE('',(#758),#281,.F.);
#8093=ADVANCED_FACE('',(#759),#7768,.T.);
#8094=ADVANCED_FACE('',(#760),#282,.F.);
#8095=ADVANCED_FACE('',(#761,#455,#456,#457,#458,#459,#460,#461,#462,#463,
#464,#465,#466,#467,#468,#469,#470,#471),#7769,.F.);
#8096=ADVANCED_FACE('',(#762),#283,.T.);
#8097=ADVANCED_FACE('',(#763),#7770,.T.);
#8098=ADVANCED_FACE('',(#764),#284,.T.);
#8099=ADVANCED_FACE('',(#765),#7771,.T.);
#8100=ADVANCED_FACE('',(#766),#285,.T.);
#8101=ADVANCED_FACE('',(#767),#7772,.T.);
#8102=ADVANCED_FACE('',(#768),#286,.T.);
#8103=ADVANCED_FACE('',(#769),#7773,.T.);
#8104=ADVANCED_FACE('',(#770,#472,#473,#474,#475,#476,#477,#478,#479,#480,
#481,#482,#483,#484,#485,#486,#487,#488),#7774,.T.);
#8105=ADVANCED_FACE('',(#771),#287,.F.);
#8106=ADVANCED_FACE('',(#772),#288,.F.);
#8107=ADVANCED_FACE('',(#773),#289,.F.);
#8108=ADVANCED_FACE('',(#774),#290,.F.);
#8109=ADVANCED_FACE('',(#775),#291,.F.);
#8110=ADVANCED_FACE('',(#776),#292,.F.);
#8111=ADVANCED_FACE('',(#777),#293,.F.);
#8112=ADVANCED_FACE('',(#778),#294,.F.);
#8113=ADVANCED_FACE('',(#779),#295,.F.);
#8114=ADVANCED_FACE('',(#780),#296,.F.);
#8115=ADVANCED_FACE('',(#781),#7775,.T.);
#8116=ADVANCED_FACE('',(#782),#297,.F.);
#8117=ADVANCED_FACE('',(#783),#7776,.T.);
#8118=ADVANCED_FACE('',(#784),#298,.F.);
#8119=ADVANCED_FACE('',(#785),#7777,.T.);
#8120=ADVANCED_FACE('',(#786),#299,.F.);
#8121=ADVANCED_FACE('',(#787),#300,.F.);
#8122=ADVANCED_FACE('',(#788),#7778,.T.);
#8123=ADVANCED_FACE('',(#789),#301,.F.);
#8124=ADVANCED_FACE('',(#790),#7779,.T.);
#8125=ADVANCED_FACE('',(#791),#302,.F.);
#8126=ADVANCED_FACE('',(#792),#7780,.T.);
#8127=ADVANCED_FACE('',(#793),#303,.F.);
#8128=ADVANCED_FACE('',(#794),#7781,.T.);
#8129=ADVANCED_FACE('',(#795),#304,.F.);
#8130=ADVANCED_FACE('',(#796),#7782,.T.);
#8131=ADVANCED_FACE('',(#797),#305,.F.);
#8132=ADVANCED_FACE('',(#798),#7783,.T.);
#8133=ADVANCED_FACE('',(#799),#7784,.T.);
#8134=ADVANCED_FACE('',(#800),#306,.F.);
#8135=ADVANCED_FACE('',(#801),#7785,.T.);
#8136=ADVANCED_FACE('',(#802),#307,.F.);
#8137=ADVANCED_FACE('',(#803),#7786,.T.);
#8138=ADVANCED_FACE('',(#804),#308,.F.);
#8139=ADVANCED_FACE('',(#805),#127,.F.);
#8140=ADVANCED_FACE('',(#806),#7787,.T.);
#8141=ADVANCED_FACE('',(#807),#128,.F.);
#8142=ADVANCED_FACE('',(#808),#7788,.T.);
#8143=ADVANCED_FACE('',(#809),#7789,.T.);
#8144=ADVANCED_FACE('',(#810),#7790,.T.);
#8145=ADVANCED_FACE('',(#811),#129,.F.);
#8146=ADVANCED_FACE('',(#812),#7791,.T.);
#8147=ADVANCED_FACE('',(#813),#130,.F.);
#8148=ADVANCED_FACE('',(#814),#309,.F.);
#8149=ADVANCED_FACE('',(#815),#7792,.T.);
#8150=ADVANCED_FACE('',(#816),#310,.F.);
#8151=ADVANCED_FACE('',(#817),#131,.F.);
#8152=ADVANCED_FACE('',(#818),#7793,.T.);
#8153=ADVANCED_FACE('',(#819),#132,.F.);
#8154=ADVANCED_FACE('',(#820),#7794,.T.);
#8155=ADVANCED_FACE('',(#821),#7795,.T.);
#8156=ADVANCED_FACE('',(#822),#7796,.T.);
#8157=ADVANCED_FACE('',(#823),#133,.F.);
#8158=ADVANCED_FACE('',(#824),#7797,.T.);
#8159=ADVANCED_FACE('',(#825),#134,.F.);
#8160=ADVANCED_FACE('',(#826),#311,.F.);
#8161=ADVANCED_FACE('',(#827),#7798,.T.);
#8162=ADVANCED_FACE('',(#828),#312,.F.);
#8163=ADVANCED_FACE('',(#829),#7799,.T.);
#8164=ADVANCED_FACE('',(#830),#313,.F.);
#8165=ADVANCED_FACE('',(#831),#7800,.T.);
#8166=ADVANCED_FACE('',(#832),#314,.F.);
#8167=ADVANCED_FACE('',(#833),#7801,.T.);
#8168=ADVANCED_FACE('',(#834),#315,.F.);
#8169=ADVANCED_FACE('',(#835),#7802,.T.);
#8170=ADVANCED_FACE('',(#836),#316,.F.);
#8171=ADVANCED_FACE('',(#837,#489,#490,#491,#492,#493,#494,#495,#496),#7803,
 .F.);
#8172=ADVANCED_FACE('',(#838),#317,.F.);
#8173=ADVANCED_FACE('',(#839,#497,#498,#499,#500,#501,#502,#503,#504),#7804,
 .T.);
#8174=ADVANCED_FACE('',(#840),#318,.F.);
#8175=ADVANCED_FACE('',(#841),#319,.F.);
#8176=ADVANCED_FACE('',(#842),#320,.F.);
#8177=ADVANCED_FACE('',(#843),#321,.F.);
#8178=ADVANCED_FACE('',(#844),#322,.F.);
#8179=ADVANCED_FACE('',(#845),#323,.F.);
#8180=ADVANCED_FACE('',(#846),#324,.F.);
#8181=ADVANCED_FACE('',(#847),#135,.F.);
#8182=ADVANCED_FACE('',(#848),#136,.T.);
#8183=ADVANCED_FACE('',(#849),#7805,.T.);
#8184=ADVANCED_FACE('',(#850),#137,.T.);
#8185=ADVANCED_FACE('',(#851),#7806,.T.);
#8186=ADVANCED_FACE('',(#852),#138,.T.);
#8187=ADVANCED_FACE('',(#853),#7807,.T.);
#8188=ADVANCED_FACE('',(#854),#139,.T.);
#8189=ADVANCED_FACE('',(#855),#7808,.T.);
#8190=ADVANCED_FACE('',(#856),#140,.T.);
#8191=ADVANCED_FACE('',(#857),#141,.F.);
#8192=ADVANCED_FACE('',(#858),#7809,.T.);
#8193=ADVANCED_FACE('',(#859),#142,.T.);
#8194=ADVANCED_FACE('',(#860),#7810,.T.);
#8195=ADVANCED_FACE('',(#861),#143,.T.);
#8196=ADVANCED_FACE('',(#862),#7811,.T.);
#8197=ADVANCED_FACE('',(#863),#144,.T.);
#8198=ADVANCED_FACE('',(#864),#7812,.T.);
#8199=ADVANCED_FACE('',(#865),#7813,.T.);
#8200=ADVANCED_FACE('',(#866),#325,.F.);
#8201=ADVANCED_FACE('',(#867),#326,.T.);
#8202=ADVANCED_FACE('',(#868),#7814,.T.);
#8203=ADVANCED_FACE('',(#869),#327,.T.);
#8204=ADVANCED_FACE('',(#870),#7815,.T.);
#8205=ADVANCED_FACE('',(#871),#328,.T.);
#8206=ADVANCED_FACE('',(#872),#7816,.T.);
#8207=ADVANCED_FACE('',(#873),#329,.T.);
#8208=ADVANCED_FACE('',(#874),#7817,.T.);
#8209=ADVANCED_FACE('',(#875),#330,.T.);
#8210=ADVANCED_FACE('',(#876),#331,.F.);
#8211=ADVANCED_FACE('',(#877),#7818,.T.);
#8212=ADVANCED_FACE('',(#878),#332,.T.);
#8213=ADVANCED_FACE('',(#879),#7819,.T.);
#8214=ADVANCED_FACE('',(#880),#333,.T.);
#8215=ADVANCED_FACE('',(#881),#7820,.T.);
#8216=ADVANCED_FACE('',(#882),#334,.T.);
#8217=ADVANCED_FACE('',(#883),#145,.T.);
#8218=ADVANCED_FACE('',(#884),#7821,.T.);
#8219=ADVANCED_FACE('',(#885),#146,.T.);
#8220=ADVANCED_FACE('',(#886),#7822,.T.);
#8221=ADVANCED_FACE('',(#887),#147,.T.);
#8222=ADVANCED_FACE('',(#888),#7823,.T.);
#8223=ADVANCED_FACE('',(#889),#148,.F.);
#8224=ADVANCED_FACE('',(#890),#149,.T.);
#8225=ADVANCED_FACE('',(#891),#7824,.T.);
#8226=ADVANCED_FACE('',(#892),#150,.T.);
#8227=ADVANCED_FACE('',(#893),#7825,.T.);
#8228=ADVANCED_FACE('',(#894),#151,.T.);
#8229=ADVANCED_FACE('',(#895),#7826,.T.);
#8230=ADVANCED_FACE('',(#896),#152,.T.);
#8231=ADVANCED_FACE('',(#897),#7827,.T.);
#8232=ADVANCED_FACE('',(#898),#153,.T.);
#8233=ADVANCED_FACE('',(#899),#154,.F.);
#8234=ADVANCED_FACE('',(#900),#7828,.T.);
#8235=ADVANCED_FACE('',(#901,#505,#506,#507,#508,#509,#510,#511,#512),#7829,
 .F.);
#8236=ADVANCED_FACE('',(#902),#335,.F.);
#8237=ADVANCED_FACE('',(#903,#513,#514,#515,#516,#517,#518,#519,#520),#7830,
 .T.);
#8238=ADVANCED_FACE('',(#904),#336,.F.);
#8239=ADVANCED_FACE('',(#905),#337,.F.);
#8240=ADVANCED_FACE('',(#906),#338,.F.);
#8241=ADVANCED_FACE('',(#907),#339,.F.);
#8242=ADVANCED_FACE('',(#908),#340,.F.);
#8243=ADVANCED_FACE('',(#909),#341,.F.);
#8244=ADVANCED_FACE('',(#910),#342,.F.);
#8245=ADVANCED_FACE('',(#911),#155,.F.);
#8246=ADVANCED_FACE('',(#912),#156,.T.);
#8247=ADVANCED_FACE('',(#913),#7831,.T.);
#8248=ADVANCED_FACE('',(#914),#157,.T.);
#8249=ADVANCED_FACE('',(#915),#7832,.T.);
#8250=ADVANCED_FACE('',(#916),#158,.T.);
#8251=ADVANCED_FACE('',(#917),#7833,.T.);
#8252=ADVANCED_FACE('',(#918),#159,.T.);
#8253=ADVANCED_FACE('',(#919),#7834,.T.);
#8254=ADVANCED_FACE('',(#920),#160,.T.);
#8255=ADVANCED_FACE('',(#921),#161,.F.);
#8256=ADVANCED_FACE('',(#922),#7835,.T.);
#8257=ADVANCED_FACE('',(#923),#162,.T.);
#8258=ADVANCED_FACE('',(#924),#7836,.T.);
#8259=ADVANCED_FACE('',(#925),#163,.T.);
#8260=ADVANCED_FACE('',(#926),#7837,.T.);
#8261=ADVANCED_FACE('',(#927),#164,.T.);
#8262=ADVANCED_FACE('',(#928),#7838,.T.);
#8263=ADVANCED_FACE('',(#929),#7839,.T.);
#8264=ADVANCED_FACE('',(#930),#343,.F.);
#8265=ADVANCED_FACE('',(#931),#344,.T.);
#8266=ADVANCED_FACE('',(#932),#7840,.T.);
#8267=ADVANCED_FACE('',(#933),#345,.T.);
#8268=ADVANCED_FACE('',(#934),#7841,.T.);
#8269=ADVANCED_FACE('',(#935),#346,.T.);
#8270=ADVANCED_FACE('',(#936),#7842,.T.);
#8271=ADVANCED_FACE('',(#937),#347,.T.);
#8272=ADVANCED_FACE('',(#938),#7843,.T.);
#8273=ADVANCED_FACE('',(#939),#348,.T.);
#8274=ADVANCED_FACE('',(#940),#349,.F.);
#8275=ADVANCED_FACE('',(#941),#7844,.T.);
#8276=ADVANCED_FACE('',(#942),#350,.T.);
#8277=ADVANCED_FACE('',(#943),#7845,.T.);
#8278=ADVANCED_FACE('',(#944),#351,.T.);
#8279=ADVANCED_FACE('',(#945),#7846,.T.);
#8280=ADVANCED_FACE('',(#946),#352,.T.);
#8281=ADVANCED_FACE('',(#947),#165,.T.);
#8282=ADVANCED_FACE('',(#948),#7847,.T.);
#8283=ADVANCED_FACE('',(#949),#166,.T.);
#8284=ADVANCED_FACE('',(#950),#7848,.T.);
#8285=ADVANCED_FACE('',(#951),#167,.T.);
#8286=ADVANCED_FACE('',(#952),#7849,.T.);
#8287=ADVANCED_FACE('',(#953),#168,.F.);
#8288=ADVANCED_FACE('',(#954),#169,.T.);
#8289=ADVANCED_FACE('',(#955),#7850,.T.);
#8290=ADVANCED_FACE('',(#956),#170,.T.);
#8291=ADVANCED_FACE('',(#957),#7851,.T.);
#8292=ADVANCED_FACE('',(#958),#171,.T.);
#8293=ADVANCED_FACE('',(#959),#7852,.T.);
#8294=ADVANCED_FACE('',(#960),#172,.T.);
#8295=ADVANCED_FACE('',(#961),#7853,.T.);
#8296=ADVANCED_FACE('',(#962),#173,.T.);
#8297=ADVANCED_FACE('',(#963),#174,.F.);
#8298=ADVANCED_FACE('',(#964),#7854,.T.);
#8299=ADVANCED_FACE('',(#965,#521),#7855,.F.);
#8300=ADVANCED_FACE('',(#966),#353,.F.);
#8301=ADVANCED_FACE('',(#967,#522),#7856,.T.);
#8302=ADVANCED_FACE('',(#968),#354,.T.);
#8303=ADVANCED_FACE('',(#969),#175,.T.);
#8304=ADVANCED_FACE('',(#970),#355,.T.);
#8305=ADVANCED_FACE('',(#971),#176,.T.);
#8306=ADVANCED_FACE('',(#972),#356,.T.);
#8307=CLOSED_SHELL('',(#7857,#7858,#7859,#7860,#7861,#7862,#7863,#7864,
#7865,#7866,#7867,#7868,#7869,#7870,#7871,#7872,#7873,#7874,#7875,#7876,
#7877,#7878,#7879,#7880,#7881,#7882,#7883,#7884,#7885,#7886,#7887,#7888,
#7889,#7890,#7891,#7892,#7893,#7894,#7895,#7896,#7897,#7898,#7899,#7900,
#7901,#7902,#7903,#7904,#7905,#7906,#7907,#7908,#7909,#7910,#7911,#7912,
#7913,#7914,#7915,#7916,#7917,#7918,#7919,#7920,#7921,#7922,#7923,#7924,
#7925,#7926,#7927,#7928,#7929,#7930,#7931,#7932,#7933,#7934,#7935,#7936,
#7937,#7938,#7939,#7940,#7941,#7942,#7943,#7944,#7945,#7946,#7947,#7948,
#7949,#7950,#7951,#7952,#7953,#7954,#7955,#7956,#7957,#7958,#7959,#7960,
#7961,#7962,#7963,#7964,#7965,#7966,#7967,#7968,#7969,#7970,#7971,#7972,
#7973,#7974,#7975,#7976,#7977,#7978,#7979,#7980,#7981,#7982,#7983,#7984,
#7985,#7986,#7987,#7988,#7989,#7990,#7991,#7992,#7993,#7994,#7995,#7996,
#7997,#7998,#7999,#8000,#8001,#8002,#8003,#8004,#8005,#8006,#8007,#8008,
#8009,#8010,#8011,#8012,#8013,#8014));
#8308=CLOSED_SHELL('',(#8015,#8016,#8017,#8018,#8019,#8020,#8021,#8022,
#8023,#8024,#8025,#8026,#8027,#8028,#8029,#8030,#8031,#8032,#8033,#8034,
#8035,#8036,#8037,#8038,#8039,#8040,#8041,#8042,#8043,#8044,#8045,#8046,
#8047,#8048,#8049,#8050,#8051,#8052,#8053,#8054,#8055,#8056,#8057,#8058,
#8059,#8060,#8061,#8062,#8063,#8064,#8065,#8066,#8067,#8068,#8069,#8070,
#8071,#8072,#8073,#8074,#8075,#8076,#8077,#8078,#8079,#8080,#8081,#8082,
#8083,#8084,#8085,#8086,#8087,#8088,#8089,#8090,#8091,#8092,#8093,#8094));
#8309=CLOSED_SHELL('',(#8095,#8096,#8097,#8098,#8099,#8100,#8101,#8102,
#8103,#8104,#8105,#8106,#8107,#8108,#8109,#8110,#8111,#8112,#8113,#8114,
#8115,#8116,#8117,#8118,#8119,#8120,#8121,#8122,#8123,#8124,#8125,#8126,
#8127,#8128,#8129,#8130,#8131,#8132,#8133,#8134,#8135,#8136,#8137,#8138,
#8139,#8140,#8141,#8142,#8143,#8144,#8145,#8146,#8147,#8148,#8149,#8150,
#8151,#8152,#8153,#8154,#8155,#8156,#8157,#8158,#8159,#8160,#8161,#8162,
#8163,#8164,#8165,#8166,#8167,#8168,#8169,#8170));
#8310=CLOSED_SHELL('',(#8171,#8172,#8173,#8174,#8175,#8176,#8177,#8178,
#8179,#8180,#8181,#8182,#8183,#8184,#8185,#8186,#8187,#8188,#8189,#8190,
#8191,#8192,#8193,#8194,#8195,#8196,#8197,#8198,#8199,#8200,#8201,#8202,
#8203,#8204,#8205,#8206,#8207,#8208,#8209,#8210,#8211,#8212,#8213,#8214,
#8215,#8216,#8217,#8218,#8219,#8220,#8221,#8222,#8223,#8224,#8225,#8226,
#8227,#8228,#8229,#8230,#8231,#8232,#8233,#8234));
#8311=CLOSED_SHELL('',(#8235,#8236,#8237,#8238,#8239,#8240,#8241,#8242,
#8243,#8244,#8245,#8246,#8247,#8248,#8249,#8250,#8251,#8252,#8253,#8254,
#8255,#8256,#8257,#8258,#8259,#8260,#8261,#8262,#8263,#8264,#8265,#8266,
#8267,#8268,#8269,#8270,#8271,#8272,#8273,#8274,#8275,#8276,#8277,#8278,
#8279,#8280,#8281,#8282,#8283,#8284,#8285,#8286,#8287,#8288,#8289,#8290,
#8291,#8292,#8293,#8294,#8295,#8296,#8297,#8298));
#8312=CLOSED_SHELL('',(#8299,#8300,#8301,#8302,#8303,#8304,#8305,#8306));
#8313=DERIVED_UNIT_ELEMENT(#8325,1.);
#8314=DERIVED_UNIT_ELEMENT(#14211,-3.);
#8315=DERIVED_UNIT_ELEMENT(#8325,1.);
#8316=DERIVED_UNIT_ELEMENT(#14211,-3.);
#8317=DERIVED_UNIT_ELEMENT(#8325,1.);
#8318=DERIVED_UNIT_ELEMENT(#14211,-3.);
#8319=DERIVED_UNIT_ELEMENT(#8325,1.);
#8320=DERIVED_UNIT_ELEMENT(#14211,-3.);
#8321=DERIVED_UNIT_ELEMENT(#8325,1.);
#8322=DERIVED_UNIT_ELEMENT(#14211,-3.);
#8323=DERIVED_UNIT_ELEMENT(#8325,1.);
#8324=DERIVED_UNIT_ELEMENT(#14211,-3.);
#8325=(
MASS_UNIT()
NAMED_UNIT(*)
SI_UNIT(.KILO.,.GRAM.)
);
#8326=DERIVED_UNIT((#8313,#8314));
#8327=DERIVED_UNIT((#8315,#8316));
#8328=DERIVED_UNIT((#8317,#8318));
#8329=DERIVED_UNIT((#8319,#8320));
#8330=DERIVED_UNIT((#8321,#8322));
#8331=DERIVED_UNIT((#8323,#8324));
#8332=MEASURE_REPRESENTATION_ITEM('density measure',
POSITIVE_RATIO_MEASURE(7850.),#8326);
#8333=MEASURE_REPRESENTATION_ITEM('density measure',
POSITIVE_RATIO_MEASURE(7850.),#8327);
#8334=MEASURE_REPRESENTATION_ITEM('density measure',
POSITIVE_RATIO_MEASURE(7850.),#8328);
#8335=MEASURE_REPRESENTATION_ITEM('density measure',
POSITIVE_RATIO_MEASURE(7850.),#8329);
#8336=MEASURE_REPRESENTATION_ITEM('density measure',
POSITIVE_RATIO_MEASURE(7850.),#8330);
#8337=MEASURE_REPRESENTATION_ITEM('density measure',
POSITIVE_RATIO_MEASURE(7850.),#8331);
#8338=PROPERTY_DEFINITION_REPRESENTATION(#8368,#8350);
#8339=PROPERTY_DEFINITION_REPRESENTATION(#8369,#8351);
#8340=PROPERTY_DEFINITION_REPRESENTATION(#8370,#8352);
#8341=PROPERTY_DEFINITION_REPRESENTATION(#8371,#8353);
#8342=PROPERTY_DEFINITION_REPRESENTATION(#8372,#8354);
#8343=PROPERTY_DEFINITION_REPRESENTATION(#8373,#8355);
#8344=PROPERTY_DEFINITION_REPRESENTATION(#8374,#8356);
#8345=PROPERTY_DEFINITION_REPRESENTATION(#8375,#8357);
#8346=PROPERTY_DEFINITION_REPRESENTATION(#8376,#8358);
#8347=PROPERTY_DEFINITION_REPRESENTATION(#8377,#8359);
#8348=PROPERTY_DEFINITION_REPRESENTATION(#8378,#8360);
#8349=PROPERTY_DEFINITION_REPRESENTATION(#8379,#8361);
#8350=REPRESENTATION('material name',(#8362),#14203);
#8351=REPRESENTATION('density',(#8332),#14203);
#8352=REPRESENTATION('material name',(#8363),#14204);
#8353=REPRESENTATION('density',(#8333),#14204);
#8354=REPRESENTATION('material name',(#8364),#14205);
#8355=REPRESENTATION('density',(#8334),#14205);
#8356=REPRESENTATION('material name',(#8365),#14206);
#8357=REPRESENTATION('density',(#8335),#14206);
#8358=REPRESENTATION('material name',(#8366),#14207);
#8359=REPRESENTATION('density',(#8336),#14207);
#8360=REPRESENTATION('material name',(#8367),#14208);
#8361=REPRESENTATION('density',(#8337),#14208);
#8362=DESCRIPTIVE_REPRESENTATION_ITEM('Steel','Steel');
#8363=DESCRIPTIVE_REPRESENTATION_ITEM('Steel','Steel');
#8364=DESCRIPTIVE_REPRESENTATION_ITEM('Steel','Steel');
#8365=DESCRIPTIVE_REPRESENTATION_ITEM('Steel','Steel');
#8366=DESCRIPTIVE_REPRESENTATION_ITEM('Steel','Steel');
#8367=DESCRIPTIVE_REPRESENTATION_ITEM('Steel','Steel');
#8368=PROPERTY_DEFINITION('material property','material name',#14252);
#8369=PROPERTY_DEFINITION('material property','density of part',#14252);
#8370=PROPERTY_DEFINITION('material property','material name',#14253);
#8371=PROPERTY_DEFINITION('material property','density of part',#14253);
#8372=PROPERTY_DEFINITION('material property','material name',#14254);
#8373=PROPERTY_DEFINITION('material property','density of part',#14254);
#8374=PROPERTY_DEFINITION('material property','material name',#14255);
#8375=PROPERTY_DEFINITION('material property','density of part',#14255);
#8376=PROPERTY_DEFINITION('material property','material name',#14256);
#8377=PROPERTY_DEFINITION('material property','density of part',#14256);
#8378=PROPERTY_DEFINITION('material property','material name',#14257);
#8379=PROPERTY_DEFINITION('material property','density of part',#14257);
#8380=AXIS2_PLACEMENT_3D('',#11840,#9294,#9295);
#8381=AXIS2_PLACEMENT_3D('',#11841,#9296,#9297);
#8382=AXIS2_PLACEMENT_3D('',#11842,#9298,#9299);
#8383=AXIS2_PLACEMENT_3D('',#11845,#9300,#9301);
#8384=AXIS2_PLACEMENT_3D('',#11849,#9303,#9304);
#8385=AXIS2_PLACEMENT_3D('',#11851,#9305,#9306);
#8386=AXIS2_PLACEMENT_3D('',#11855,#9308,#9309);
#8387=AXIS2_PLACEMENT_3D('',#11859,#9311,#9312);
#8388=AXIS2_PLACEMENT_3D('',#11863,#9314,#9315);
#8389=AXIS2_PLACEMENT_3D('',#11865,#9316,#9317);
#8390=AXIS2_PLACEMENT_3D('',#11869,#9319,#9320);
#8391=AXIS2_PLACEMENT_3D('',#11873,#9322,#9323);
#8392=AXIS2_PLACEMENT_3D('',#11877,#9325,#9326);
#8393=AXIS2_PLACEMENT_3D('',#11879,#9327,#9328);
#8394=AXIS2_PLACEMENT_3D('',#11883,#9330,#9331);
#8395=AXIS2_PLACEMENT_3D('',#11887,#9333,#9334);
#8396=AXIS2_PLACEMENT_3D('',#11891,#9336,#9337);
#8397=AXIS2_PLACEMENT_3D('',#11893,#9338,#9339);
#8398=AXIS2_PLACEMENT_3D('',#11897,#9341,#9342);
#8399=AXIS2_PLACEMENT_3D('',#11900,#9344,#9345);
#8400=AXIS2_PLACEMENT_3D('',#11902,#9346,#9347);
#8401=AXIS2_PLACEMENT_3D('',#11904,#9348,#9349);
#8402=AXIS2_PLACEMENT_3D('',#11906,#9350,#9351);
#8403=AXIS2_PLACEMENT_3D('',#11908,#9352,#9353);
#8404=AXIS2_PLACEMENT_3D('',#11910,#9354,#9355);
#8405=AXIS2_PLACEMENT_3D('',#11912,#9356,#9357);
#8406=AXIS2_PLACEMENT_3D('',#11914,#9358,#9359);
#8407=AXIS2_PLACEMENT_3D('',#11916,#9360,#9361);
#8408=AXIS2_PLACEMENT_3D('',#11918,#9362,#9363);
#8409=AXIS2_PLACEMENT_3D('',#11920,#9364,#9365);
#8410=AXIS2_PLACEMENT_3D('',#11922,#9366,#9367);
#8411=AXIS2_PLACEMENT_3D('',#11924,#9368,#9369);
#8412=AXIS2_PLACEMENT_3D('',#11926,#9370,#9371);
#8413=AXIS2_PLACEMENT_3D('',#11928,#9372,#9373);
#8414=AXIS2_PLACEMENT_3D('',#11930,#9374,#9375);
#8415=AXIS2_PLACEMENT_3D('',#11932,#9376,#9377);
#8416=AXIS2_PLACEMENT_3D('',#11934,#9378,#9379);
#8417=AXIS2_PLACEMENT_3D('',#11936,#9380,#9381);
#8418=AXIS2_PLACEMENT_3D('',#11938,#9382,#9383);
#8419=AXIS2_PLACEMENT_3D('',#11943,#9385,#9386);
#8420=AXIS2_PLACEMENT_3D('',#11946,#9388,#9389);
#8421=AXIS2_PLACEMENT_3D('',#11951,#9391,#9392);
#8422=AXIS2_PLACEMENT_3D('',#11954,#9394,#9395);
#8423=AXIS2_PLACEMENT_3D('',#11959,#9397,#9398);
#8424=AXIS2_PLACEMENT_3D('',#11962,#9400,#9401);
#8425=AXIS2_PLACEMENT_3D('',#11965,#9402,#9403);
#8426=AXIS2_PLACEMENT_3D('',#11969,#9405,#9406);
#8427=AXIS2_PLACEMENT_3D('',#11975,#9409,#9410);
#8428=AXIS2_PLACEMENT_3D('',#11978,#9412,#9413);
#8429=AXIS2_PLACEMENT_3D('',#11983,#9415,#9416);
#8430=AXIS2_PLACEMENT_3D('',#11986,#9418,#9419);
#8431=AXIS2_PLACEMENT_3D('',#11989,#9420,#9421);
#8432=AXIS2_PLACEMENT_3D('',#11993,#9423,#9424);
#8433=AXIS2_PLACEMENT_3D('',#11999,#9427,#9428);
#8434=AXIS2_PLACEMENT_3D('',#12002,#9430,#9431);
#8435=AXIS2_PLACEMENT_3D('',#12005,#9432,#9433);
#8436=AXIS2_PLACEMENT_3D('',#12009,#9435,#9436);
#8437=AXIS2_PLACEMENT_3D('',#12015,#9439,#9440);
#8438=AXIS2_PLACEMENT_3D('',#12018,#9442,#9443);
#8439=AXIS2_PLACEMENT_3D('',#12021,#9444,#9445);
#8440=AXIS2_PLACEMENT_3D('',#12025,#9447,#9448);
#8441=AXIS2_PLACEMENT_3D('',#12029,#9450,#9451);
#8442=AXIS2_PLACEMENT_3D('',#12033,#9453,#9454);
#8443=AXIS2_PLACEMENT_3D('',#12037,#9456,#9457);
#8444=AXIS2_PLACEMENT_3D('',#12041,#9459,#9460);
#8445=AXIS2_PLACEMENT_3D('',#12045,#9462,#9463);
#8446=AXIS2_PLACEMENT_3D('',#12049,#9465,#9466);
#8447=AXIS2_PLACEMENT_3D('',#12053,#9468,#9469);
#8448=AXIS2_PLACEMENT_3D('',#12057,#9471,#9472);
#8449=AXIS2_PLACEMENT_3D('',#12061,#9474,#9475);
#8450=AXIS2_PLACEMENT_3D('',#12065,#9477,#9478);
#8451=AXIS2_PLACEMENT_3D('',#12069,#9480,#9481);
#8452=AXIS2_PLACEMENT_3D('',#12073,#9483,#9484);
#8453=AXIS2_PLACEMENT_3D('',#12075,#9486,#9487);
#8454=AXIS2_PLACEMENT_3D('',#12078,#9489,#9490);
#8455=AXIS2_PLACEMENT_3D('',#12079,#9491,#9492);
#8456=AXIS2_PLACEMENT_3D('',#12082,#9493,#9494);
#8457=AXIS2_PLACEMENT_3D('',#12086,#9496,#9497);
#8458=AXIS2_PLACEMENT_3D('',#12090,#9499,#9500);
#8459=AXIS2_PLACEMENT_3D('',#12092,#9501,#9502);
#8460=AXIS2_PLACEMENT_3D('',#12096,#9504,#9505);
#8461=AXIS2_PLACEMENT_3D('',#12100,#9507,#9508);
#8462=AXIS2_PLACEMENT_3D('',#12104,#9510,#9511);
#8463=AXIS2_PLACEMENT_3D('',#12106,#9512,#9513);
#8464=AXIS2_PLACEMENT_3D('',#12110,#9515,#9516);
#8465=AXIS2_PLACEMENT_3D('',#12114,#9518,#9519);
#8466=AXIS2_PLACEMENT_3D('',#12118,#9521,#9522);
#8467=AXIS2_PLACEMENT_3D('',#12120,#9523,#9524);
#8468=AXIS2_PLACEMENT_3D('',#12124,#9526,#9527);
#8469=AXIS2_PLACEMENT_3D('',#12128,#9529,#9530);
#8470=AXIS2_PLACEMENT_3D('',#12132,#9532,#9533);
#8471=AXIS2_PLACEMENT_3D('',#12134,#9534,#9535);
#8472=AXIS2_PLACEMENT_3D('',#12137,#9537,#9538);
#8473=AXIS2_PLACEMENT_3D('',#12139,#9539,#9540);
#8474=AXIS2_PLACEMENT_3D('',#12141,#9541,#9542);
#8475=AXIS2_PLACEMENT_3D('',#12143,#9543,#9544);
#8476=AXIS2_PLACEMENT_3D('',#12145,#9545,#9546);
#8477=AXIS2_PLACEMENT_3D('',#12147,#9547,#9548);
#8478=AXIS2_PLACEMENT_3D('',#12149,#9549,#9550);
#8479=AXIS2_PLACEMENT_3D('',#12151,#9551,#9552);
#8480=AXIS2_PLACEMENT_3D('',#12153,#9553,#9554);
#8481=AXIS2_PLACEMENT_3D('',#12155,#9555,#9556);
#8482=AXIS2_PLACEMENT_3D('',#12157,#9557,#9558);
#8483=AXIS2_PLACEMENT_3D('',#12159,#9559,#9560);
#8484=AXIS2_PLACEMENT_3D('',#12161,#9561,#9562);
#8485=AXIS2_PLACEMENT_3D('',#12163,#9563,#9564);
#8486=AXIS2_PLACEMENT_3D('',#12165,#9565,#9566);
#8487=AXIS2_PLACEMENT_3D('',#12167,#9567,#9568);
#8488=AXIS2_PLACEMENT_3D('',#12169,#9569,#9570);
#8489=AXIS2_PLACEMENT_3D('',#12171,#9571,#9572);
#8490=AXIS2_PLACEMENT_3D('',#12173,#9573,#9574);
#8491=AXIS2_PLACEMENT_3D('',#12178,#9576,#9577);
#8492=AXIS2_PLACEMENT_3D('',#12181,#9579,#9580);
#8493=AXIS2_PLACEMENT_3D('',#12186,#9582,#9583);
#8494=AXIS2_PLACEMENT_3D('',#12189,#9585,#9586);
#8495=AXIS2_PLACEMENT_3D('',#12194,#9588,#9589);
#8496=AXIS2_PLACEMENT_3D('',#12197,#9591,#9592);
#8497=AXIS2_PLACEMENT_3D('',#12200,#9593,#9594);
#8498=AXIS2_PLACEMENT_3D('',#12204,#9596,#9597);
#8499=AXIS2_PLACEMENT_3D('',#12210,#9600,#9601);
#8500=AXIS2_PLACEMENT_3D('',#12213,#9603,#9604);
#8501=AXIS2_PLACEMENT_3D('',#12218,#9606,#9607);
#8502=AXIS2_PLACEMENT_3D('',#12221,#9609,#9610);
#8503=AXIS2_PLACEMENT_3D('',#12224,#9611,#9612);
#8504=AXIS2_PLACEMENT_3D('',#12228,#9614,#9615);
#8505=AXIS2_PLACEMENT_3D('',#12234,#9618,#9619);
#8506=AXIS2_PLACEMENT_3D('',#12238,#9621,#9622);
#8507=AXIS2_PLACEMENT_3D('',#12242,#9624,#9625);
#8508=AXIS2_PLACEMENT_3D('',#12245,#9627,#9628);
#8509=AXIS2_PLACEMENT_3D('',#12250,#9630,#9631);
#8510=AXIS2_PLACEMENT_3D('',#12253,#9633,#9634);
#8511=AXIS2_PLACEMENT_3D('',#12256,#9635,#9636);
#8512=AXIS2_PLACEMENT_3D('',#12260,#9638,#9639);
#8513=AXIS2_PLACEMENT_3D('',#12266,#9642,#9643);
#8514=AXIS2_PLACEMENT_3D('',#12269,#9645,#9646);
#8515=AXIS2_PLACEMENT_3D('',#12272,#9647,#9648);
#8516=AXIS2_PLACEMENT_3D('',#12276,#9650,#9651);
#8517=AXIS2_PLACEMENT_3D('',#12280,#9653,#9654);
#8518=AXIS2_PLACEMENT_3D('',#12284,#9656,#9657);
#8519=AXIS2_PLACEMENT_3D('',#12288,#9659,#9660);
#8520=AXIS2_PLACEMENT_3D('',#12292,#9662,#9663);
#8521=AXIS2_PLACEMENT_3D('',#12296,#9665,#9666);
#8522=AXIS2_PLACEMENT_3D('',#12300,#9668,#9669);
#8523=AXIS2_PLACEMENT_3D('',#12304,#9671,#9672);
#8524=AXIS2_PLACEMENT_3D('',#12308,#9674,#9675);
#8525=AXIS2_PLACEMENT_3D('',#12310,#9677,#9678);
#8526=AXIS2_PLACEMENT_3D('',#12312,#9680,#9681);
#8527=AXIS2_PLACEMENT_3D('',#12314,#9683,#9684);
#8528=AXIS2_PLACEMENT_3D('',#12316,#9686,#9687);
#8529=AXIS2_PLACEMENT_3D('',#12318,#9689,#9690);
#8530=AXIS2_PLACEMENT_3D('',#12320,#9692,#9693);
#8531=AXIS2_PLACEMENT_3D('',#12322,#9695,#9696);
#8532=AXIS2_PLACEMENT_3D('',#12324,#9698,#9699);
#8533=AXIS2_PLACEMENT_3D('',#12326,#9701,#9702);
#8534=AXIS2_PLACEMENT_3D('',#12328,#9704,#9705);
#8535=AXIS2_PLACEMENT_3D('',#12330,#9707,#9708);
#8536=AXIS2_PLACEMENT_3D('',#12332,#9710,#9711);
#8537=AXIS2_PLACEMENT_3D('',#12334,#9713,#9714);
#8538=AXIS2_PLACEMENT_3D('',#12336,#9716,#9717);
#8539=AXIS2_PLACEMENT_3D('',#12338,#9719,#9720);
#8540=AXIS2_PLACEMENT_3D('',#12340,#9722,#9723);
#8541=AXIS2_PLACEMENT_3D('',#12342,#9725,#9726);
#8542=AXIS2_PLACEMENT_3D('',#12344,#9728,#9729);
#8543=AXIS2_PLACEMENT_3D('',#12346,#9731,#9732);
#8544=AXIS2_PLACEMENT_3D('',#12348,#9734,#9735);
#8545=AXIS2_PLACEMENT_3D('',#12351,#9738,#9739);
#8546=AXIS2_PLACEMENT_3D('',#12353,#9741,#9742);
#8547=AXIS2_PLACEMENT_3D('',#12355,#9744,#9745);
#8548=AXIS2_PLACEMENT_3D('',#12357,#9747,#9748);
#8549=AXIS2_PLACEMENT_3D('',#12359,#9750,#9751);
#8550=AXIS2_PLACEMENT_3D('',#12361,#9753,#9754);
#8551=AXIS2_PLACEMENT_3D('',#12363,#9756,#9757);
#8552=AXIS2_PLACEMENT_3D('',#12365,#9759,#9760);
#8553=AXIS2_PLACEMENT_3D('',#12367,#9762,#9763);
#8554=AXIS2_PLACEMENT_3D('',#12369,#9765,#9766);
#8555=AXIS2_PLACEMENT_3D('',#12371,#9768,#9769);
#8556=AXIS2_PLACEMENT_3D('',#12373,#9771,#9772);
#8557=AXIS2_PLACEMENT_3D('',#12375,#9774,#9775);
#8558=AXIS2_PLACEMENT_3D('',#12377,#9777,#9778);
#8559=AXIS2_PLACEMENT_3D('',#12379,#9780,#9781);
#8560=AXIS2_PLACEMENT_3D('',#12381,#9783,#9784);
#8561=AXIS2_PLACEMENT_3D('',#12383,#9786,#9787);
#8562=AXIS2_PLACEMENT_3D('',#12385,#9789,#9790);
#8563=AXIS2_PLACEMENT_3D('',#12387,#9792,#9793);
#8564=AXIS2_PLACEMENT_3D('',#12389,#9795,#9796);
#8565=AXIS2_PLACEMENT_3D('',#12391,#9798,#9799);
#8566=AXIS2_PLACEMENT_3D('',#12393,#9801,#9802);
#8567=AXIS2_PLACEMENT_3D('',#12395,#9804,#9805);
#8568=AXIS2_PLACEMENT_3D('',#12397,#9807,#9808);
#8569=AXIS2_PLACEMENT_3D('',#12399,#9810,#9811);
#8570=AXIS2_PLACEMENT_3D('',#12401,#9813,#9814);
#8571=AXIS2_PLACEMENT_3D('',#12403,#9816,#9817);
#8572=AXIS2_PLACEMENT_3D('',#12404,#9818,#9819);
#8573=AXIS2_PLACEMENT_3D('',#12407,#9822,#9823);
#8574=AXIS2_PLACEMENT_3D('',#12409,#9825,#9826);
#8575=AXIS2_PLACEMENT_3D('',#12411,#9828,#9829);
#8576=AXIS2_PLACEMENT_3D('',#12412,#9830,#9831);
#8577=AXIS2_PLACEMENT_3D('',#12415,#9834,#9835);
#8578=AXIS2_PLACEMENT_3D('',#12417,#9837,#9838);
#8579=AXIS2_PLACEMENT_3D('',#12419,#9840,#9841);
#8580=AXIS2_PLACEMENT_3D('',#12420,#9842,#9843);
#8581=AXIS2_PLACEMENT_3D('',#12423,#9846,#9847);
#8582=AXIS2_PLACEMENT_3D('',#12425,#9849,#9850);
#8583=AXIS2_PLACEMENT_3D('',#12427,#9852,#9853);
#8584=AXIS2_PLACEMENT_3D('',#12428,#9854,#9855);
#8585=AXIS2_PLACEMENT_3D('',#12431,#9858,#9859);
#8586=AXIS2_PLACEMENT_3D('',#12433,#9861,#9862);
#8587=AXIS2_PLACEMENT_3D('',#12435,#9864,#9865);
#8588=AXIS2_PLACEMENT_3D('',#12436,#9866,#9867);
#8589=AXIS2_PLACEMENT_3D('',#12439,#9870,#9871);
#8590=AXIS2_PLACEMENT_3D('',#12441,#9873,#9874);
#8591=AXIS2_PLACEMENT_3D('',#12443,#9876,#9877);
#8592=AXIS2_PLACEMENT_3D('',#12444,#9878,#9879);
#8593=AXIS2_PLACEMENT_3D('',#12447,#9882,#9883);
#8594=AXIS2_PLACEMENT_3D('',#12449,#9885,#9886);
#8595=AXIS2_PLACEMENT_3D('',#12451,#9888,#9889);
#8596=AXIS2_PLACEMENT_3D('',#12452,#9890,#9891);
#8597=AXIS2_PLACEMENT_3D('',#12455,#9894,#9895);
#8598=AXIS2_PLACEMENT_3D('',#12457,#9897,#9898);
#8599=AXIS2_PLACEMENT_3D('',#12459,#9900,#9901);
#8600=AXIS2_PLACEMENT_3D('',#12460,#9902,#9903);
#8601=AXIS2_PLACEMENT_3D('',#12466,#9907,#9908);
#8602=AXIS2_PLACEMENT_3D('',#12469,#9911,#9912);
#8603=AXIS2_PLACEMENT_3D('',#12471,#9913,#9914);
#8604=AXIS2_PLACEMENT_3D('',#12473,#9916,#9917);
#8605=AXIS2_PLACEMENT_3D('',#12477,#9920,#9921);
#8606=AXIS2_PLACEMENT_3D('',#12479,#9922,#9923);
#8607=AXIS2_PLACEMENT_3D('',#12481,#9925,#9926);
#8608=AXIS2_PLACEMENT_3D('',#12485,#9929,#9930);
#8609=AXIS2_PLACEMENT_3D('',#12487,#9931,#9932);
#8610=AXIS2_PLACEMENT_3D('',#12489,#9934,#9935);
#8611=AXIS2_PLACEMENT_3D('',#12493,#9938,#9939);
#8612=AXIS2_PLACEMENT_3D('',#12494,#9940,#9941);
#8613=AXIS2_PLACEMENT_3D('',#12495,#9942,#9943);
#8614=AXIS2_PLACEMENT_3D('',#12497,#9945,#9946);
#8615=AXIS2_PLACEMENT_3D('',#12499,#9948,#9949);
#8616=AXIS2_PLACEMENT_3D('',#12501,#9951,#9952);
#8617=AXIS2_PLACEMENT_3D('',#12503,#9954,#9955);
#8618=AXIS2_PLACEMENT_3D('',#12505,#9957,#9958);
#8619=AXIS2_PLACEMENT_3D('',#12507,#9960,#9961);
#8620=AXIS2_PLACEMENT_3D('',#12508,#9962,#9963);
#8621=AXIS2_PLACEMENT_3D('',#12511,#9966,#9967);
#8622=AXIS2_PLACEMENT_3D('',#12513,#9969,#9970);
#8623=AXIS2_PLACEMENT_3D('',#12515,#9972,#9973);
#8624=AXIS2_PLACEMENT_3D('',#12516,#9974,#9975);
#8625=AXIS2_PLACEMENT_3D('',#12519,#9978,#9979);
#8626=AXIS2_PLACEMENT_3D('',#12521,#9981,#9982);
#8627=AXIS2_PLACEMENT_3D('',#12523,#9984,#9985);
#8628=AXIS2_PLACEMENT_3D('',#12524,#9986,#9987);
#8629=AXIS2_PLACEMENT_3D('',#12527,#9990,#9991);
#8630=AXIS2_PLACEMENT_3D('',#12529,#9993,#9994);
#8631=AXIS2_PLACEMENT_3D('',#12531,#9996,#9997);
#8632=AXIS2_PLACEMENT_3D('',#12532,#9998,#9999);
#8633=AXIS2_PLACEMENT_3D('',#12535,#10002,#10003);
#8634=AXIS2_PLACEMENT_3D('',#12537,#10005,#10006);
#8635=AXIS2_PLACEMENT_3D('',#12539,#10008,#10009);
#8636=AXIS2_PLACEMENT_3D('',#12540,#10010,#10011);
#8637=AXIS2_PLACEMENT_3D('',#12544,#10013,#10014);
#8638=AXIS2_PLACEMENT_3D('',#12546,#10016,#10017);
#8639=AXIS2_PLACEMENT_3D('',#12550,#10020,#10021);
#8640=AXIS2_PLACEMENT_3D('',#12552,#10022,#10023);
#8641=AXIS2_PLACEMENT_3D('',#12554,#10025,#10026);
#8642=AXIS2_PLACEMENT_3D('',#12558,#10029,#10030);
#8643=AXIS2_PLACEMENT_3D('',#12560,#10031,#10032);
#8644=AXIS2_PLACEMENT_3D('',#12562,#10034,#10035);
#8645=AXIS2_PLACEMENT_3D('',#12566,#10038,#10039);
#8646=AXIS2_PLACEMENT_3D('',#12568,#10040,#10041);
#8647=AXIS2_PLACEMENT_3D('',#12570,#10043,#10044);
#8648=AXIS2_PLACEMENT_3D('',#12572,#10046,#10047);
#8649=AXIS2_PLACEMENT_3D('',#12578,#10051,#10052);
#8650=AXIS2_PLACEMENT_3D('',#12581,#10055,#10056);
#8651=AXIS2_PLACEMENT_3D('',#12583,#10057,#10058);
#8652=AXIS2_PLACEMENT_3D('',#12585,#10060,#10061);
#8653=AXIS2_PLACEMENT_3D('',#12589,#10064,#10065);
#8654=AXIS2_PLACEMENT_3D('',#12591,#10066,#10067);
#8655=AXIS2_PLACEMENT_3D('',#12593,#10069,#10070);
#8656=AXIS2_PLACEMENT_3D('',#12597,#10073,#10074);
#8657=AXIS2_PLACEMENT_3D('',#12600,#10076,#10077);
#8658=AXIS2_PLACEMENT_3D('',#12601,#10078,#10079);
#8659=AXIS2_PLACEMENT_3D('',#12605,#10082,#10083);
#8660=AXIS2_PLACEMENT_3D('',#12606,#10084,#10085);
#8661=AXIS2_PLACEMENT_3D('',#12607,#10086,#10087);
#8662=AXIS2_PLACEMENT_3D('',#12609,#10089,#10090);
#8663=AXIS2_PLACEMENT_3D('',#12611,#10092,#10093);
#8664=AXIS2_PLACEMENT_3D('',#12613,#10095,#10096);
#8665=AXIS2_PLACEMENT_3D('',#12615,#10098,#10099);
#8666=AXIS2_PLACEMENT_3D('',#12617,#10101,#10102);
#8667=AXIS2_PLACEMENT_3D('',#12619,#10104,#10105);
#8668=AXIS2_PLACEMENT_3D('',#12620,#10106,#10107);
#8669=AXIS2_PLACEMENT_3D('',#12624,#10109,#10110);
#8670=AXIS2_PLACEMENT_3D('',#12626,#10112,#10113);
#8671=AXIS2_PLACEMENT_3D('',#12630,#10116,#10117);
#8672=AXIS2_PLACEMENT_3D('',#12632,#10118,#10119);
#8673=AXIS2_PLACEMENT_3D('',#12634,#10121,#10122);
#8674=AXIS2_PLACEMENT_3D('',#12638,#10125,#10126);
#8675=AXIS2_PLACEMENT_3D('',#12640,#10127,#10128);
#8676=AXIS2_PLACEMENT_3D('',#12642,#10130,#10131);
#8677=AXIS2_PLACEMENT_3D('',#12646,#10134,#10135);
#8678=AXIS2_PLACEMENT_3D('',#12648,#10136,#10137);
#8679=AXIS2_PLACEMENT_3D('',#12650,#10139,#10140);
#8680=AXIS2_PLACEMENT_3D('',#12652,#10142,#10143);
#8681=AXIS2_PLACEMENT_3D('',#12658,#10147,#10148);
#8682=AXIS2_PLACEMENT_3D('',#12660,#10149,#10150);
#8683=AXIS2_PLACEMENT_3D('',#12662,#10152,#10153);
#8684=AXIS2_PLACEMENT_3D('',#12666,#10156,#10157);
#8685=AXIS2_PLACEMENT_3D('',#12668,#10158,#10159);
#8686=AXIS2_PLACEMENT_3D('',#12670,#10161,#10162);
#8687=AXIS2_PLACEMENT_3D('',#12674,#10165,#10166);
#8688=AXIS2_PLACEMENT_3D('',#12676,#10167,#10168);
#8689=AXIS2_PLACEMENT_3D('',#12678,#10170,#10171);
#8690=AXIS2_PLACEMENT_3D('',#12682,#10174,#10175);
#8691=AXIS2_PLACEMENT_3D('',#12683,#10176,#10177);
#8692=AXIS2_PLACEMENT_3D('',#12684,#10178,#10179);
#8693=AXIS2_PLACEMENT_3D('',#12687,#10182,#10183);
#8694=AXIS2_PLACEMENT_3D('',#12689,#10185,#10186);
#8695=AXIS2_PLACEMENT_3D('',#12691,#10188,#10189);
#8696=AXIS2_PLACEMENT_3D('',#12693,#10191,#10192);
#8697=AXIS2_PLACEMENT_3D('',#12695,#10194,#10195);
#8698=AXIS2_PLACEMENT_3D('',#12697,#10197,#10198);
#8699=AXIS2_PLACEMENT_3D('',#12699,#10200,#10201);
#8700=AXIS2_PLACEMENT_3D('',#12700,#10202,#10203);
#8701=AXIS2_PLACEMENT_3D('',#12701,#10204,#10205);
#8702=AXIS2_PLACEMENT_3D('',#12704,#10206,#10207);
#8703=AXIS2_PLACEMENT_3D('',#12706,#10208,#10209);
#8704=AXIS2_PLACEMENT_3D('',#12708,#10210,#10211);
#8705=AXIS2_PLACEMENT_3D('',#12712,#10213,#10214);
#8706=AXIS2_PLACEMENT_3D('',#12716,#10216,#10217);
#8707=AXIS2_PLACEMENT_3D('',#12720,#10219,#10220);
#8708=AXIS2_PLACEMENT_3D('',#12722,#10221,#10222);
#8709=AXIS2_PLACEMENT_3D('',#12724,#10223,#10224);
#8710=AXIS2_PLACEMENT_3D('',#12728,#10226,#10227);
#8711=AXIS2_PLACEMENT_3D('',#12732,#10229,#10230);
#8712=AXIS2_PLACEMENT_3D('',#12735,#10232,#10233);
#8713=AXIS2_PLACEMENT_3D('',#12737,#10234,#10235);
#8714=AXIS2_PLACEMENT_3D('',#12739,#10236,#10237);
#8715=AXIS2_PLACEMENT_3D('',#12741,#10238,#10239);
#8716=AXIS2_PLACEMENT_3D('',#12743,#10240,#10241);
#8717=AXIS2_PLACEMENT_3D('',#12745,#10242,#10243);
#8718=AXIS2_PLACEMENT_3D('',#12747,#10244,#10245);
#8719=AXIS2_PLACEMENT_3D('',#12749,#10246,#10247);
#8720=AXIS2_PLACEMENT_3D('',#12752,#10248,#10249);
#8721=AXIS2_PLACEMENT_3D('',#12756,#10251,#10252);
#8722=AXIS2_PLACEMENT_3D('',#12760,#10254,#10255);
#8723=AXIS2_PLACEMENT_3D('',#12764,#10257,#10258);
#8724=AXIS2_PLACEMENT_3D('',#12768,#10260,#10261);
#8725=AXIS2_PLACEMENT_3D('',#12772,#10263,#10264);
#8726=AXIS2_PLACEMENT_3D('',#12776,#10266,#10267);
#8727=AXIS2_PLACEMENT_3D('',#12780,#10269,#10270);
#8728=AXIS2_PLACEMENT_3D('',#12784,#10272,#10273);
#8729=AXIS2_PLACEMENT_3D('',#12788,#10275,#10276);
#8730=AXIS2_PLACEMENT_3D('',#12792,#10278,#10279);
#8731=AXIS2_PLACEMENT_3D('',#12796,#10281,#10282);
#8732=AXIS2_PLACEMENT_3D('',#12799,#10284,#10285);
#8733=AXIS2_PLACEMENT_3D('',#12801,#10286,#10287);
#8734=AXIS2_PLACEMENT_3D('',#12803,#10288,#10289);
#8735=AXIS2_PLACEMENT_3D('',#12805,#10290,#10291);
#8736=AXIS2_PLACEMENT_3D('',#12807,#10292,#10293);
#8737=AXIS2_PLACEMENT_3D('',#12809,#10294,#10295);
#8738=AXIS2_PLACEMENT_3D('',#12810,#10296,#10297);
#8739=AXIS2_PLACEMENT_3D('',#12813,#10299,#10300);
#8740=AXIS2_PLACEMENT_3D('',#12814,#10301,#10302);
#8741=AXIS2_PLACEMENT_3D('',#12817,#10303,#10304);
#8742=AXIS2_PLACEMENT_3D('',#12821,#10306,#10307);
#8743=AXIS2_PLACEMENT_3D('',#12825,#10309,#10310);
#8744=AXIS2_PLACEMENT_3D('',#12829,#10312,#10313);
#8745=AXIS2_PLACEMENT_3D('',#12831,#10314,#10315);
#8746=AXIS2_PLACEMENT_3D('',#12833,#10316,#10317);
#8747=AXIS2_PLACEMENT_3D('',#12837,#10319,#10320);
#8748=AXIS2_PLACEMENT_3D('',#12841,#10322,#10323);
#8749=AXIS2_PLACEMENT_3D('',#12845,#10325,#10326);
#8750=AXIS2_PLACEMENT_3D('',#12846,#10327,#10328);
#8751=AXIS2_PLACEMENT_3D('',#12848,#10329,#10330);
#8752=AXIS2_PLACEMENT_3D('',#12850,#10331,#10332);
#8753=AXIS2_PLACEMENT_3D('',#12852,#10333,#10334);
#8754=AXIS2_PLACEMENT_3D('',#12854,#10335,#10336);
#8755=AXIS2_PLACEMENT_3D('',#12856,#10337,#10338);
#8756=AXIS2_PLACEMENT_3D('',#12858,#10339,#10340);
#8757=AXIS2_PLACEMENT_3D('',#12860,#10341,#10342);
#8758=AXIS2_PLACEMENT_3D('',#12862,#10343,#10344);
#8759=AXIS2_PLACEMENT_3D('',#12864,#10345,#10346);
#8760=AXIS2_PLACEMENT_3D('',#12866,#10347,#10348);
#8761=AXIS2_PLACEMENT_3D('',#12868,#10349,#10350);
#8762=AXIS2_PLACEMENT_3D('',#12870,#10351,#10352);
#8763=AXIS2_PLACEMENT_3D('',#12872,#10353,#10354);
#8764=AXIS2_PLACEMENT_3D('',#12875,#10355,#10356);
#8765=AXIS2_PLACEMENT_3D('',#12879,#10358,#10359);
#8766=AXIS2_PLACEMENT_3D('',#12883,#10361,#10362);
#8767=AXIS2_PLACEMENT_3D('',#12887,#10364,#10365);
#8768=AXIS2_PLACEMENT_3D('',#12891,#10367,#10368);
#8769=AXIS2_PLACEMENT_3D('',#12895,#10370,#10371);
#8770=AXIS2_PLACEMENT_3D('',#12899,#10373,#10374);
#8771=AXIS2_PLACEMENT_3D('',#12903,#10376,#10377);
#8772=AXIS2_PLACEMENT_3D('',#12907,#10379,#10380);
#8773=AXIS2_PLACEMENT_3D('',#12911,#10382,#10383);
#8774=AXIS2_PLACEMENT_3D('',#12915,#10385,#10386);
#8775=AXIS2_PLACEMENT_3D('',#12919,#10388,#10389);
#8776=AXIS2_PLACEMENT_3D('',#12921,#10391,#10392);
#8777=AXIS2_PLACEMENT_3D('',#12923,#10394,#10395);
#8778=AXIS2_PLACEMENT_3D('',#12925,#10397,#10398);
#8779=AXIS2_PLACEMENT_3D('',#12927,#10400,#10401);
#8780=AXIS2_PLACEMENT_3D('',#12929,#10403,#10404);
#8781=AXIS2_PLACEMENT_3D('',#12931,#10406,#10407);
#8782=AXIS2_PLACEMENT_3D('',#12933,#10409,#10410);
#8783=AXIS2_PLACEMENT_3D('',#12935,#10412,#10413);
#8784=AXIS2_PLACEMENT_3D('',#12938,#10416,#10417);
#8785=AXIS2_PLACEMENT_3D('',#12940,#10419,#10420);
#8786=AXIS2_PLACEMENT_3D('',#12942,#10422,#10423);
#8787=AXIS2_PLACEMENT_3D('',#12944,#10425,#10426);
#8788=AXIS2_PLACEMENT_3D('',#12946,#10428,#10429);
#8789=AXIS2_PLACEMENT_3D('',#12948,#10431,#10432);
#8790=AXIS2_PLACEMENT_3D('',#12950,#10434,#10435);
#8791=AXIS2_PLACEMENT_3D('',#12952,#10437,#10438);
#8792=AXIS2_PLACEMENT_3D('',#12954,#10440,#10441);
#8793=AXIS2_PLACEMENT_3D('',#12956,#10443,#10444);
#8794=AXIS2_PLACEMENT_3D('',#12958,#10446,#10447);
#8795=AXIS2_PLACEMENT_3D('',#12960,#10449,#10450);
#8796=AXIS2_PLACEMENT_3D('',#12962,#10452,#10453);
#8797=AXIS2_PLACEMENT_3D('',#12964,#10455,#10456);
#8798=AXIS2_PLACEMENT_3D('',#12966,#10458,#10459);
#8799=AXIS2_PLACEMENT_3D('',#12967,#10460,#10461);
#8800=AXIS2_PLACEMENT_3D('',#12969,#10463,#10464);
#8801=AXIS2_PLACEMENT_3D('',#12971,#10466,#10467);
#8802=AXIS2_PLACEMENT_3D('',#12973,#10469,#10470);
#8803=AXIS2_PLACEMENT_3D('',#12975,#10472,#10473);
#8804=AXIS2_PLACEMENT_3D('',#12977,#10475,#10476);
#8805=AXIS2_PLACEMENT_3D('',#12979,#10478,#10479);
#8806=AXIS2_PLACEMENT_3D('',#12983,#10481,#10482);
#8807=AXIS2_PLACEMENT_3D('',#12985,#10484,#10485);
#8808=AXIS2_PLACEMENT_3D('',#12989,#10488,#10489);
#8809=AXIS2_PLACEMENT_3D('',#12991,#10490,#10491);
#8810=AXIS2_PLACEMENT_3D('',#12993,#10493,#10494);
#8811=AXIS2_PLACEMENT_3D('',#12997,#10497,#10498);
#8812=AXIS2_PLACEMENT_3D('',#12999,#10499,#10500);
#8813=AXIS2_PLACEMENT_3D('',#13001,#10502,#10503);
#8814=AXIS2_PLACEMENT_3D('',#13005,#10506,#10507);
#8815=AXIS2_PLACEMENT_3D('',#13007,#10508,#10509);
#8816=AXIS2_PLACEMENT_3D('',#13009,#10511,#10512);
#8817=AXIS2_PLACEMENT_3D('',#13013,#10515,#10516);
#8818=AXIS2_PLACEMENT_3D('',#13015,#10517,#10518);
#8819=AXIS2_PLACEMENT_3D('',#13017,#10520,#10521);
#8820=AXIS2_PLACEMENT_3D('',#13021,#10524,#10525);
#8821=AXIS2_PLACEMENT_3D('',#13023,#10526,#10527);
#8822=AXIS2_PLACEMENT_3D('',#13025,#10529,#10530);
#8823=AXIS2_PLACEMENT_3D('',#13029,#10533,#10534);
#8824=AXIS2_PLACEMENT_3D('',#13031,#10535,#10536);
#8825=AXIS2_PLACEMENT_3D('',#13033,#10538,#10539);
#8826=AXIS2_PLACEMENT_3D('',#13037,#10542,#10543);
#8827=AXIS2_PLACEMENT_3D('',#13039,#10544,#10545);
#8828=AXIS2_PLACEMENT_3D('',#13041,#10547,#10548);
#8829=AXIS2_PLACEMENT_3D('',#13045,#10551,#10552);
#8830=AXIS2_PLACEMENT_3D('',#13047,#10553,#10554);
#8831=AXIS2_PLACEMENT_3D('',#13049,#10556,#10557);
#8832=AXIS2_PLACEMENT_3D('',#13053,#10560,#10561);
#8833=AXIS2_PLACEMENT_3D('',#13055,#10562,#10563);
#8834=AXIS2_PLACEMENT_3D('',#13057,#10565,#10566);
#8835=AXIS2_PLACEMENT_3D('',#13061,#10569,#10570);
#8836=AXIS2_PLACEMENT_3D('',#13063,#10571,#10572);
#8837=AXIS2_PLACEMENT_3D('',#13065,#10574,#10575);
#8838=AXIS2_PLACEMENT_3D('',#13069,#10578,#10579);
#8839=AXIS2_PLACEMENT_3D('',#13071,#10580,#10581);
#8840=AXIS2_PLACEMENT_3D('',#13073,#10583,#10584);
#8841=AXIS2_PLACEMENT_3D('',#13075,#10586,#10587);
#8842=AXIS2_PLACEMENT_3D('',#13078,#10590,#10591);
#8843=AXIS2_PLACEMENT_3D('',#13080,#10593,#10594);
#8844=AXIS2_PLACEMENT_3D('',#13082,#10596,#10597);
#8845=AXIS2_PLACEMENT_3D('',#13084,#10599,#10600);
#8846=AXIS2_PLACEMENT_3D('',#13086,#10602,#10603);
#8847=AXIS2_PLACEMENT_3D('',#13088,#10605,#10606);
#8848=AXIS2_PLACEMENT_3D('',#13090,#10608,#10609);
#8849=AXIS2_PLACEMENT_3D('',#13092,#10611,#10612);
#8850=AXIS2_PLACEMENT_3D('',#13094,#10614,#10615);
#8851=AXIS2_PLACEMENT_3D('',#13096,#10617,#10618);
#8852=AXIS2_PLACEMENT_3D('',#13098,#10620,#10621);
#8853=AXIS2_PLACEMENT_3D('',#13100,#10623,#10624);
#8854=AXIS2_PLACEMENT_3D('',#13102,#10626,#10627);
#8855=AXIS2_PLACEMENT_3D('',#13104,#10629,#10630);
#8856=AXIS2_PLACEMENT_3D('',#13106,#10632,#10633);
#8857=AXIS2_PLACEMENT_3D('',#13108,#10635,#10636);
#8858=AXIS2_PLACEMENT_3D('',#13110,#10638,#10639);
#8859=AXIS2_PLACEMENT_3D('',#13112,#10641,#10642);
#8860=AXIS2_PLACEMENT_3D('',#13114,#10644,#10645);
#8861=AXIS2_PLACEMENT_3D('',#13116,#10647,#10648);
#8862=AXIS2_PLACEMENT_3D('',#13118,#10650,#10651);
#8863=AXIS2_PLACEMENT_3D('',#13120,#10653,#10654);
#8864=AXIS2_PLACEMENT_3D('',#13122,#10656,#10657);
#8865=AXIS2_PLACEMENT_3D('',#13123,#10658,#10659);
#8866=AXIS2_PLACEMENT_3D('',#13124,#10660,#10661);
#8867=AXIS2_PLACEMENT_3D('',#13127,#10662,#10663);
#8868=AXIS2_PLACEMENT_3D('',#13131,#10665,#10666);
#8869=AXIS2_PLACEMENT_3D('',#13135,#10668,#10669);
#8870=AXIS2_PLACEMENT_3D('',#13139,#10671,#10672);
#8871=AXIS2_PLACEMENT_3D('',#13142,#10674,#10675);
#8872=AXIS2_PLACEMENT_3D('',#13144,#10676,#10677);
#8873=AXIS2_PLACEMENT_3D('',#13146,#10678,#10679);
#8874=AXIS2_PLACEMENT_3D('',#13148,#10680,#10681);
#8875=AXIS2_PLACEMENT_3D('',#13150,#10682,#10683);
#8876=AXIS2_PLACEMENT_3D('',#13152,#10684,#10685);
#8877=AXIS2_PLACEMENT_3D('',#13154,#10686,#10687);
#8878=AXIS2_PLACEMENT_3D('',#13156,#10688,#10689);
#8879=AXIS2_PLACEMENT_3D('',#13158,#10690,#10691);
#8880=AXIS2_PLACEMENT_3D('',#13160,#10692,#10693);
#8881=AXIS2_PLACEMENT_3D('',#13165,#10695,#10696);
#8882=AXIS2_PLACEMENT_3D('',#13169,#10698,#10699);
#8883=AXIS2_PLACEMENT_3D('',#13172,#10701,#10702);
#8884=AXIS2_PLACEMENT_3D('',#13175,#10703,#10704);
#8885=AXIS2_PLACEMENT_3D('',#13179,#10706,#10707);
#8886=AXIS2_PLACEMENT_3D('',#13183,#10709,#10710);
#8887=AXIS2_PLACEMENT_3D('',#13187,#10712,#10713);
#8888=AXIS2_PLACEMENT_3D('',#13191,#10715,#10716);
#8889=AXIS2_PLACEMENT_3D('',#13195,#10718,#10719);
#8890=AXIS2_PLACEMENT_3D('',#13201,#10722,#10723);
#8891=AXIS2_PLACEMENT_3D('',#13205,#10725,#10726);
#8892=AXIS2_PLACEMENT_3D('',#13208,#10728,#10729);
#8893=AXIS2_PLACEMENT_3D('',#13211,#10730,#10731);
#8894=AXIS2_PLACEMENT_3D('',#13215,#10733,#10734);
#8895=AXIS2_PLACEMENT_3D('',#13219,#10736,#10737);
#8896=AXIS2_PLACEMENT_3D('',#13223,#10739,#10740);
#8897=AXIS2_PLACEMENT_3D('',#13229,#10743,#10744);
#8898=AXIS2_PLACEMENT_3D('',#13233,#10746,#10747);
#8899=AXIS2_PLACEMENT_3D('',#13237,#10749,#10750);
#8900=AXIS2_PLACEMENT_3D('',#13240,#10752,#10753);
#8901=AXIS2_PLACEMENT_3D('',#13241,#10754,#10755);
#8902=AXIS2_PLACEMENT_3D('',#13245,#10757,#10758);
#8903=AXIS2_PLACEMENT_3D('',#13247,#10760,#10761);
#8904=AXIS2_PLACEMENT_3D('',#13251,#10764,#10765);
#8905=AXIS2_PLACEMENT_3D('',#13253,#10766,#10767);
#8906=AXIS2_PLACEMENT_3D('',#13255,#10769,#10770);
#8907=AXIS2_PLACEMENT_3D('',#13259,#10773,#10774);
#8908=AXIS2_PLACEMENT_3D('',#13261,#10775,#10776);
#8909=AXIS2_PLACEMENT_3D('',#13263,#10778,#10779);
#8910=AXIS2_PLACEMENT_3D('',#13267,#10782,#10783);
#8911=AXIS2_PLACEMENT_3D('',#13269,#10784,#10785);
#8912=AXIS2_PLACEMENT_3D('',#13271,#10787,#10788);
#8913=AXIS2_PLACEMENT_3D('',#13273,#10790,#10791);
#8914=AXIS2_PLACEMENT_3D('',#13275,#10792,#10793);
#8915=AXIS2_PLACEMENT_3D('',#13277,#10794,#10795);
#8916=AXIS2_PLACEMENT_3D('',#13279,#10796,#10797);
#8917=AXIS2_PLACEMENT_3D('',#13281,#10798,#10799);
#8918=AXIS2_PLACEMENT_3D('',#13283,#10800,#10801);
#8919=AXIS2_PLACEMENT_3D('',#13285,#10802,#10803);
#8920=AXIS2_PLACEMENT_3D('',#13287,#10804,#10805);
#8921=AXIS2_PLACEMENT_3D('',#13289,#10806,#10807);
#8922=AXIS2_PLACEMENT_3D('',#13291,#10808,#10809);
#8923=AXIS2_PLACEMENT_3D('',#13293,#10810,#10811);
#8924=AXIS2_PLACEMENT_3D('',#13298,#10813,#10814);
#8925=AXIS2_PLACEMENT_3D('',#13302,#10816,#10817);
#8926=AXIS2_PLACEMENT_3D('',#13305,#10819,#10820);
#8927=AXIS2_PLACEMENT_3D('',#13308,#10821,#10822);
#8928=AXIS2_PLACEMENT_3D('',#13312,#10824,#10825);
#8929=AXIS2_PLACEMENT_3D('',#13316,#10827,#10828);
#8930=AXIS2_PLACEMENT_3D('',#13320,#10830,#10831);
#8931=AXIS2_PLACEMENT_3D('',#13324,#10833,#10834);
#8932=AXIS2_PLACEMENT_3D('',#13328,#10836,#10837);
#8933=AXIS2_PLACEMENT_3D('',#13334,#10840,#10841);
#8934=AXIS2_PLACEMENT_3D('',#13338,#10843,#10844);
#8935=AXIS2_PLACEMENT_3D('',#13341,#10846,#10847);
#8936=AXIS2_PLACEMENT_3D('',#13344,#10848,#10849);
#8937=AXIS2_PLACEMENT_3D('',#13348,#10851,#10852);
#8938=AXIS2_PLACEMENT_3D('',#13352,#10854,#10855);
#8939=AXIS2_PLACEMENT_3D('',#13356,#10857,#10858);
#8940=AXIS2_PLACEMENT_3D('',#13362,#10861,#10862);
#8941=AXIS2_PLACEMENT_3D('',#13366,#10864,#10865);
#8942=AXIS2_PLACEMENT_3D('',#13370,#10867,#10868);
#8943=AXIS2_PLACEMENT_3D('',#13373,#10870,#10871);
#8944=AXIS2_PLACEMENT_3D('',#13374,#10872,#10873);
#8945=AXIS2_PLACEMENT_3D('',#13376,#10875,#10876);
#8946=AXIS2_PLACEMENT_3D('',#13378,#10878,#10879);
#8947=AXIS2_PLACEMENT_3D('',#13380,#10881,#10882);
#8948=AXIS2_PLACEMENT_3D('',#13382,#10884,#10885);
#8949=AXIS2_PLACEMENT_3D('',#13384,#10887,#10888);
#8950=AXIS2_PLACEMENT_3D('',#13386,#10890,#10891);
#8951=AXIS2_PLACEMENT_3D('',#13388,#10893,#10894);
#8952=AXIS2_PLACEMENT_3D('',#13390,#10896,#10897);
#8953=AXIS2_PLACEMENT_3D('',#13392,#10899,#10900);
#8954=AXIS2_PLACEMENT_3D('',#13394,#10902,#10903);
#8955=AXIS2_PLACEMENT_3D('',#13397,#10906,#10907);
#8956=AXIS2_PLACEMENT_3D('',#13399,#10909,#10910);
#8957=AXIS2_PLACEMENT_3D('',#13401,#10912,#10913);
#8958=AXIS2_PLACEMENT_3D('',#13403,#10915,#10916);
#8959=AXIS2_PLACEMENT_3D('',#13405,#10918,#10919);
#8960=AXIS2_PLACEMENT_3D('',#13406,#10920,#10921);
#8961=AXIS2_PLACEMENT_3D('',#13409,#10924,#10925);
#8962=AXIS2_PLACEMENT_3D('',#13411,#10927,#10928);
#8963=AXIS2_PLACEMENT_3D('',#13413,#10930,#10931);
#8964=AXIS2_PLACEMENT_3D('',#13415,#10933,#10934);
#8965=AXIS2_PLACEMENT_3D('',#13417,#10936,#10937);
#8966=AXIS2_PLACEMENT_3D('',#13418,#10938,#10939);
#8967=AXIS2_PLACEMENT_3D('',#13421,#10942,#10943);
#8968=AXIS2_PLACEMENT_3D('',#13423,#10945,#10946);
#8969=AXIS2_PLACEMENT_3D('',#13425,#10948,#10949);
#8970=AXIS2_PLACEMENT_3D('',#13427,#10951,#10952);
#8971=AXIS2_PLACEMENT_3D('',#13429,#10954,#10955);
#8972=AXIS2_PLACEMENT_3D('',#13430,#10956,#10957);
#8973=AXIS2_PLACEMENT_3D('',#13433,#10960,#10961);
#8974=AXIS2_PLACEMENT_3D('',#13435,#10963,#10964);
#8975=AXIS2_PLACEMENT_3D('',#13437,#10966,#10967);
#8976=AXIS2_PLACEMENT_3D('',#13439,#10969,#10970);
#8977=AXIS2_PLACEMENT_3D('',#13441,#10972,#10973);
#8978=AXIS2_PLACEMENT_3D('',#13442,#10974,#10975);
#8979=AXIS2_PLACEMENT_3D('',#13446,#10977,#10978);
#8980=AXIS2_PLACEMENT_3D('',#13448,#10980,#10981);
#8981=AXIS2_PLACEMENT_3D('',#13452,#10984,#10985);
#8982=AXIS2_PLACEMENT_3D('',#13454,#10986,#10987);
#8983=AXIS2_PLACEMENT_3D('',#13456,#10989,#10990);
#8984=AXIS2_PLACEMENT_3D('',#13458,#10992,#10993);
#8985=AXIS2_PLACEMENT_3D('',#13464,#10997,#10998);
#8986=AXIS2_PLACEMENT_3D('',#13467,#11001,#11002);
#8987=AXIS2_PLACEMENT_3D('',#13469,#11003,#11004);
#8988=AXIS2_PLACEMENT_3D('',#13471,#11006,#11007);
#8989=AXIS2_PLACEMENT_3D('',#13475,#11010,#11011);
#8990=AXIS2_PLACEMENT_3D('',#13476,#11012,#11013);
#8991=AXIS2_PLACEMENT_3D('',#13477,#11014,#11015);
#8992=AXIS2_PLACEMENT_3D('',#13479,#11017,#11018);
#8993=AXIS2_PLACEMENT_3D('',#13481,#11020,#11021);
#8994=AXIS2_PLACEMENT_3D('',#13482,#11022,#11023);
#8995=AXIS2_PLACEMENT_3D('',#13486,#11025,#11026);
#8996=AXIS2_PLACEMENT_3D('',#13488,#11028,#11029);
#8997=AXIS2_PLACEMENT_3D('',#13492,#11032,#11033);
#8998=AXIS2_PLACEMENT_3D('',#13494,#11034,#11035);
#8999=AXIS2_PLACEMENT_3D('',#13496,#11037,#11038);
#9000=AXIS2_PLACEMENT_3D('',#13498,#11040,#11041);
#9001=AXIS2_PLACEMENT_3D('',#13504,#11045,#11046);
#9002=AXIS2_PLACEMENT_3D('',#13507,#11049,#11050);
#9003=AXIS2_PLACEMENT_3D('',#13509,#11051,#11052);
#9004=AXIS2_PLACEMENT_3D('',#13511,#11054,#11055);
#9005=AXIS2_PLACEMENT_3D('',#13515,#11058,#11059);
#9006=AXIS2_PLACEMENT_3D('',#13516,#11060,#11061);
#9007=AXIS2_PLACEMENT_3D('',#13517,#11062,#11063);
#9008=AXIS2_PLACEMENT_3D('',#13519,#11065,#11066);
#9009=AXIS2_PLACEMENT_3D('',#13521,#11068,#11069);
#9010=AXIS2_PLACEMENT_3D('',#13522,#11070,#11071);
#9011=AXIS2_PLACEMENT_3D('',#13525,#11074,#11075);
#9012=AXIS2_PLACEMENT_3D('',#13527,#11077,#11078);
#9013=AXIS2_PLACEMENT_3D('',#13529,#11080,#11081);
#9014=AXIS2_PLACEMENT_3D('',#13531,#11083,#11084);
#9015=AXIS2_PLACEMENT_3D('',#13533,#11086,#11087);
#9016=AXIS2_PLACEMENT_3D('',#13535,#11089,#11090);
#9017=AXIS2_PLACEMENT_3D('',#13537,#11092,#11093);
#9018=AXIS2_PLACEMENT_3D('',#13538,#11094,#11095);
#9019=AXIS2_PLACEMENT_3D('',#13539,#11096,#11097);
#9020=AXIS2_PLACEMENT_3D('',#13542,#11098,#11099);
#9021=AXIS2_PLACEMENT_3D('',#13546,#11101,#11102);
#9022=AXIS2_PLACEMENT_3D('',#13550,#11104,#11105);
#9023=AXIS2_PLACEMENT_3D('',#13554,#11107,#11108);
#9024=AXIS2_PLACEMENT_3D('',#13556,#11109,#11110);
#9025=AXIS2_PLACEMENT_3D('',#13560,#11112,#11113);
#9026=AXIS2_PLACEMENT_3D('',#13564,#11115,#11116);
#9027=AXIS2_PLACEMENT_3D('',#13568,#11118,#11119);
#9028=AXIS2_PLACEMENT_3D('',#13572,#11121,#11122);
#9029=AXIS2_PLACEMENT_3D('',#13574,#11123,#11124);
#9030=AXIS2_PLACEMENT_3D('',#13577,#11126,#11127);
#9031=AXIS2_PLACEMENT_3D('',#13579,#11128,#11129);
#9032=AXIS2_PLACEMENT_3D('',#13581,#11130,#11131);
#9033=AXIS2_PLACEMENT_3D('',#13583,#11132,#11133);
#9034=AXIS2_PLACEMENT_3D('',#13585,#11134,#11135);
#9035=AXIS2_PLACEMENT_3D('',#13587,#11136,#11137);
#9036=AXIS2_PLACEMENT_3D('',#13589,#11138,#11139);
#9037=AXIS2_PLACEMENT_3D('',#13591,#11140,#11141);
#9038=AXIS2_PLACEMENT_3D('',#13592,#11142,#11143);
#9039=AXIS2_PLACEMENT_3D('',#13595,#11145,#11146);
#9040=AXIS2_PLACEMENT_3D('',#13596,#11147,#11148);
#9041=AXIS2_PLACEMENT_3D('',#13599,#11149,#11150);
#9042=AXIS2_PLACEMENT_3D('',#13601,#11151,#11152);
#9043=AXIS2_PLACEMENT_3D('',#13605,#11154,#11155);
#9044=AXIS2_PLACEMENT_3D('',#13609,#11157,#11158);
#9045=AXIS2_PLACEMENT_3D('',#13613,#11160,#11161);
#9046=AXIS2_PLACEMENT_3D('',#13617,#11163,#11164);
#9047=AXIS2_PLACEMENT_3D('',#13619,#11165,#11166);
#9048=AXIS2_PLACEMENT_3D('',#13623,#11168,#11169);
#9049=AXIS2_PLACEMENT_3D('',#13627,#11171,#11172);
#9050=AXIS2_PLACEMENT_3D('',#13631,#11174,#11175);
#9051=AXIS2_PLACEMENT_3D('',#13634,#11177,#11178);
#9052=AXIS2_PLACEMENT_3D('',#13636,#11179,#11180);
#9053=AXIS2_PLACEMENT_3D('',#13638,#11181,#11182);
#9054=AXIS2_PLACEMENT_3D('',#13640,#11183,#11184);
#9055=AXIS2_PLACEMENT_3D('',#13642,#11185,#11186);
#9056=AXIS2_PLACEMENT_3D('',#13644,#11187,#11188);
#9057=AXIS2_PLACEMENT_3D('',#13646,#11189,#11190);
#9058=AXIS2_PLACEMENT_3D('',#13647,#11191,#11192);
#9059=AXIS2_PLACEMENT_3D('',#13649,#11194,#11195);
#9060=AXIS2_PLACEMENT_3D('',#13651,#11197,#11198);
#9061=AXIS2_PLACEMENT_3D('',#13653,#11200,#11201);
#9062=AXIS2_PLACEMENT_3D('',#13655,#11203,#11204);
#9063=AXIS2_PLACEMENT_3D('',#13657,#11206,#11207);
#9064=AXIS2_PLACEMENT_3D('',#13659,#11209,#11210);
#9065=AXIS2_PLACEMENT_3D('',#13661,#11212,#11213);
#9066=AXIS2_PLACEMENT_3D('',#13665,#11215,#11216);
#9067=AXIS2_PLACEMENT_3D('',#13667,#11218,#11219);
#9068=AXIS2_PLACEMENT_3D('',#13669,#11220,#11221);
#9069=AXIS2_PLACEMENT_3D('',#13671,#11223,#11224);
#9070=AXIS2_PLACEMENT_3D('',#13675,#11227,#11228);
#9071=AXIS2_PLACEMENT_3D('',#13677,#11229,#11230);
#9072=AXIS2_PLACEMENT_3D('',#13679,#11232,#11233);
#9073=AXIS2_PLACEMENT_3D('',#13683,#11236,#11237);
#9074=AXIS2_PLACEMENT_3D('',#13685,#11238,#11239);
#9075=AXIS2_PLACEMENT_3D('',#13687,#11241,#11242);
#9076=AXIS2_PLACEMENT_3D('',#13691,#11245,#11246);
#9077=AXIS2_PLACEMENT_3D('',#13693,#11247,#11248);
#9078=AXIS2_PLACEMENT_3D('',#13695,#11250,#11251);
#9079=AXIS2_PLACEMENT_3D('',#13699,#11254,#11255);
#9080=AXIS2_PLACEMENT_3D('',#13701,#11256,#11257);
#9081=AXIS2_PLACEMENT_3D('',#13703,#11259,#11260);
#9082=AXIS2_PLACEMENT_3D('',#13705,#11261,#11262);
#9083=AXIS2_PLACEMENT_3D('',#13707,#11264,#11265);
#9084=AXIS2_PLACEMENT_3D('',#13711,#11268,#11269);
#9085=AXIS2_PLACEMENT_3D('',#13713,#11270,#11271);
#9086=AXIS2_PLACEMENT_3D('',#13715,#11273,#11274);
#9087=AXIS2_PLACEMENT_3D('',#13719,#11277,#11278);
#9088=AXIS2_PLACEMENT_3D('',#13721,#11279,#11280);
#9089=AXIS2_PLACEMENT_3D('',#13723,#11282,#11283);
#9090=AXIS2_PLACEMENT_3D('',#13727,#11286,#11287);
#9091=AXIS2_PLACEMENT_3D('',#13729,#11288,#11289);
#9092=AXIS2_PLACEMENT_3D('',#13731,#11291,#11292);
#9093=AXIS2_PLACEMENT_3D('',#13733,#11294,#11295);
#9094=AXIS2_PLACEMENT_3D('',#13739,#11299,#11300);
#9095=AXIS2_PLACEMENT_3D('',#13741,#11301,#11302);
#9096=AXIS2_PLACEMENT_3D('',#13743,#11304,#11305);
#9097=AXIS2_PLACEMENT_3D('',#13745,#11306,#11307);
#9098=AXIS2_PLACEMENT_3D('',#13747,#11309,#11310);
#9099=AXIS2_PLACEMENT_3D('',#13751,#11313,#11314);
#9100=AXIS2_PLACEMENT_3D('',#13753,#11315,#11316);
#9101=AXIS2_PLACEMENT_3D('',#13755,#11318,#11319);
#9102=AXIS2_PLACEMENT_3D('',#13759,#11322,#11323);
#9103=AXIS2_PLACEMENT_3D('',#13761,#11324,#11325);
#9104=AXIS2_PLACEMENT_3D('',#13763,#11327,#11328);
#9105=AXIS2_PLACEMENT_3D('',#13767,#11331,#11332);
#9106=AXIS2_PLACEMENT_3D('',#13769,#11333,#11334);
#9107=AXIS2_PLACEMENT_3D('',#13771,#11336,#11337);
#9108=AXIS2_PLACEMENT_3D('',#13775,#11340,#11341);
#9109=AXIS2_PLACEMENT_3D('',#13777,#11342,#11343);
#9110=AXIS2_PLACEMENT_3D('',#13779,#11345,#11346);
#9111=AXIS2_PLACEMENT_3D('',#13781,#11347,#11348);
#9112=AXIS2_PLACEMENT_3D('',#13783,#11350,#11351);
#9113=AXIS2_PLACEMENT_3D('',#13787,#11354,#11355);
#9114=AXIS2_PLACEMENT_3D('',#13789,#11356,#11357);
#9115=AXIS2_PLACEMENT_3D('',#13791,#11359,#11360);
#9116=AXIS2_PLACEMENT_3D('',#13795,#11363,#11364);
#9117=AXIS2_PLACEMENT_3D('',#13797,#11365,#11366);
#9118=AXIS2_PLACEMENT_3D('',#13799,#11368,#11369);
#9119=AXIS2_PLACEMENT_3D('',#13803,#11372,#11373);
#9120=AXIS2_PLACEMENT_3D('',#13804,#11374,#11375);
#9121=AXIS2_PLACEMENT_3D('',#13805,#11376,#11377);
#9122=AXIS2_PLACEMENT_3D('',#13808,#11380,#11381);
#9123=AXIS2_PLACEMENT_3D('',#13810,#11383,#11384);
#9124=AXIS2_PLACEMENT_3D('',#13812,#11386,#11387);
#9125=AXIS2_PLACEMENT_3D('',#13814,#11389,#11390);
#9126=AXIS2_PLACEMENT_3D('',#13816,#11392,#11393);
#9127=AXIS2_PLACEMENT_3D('',#13818,#11395,#11396);
#9128=AXIS2_PLACEMENT_3D('',#13820,#11398,#11399);
#9129=AXIS2_PLACEMENT_3D('',#13822,#11401,#11402);
#9130=AXIS2_PLACEMENT_3D('',#13824,#11404,#11405);
#9131=AXIS2_PLACEMENT_3D('',#13826,#11407,#11408);
#9132=AXIS2_PLACEMENT_3D('',#13828,#11410,#11411);
#9133=AXIS2_PLACEMENT_3D('',#13830,#11413,#11414);
#9134=AXIS2_PLACEMENT_3D('',#13832,#11416,#11417);
#9135=AXIS2_PLACEMENT_3D('',#13834,#11419,#11420);
#9136=AXIS2_PLACEMENT_3D('',#13836,#11422,#11423);
#9137=AXIS2_PLACEMENT_3D('',#13838,#11425,#11426);
#9138=AXIS2_PLACEMENT_3D('',#13840,#11428,#11429);
#9139=AXIS2_PLACEMENT_3D('',#13841,#11430,#11431);
#9140=AXIS2_PLACEMENT_3D('',#13842,#11432,#11433);
#9141=AXIS2_PLACEMENT_3D('',#13845,#11434,#11435);
#9142=AXIS2_PLACEMENT_3D('',#13849,#11437,#11438);
#9143=AXIS2_PLACEMENT_3D('',#13853,#11440,#11441);
#9144=AXIS2_PLACEMENT_3D('',#13857,#11443,#11444);
#9145=AXIS2_PLACEMENT_3D('',#13859,#11445,#11446);
#9146=AXIS2_PLACEMENT_3D('',#13863,#11448,#11449);
#9147=AXIS2_PLACEMENT_3D('',#13867,#11451,#11452);
#9148=AXIS2_PLACEMENT_3D('',#13871,#11454,#11455);
#9149=AXIS2_PLACEMENT_3D('',#13875,#11457,#11458);
#9150=AXIS2_PLACEMENT_3D('',#13877,#11459,#11460);
#9151=AXIS2_PLACEMENT_3D('',#13880,#11462,#11463);
#9152=AXIS2_PLACEMENT_3D('',#13882,#11464,#11465);
#9153=AXIS2_PLACEMENT_3D('',#13884,#11466,#11467);
#9154=AXIS2_PLACEMENT_3D('',#13886,#11468,#11469);
#9155=AXIS2_PLACEMENT_3D('',#13888,#11470,#11471);
#9156=AXIS2_PLACEMENT_3D('',#13890,#11472,#11473);
#9157=AXIS2_PLACEMENT_3D('',#13892,#11474,#11475);
#9158=AXIS2_PLACEMENT_3D('',#13894,#11476,#11477);
#9159=AXIS2_PLACEMENT_3D('',#13895,#11478,#11479);
#9160=AXIS2_PLACEMENT_3D('',#13898,#11481,#11482);
#9161=AXIS2_PLACEMENT_3D('',#13899,#11483,#11484);
#9162=AXIS2_PLACEMENT_3D('',#13902,#11485,#11486);
#9163=AXIS2_PLACEMENT_3D('',#13904,#11487,#11488);
#9164=AXIS2_PLACEMENT_3D('',#13908,#11490,#11491);
#9165=AXIS2_PLACEMENT_3D('',#13912,#11493,#11494);
#9166=AXIS2_PLACEMENT_3D('',#13916,#11496,#11497);
#9167=AXIS2_PLACEMENT_3D('',#13920,#11499,#11500);
#9168=AXIS2_PLACEMENT_3D('',#13922,#11501,#11502);
#9169=AXIS2_PLACEMENT_3D('',#13926,#11504,#11505);
#9170=AXIS2_PLACEMENT_3D('',#13930,#11507,#11508);
#9171=AXIS2_PLACEMENT_3D('',#13934,#11510,#11511);
#9172=AXIS2_PLACEMENT_3D('',#13937,#11513,#11514);
#9173=AXIS2_PLACEMENT_3D('',#13939,#11515,#11516);
#9174=AXIS2_PLACEMENT_3D('',#13941,#11517,#11518);
#9175=AXIS2_PLACEMENT_3D('',#13943,#11519,#11520);
#9176=AXIS2_PLACEMENT_3D('',#13945,#11521,#11522);
#9177=AXIS2_PLACEMENT_3D('',#13947,#11523,#11524);
#9178=AXIS2_PLACEMENT_3D('',#13949,#11525,#11526);
#9179=AXIS2_PLACEMENT_3D('',#13950,#11527,#11528);
#9180=AXIS2_PLACEMENT_3D('',#13952,#11530,#11531);
#9181=AXIS2_PLACEMENT_3D('',#13954,#11533,#11534);
#9182=AXIS2_PLACEMENT_3D('',#13956,#11536,#11537);
#9183=AXIS2_PLACEMENT_3D('',#13958,#11539,#11540);
#9184=AXIS2_PLACEMENT_3D('',#13960,#11542,#11543);
#9185=AXIS2_PLACEMENT_3D('',#13962,#11545,#11546);
#9186=AXIS2_PLACEMENT_3D('',#13964,#11548,#11549);
#9187=AXIS2_PLACEMENT_3D('',#13968,#11551,#11552);
#9188=AXIS2_PLACEMENT_3D('',#13970,#11554,#11555);
#9189=AXIS2_PLACEMENT_3D('',#13972,#11556,#11557);
#9190=AXIS2_PLACEMENT_3D('',#13974,#11559,#11560);
#9191=AXIS2_PLACEMENT_3D('',#13978,#11563,#11564);
#9192=AXIS2_PLACEMENT_3D('',#13980,#11565,#11566);
#9193=AXIS2_PLACEMENT_3D('',#13982,#11568,#11569);
#9194=AXIS2_PLACEMENT_3D('',#13986,#11572,#11573);
#9195=AXIS2_PLACEMENT_3D('',#13988,#11574,#11575);
#9196=AXIS2_PLACEMENT_3D('',#13990,#11577,#11578);
#9197=AXIS2_PLACEMENT_3D('',#13994,#11581,#11582);
#9198=AXIS2_PLACEMENT_3D('',#13996,#11583,#11584);
#9199=AXIS2_PLACEMENT_3D('',#13998,#11586,#11587);
#9200=AXIS2_PLACEMENT_3D('',#14002,#11590,#11591);
#9201=AXIS2_PLACEMENT_3D('',#14004,#11592,#11593);
#9202=AXIS2_PLACEMENT_3D('',#14006,#11595,#11596);
#9203=AXIS2_PLACEMENT_3D('',#14008,#11597,#11598);
#9204=AXIS2_PLACEMENT_3D('',#14010,#11600,#11601);
#9205=AXIS2_PLACEMENT_3D('',#14014,#11604,#11605);
#9206=AXIS2_PLACEMENT_3D('',#14016,#11606,#11607);
#9207=AXIS2_PLACEMENT_3D('',#14018,#11609,#11610);
#9208=AXIS2_PLACEMENT_3D('',#14022,#11613,#11614);
#9209=AXIS2_PLACEMENT_3D('',#14024,#11615,#11616);
#9210=AXIS2_PLACEMENT_3D('',#14026,#11618,#11619);
#9211=AXIS2_PLACEMENT_3D('',#14030,#11622,#11623);
#9212=AXIS2_PLACEMENT_3D('',#14032,#11624,#11625);
#9213=AXIS2_PLACEMENT_3D('',#14034,#11627,#11628);
#9214=AXIS2_PLACEMENT_3D('',#14036,#11630,#11631);
#9215=AXIS2_PLACEMENT_3D('',#14042,#11635,#11636);
#9216=AXIS2_PLACEMENT_3D('',#14044,#11637,#11638);
#9217=AXIS2_PLACEMENT_3D('',#14046,#11640,#11641);
#9218=AXIS2_PLACEMENT_3D('',#14048,#11642,#11643);
#9219=AXIS2_PLACEMENT_3D('',#14050,#11645,#11646);
#9220=AXIS2_PLACEMENT_3D('',#14054,#11649,#11650);
#9221=AXIS2_PLACEMENT_3D('',#14056,#11651,#11652);
#9222=AXIS2_PLACEMENT_3D('',#14058,#11654,#11655);
#9223=AXIS2_PLACEMENT_3D('',#14062,#11658,#11659);
#9224=AXIS2_PLACEMENT_3D('',#14064,#11660,#11661);
#9225=AXIS2_PLACEMENT_3D('',#14066,#11663,#11664);
#9226=AXIS2_PLACEMENT_3D('',#14070,#11667,#11668);
#9227=AXIS2_PLACEMENT_3D('',#14072,#11669,#11670);
#9228=AXIS2_PLACEMENT_3D('',#14074,#11672,#11673);
#9229=AXIS2_PLACEMENT_3D('',#14078,#11676,#11677);
#9230=AXIS2_PLACEMENT_3D('',#14080,#11678,#11679);
#9231=AXIS2_PLACEMENT_3D('',#14082,#11681,#11682);
#9232=AXIS2_PLACEMENT_3D('',#14084,#11683,#11684);
#9233=AXIS2_PLACEMENT_3D('',#14086,#11686,#11687);
#9234=AXIS2_PLACEMENT_3D('',#14090,#11690,#11691);
#9235=AXIS2_PLACEMENT_3D('',#14092,#11692,#11693);
#9236=AXIS2_PLACEMENT_3D('',#14094,#11695,#11696);
#9237=AXIS2_PLACEMENT_3D('',#14098,#11699,#11700);
#9238=AXIS2_PLACEMENT_3D('',#14100,#11701,#11702);
#9239=AXIS2_PLACEMENT_3D('',#14102,#11704,#11705);
#9240=AXIS2_PLACEMENT_3D('',#14106,#11708,#11709);
#9241=AXIS2_PLACEMENT_3D('',#14107,#11710,#11711);
#9242=AXIS2_PLACEMENT_3D('',#14108,#11712,#11713);
#9243=AXIS2_PLACEMENT_3D('',#14111,#11716,#11717);
#9244=AXIS2_PLACEMENT_3D('',#14113,#11719,#11720);
#9245=AXIS2_PLACEMENT_3D('',#14115,#11722,#11723);
#9246=AXIS2_PLACEMENT_3D('',#14117,#11725,#11726);
#9247=AXIS2_PLACEMENT_3D('',#14119,#11728,#11729);
#9248=AXIS2_PLACEMENT_3D('',#14121,#11731,#11732);
#9249=AXIS2_PLACEMENT_3D('',#14123,#11734,#11735);
#9250=AXIS2_PLACEMENT_3D('',#14125,#11737,#11738);
#9251=AXIS2_PLACEMENT_3D('',#14127,#11740,#11741);
#9252=AXIS2_PLACEMENT_3D('',#14129,#11743,#11744);
#9253=AXIS2_PLACEMENT_3D('',#14131,#11746,#11747);
#9254=AXIS2_PLACEMENT_3D('',#14133,#11749,#11750);
#9255=AXIS2_PLACEMENT_3D('',#14135,#11752,#11753);
#9256=AXIS2_PLACEMENT_3D('',#14137,#11755,#11756);
#9257=AXIS2_PLACEMENT_3D('',#14139,#11758,#11759);
#9258=AXIS2_PLACEMENT_3D('',#14141,#11761,#11762);
#9259=AXIS2_PLACEMENT_3D('',#14143,#11764,#11765);
#9260=AXIS2_PLACEMENT_3D('',#14144,#11766,#11767);
#9261=AXIS2_PLACEMENT_3D('',#14145,#11768,#11769);
#9262=AXIS2_PLACEMENT_3D('',#14147,#11770,#11771);
#9263=AXIS2_PLACEMENT_3D('',#14149,#11772,#11773);
#9264=AXIS2_PLACEMENT_3D('',#14150,#11774,#11775);
#9265=AXIS2_PLACEMENT_3D('',#14153,#11777,#11778);
#9266=AXIS2_PLACEMENT_3D('',#14154,#11779,#11780);
#9267=AXIS2_PLACEMENT_3D('',#14156,#11781,#11782);
#9268=AXIS2_PLACEMENT_3D('',#14157,#11783,#11784);
#9269=AXIS2_PLACEMENT_3D('',#14160,#11786,#11787);
#9270=AXIS2_PLACEMENT_3D('',#14161,#11788,#11789);
#9271=AXIS2_PLACEMENT_3D('',#14164,#11791,#11792);
#9272=AXIS2_PLACEMENT_3D('',#14165,#11793,#11794);
#9273=AXIS2_PLACEMENT_3D('',#14169,#11796,#11797);
#9274=AXIS2_PLACEMENT_3D('',#14170,#11798,#11799);
#9275=AXIS2_PLACEMENT_3D('',#14171,#11800,#11801);
#9276=AXIS2_PLACEMENT_3D('',#14174,#11802,#11803);
#9277=AXIS2_PLACEMENT_3D('',#14176,#11805,#11806);
#9278=AXIS2_PLACEMENT_3D('',#14177,#11807,#11808);
#9279=AXIS2_PLACEMENT_3D('',#14179,#11810,#11811);
#9280=AXIS2_PLACEMENT_3D('',#14180,#11812,#11813);
#9281=AXIS2_PLACEMENT_3D('',#14181,#11814,#11815);
#9282=AXIS2_PLACEMENT_3D('',#14182,#11816,#11817);
#9283=AXIS2_PLACEMENT_3D('',#14183,#11818,#11819);
#9284=AXIS2_PLACEMENT_3D('',#14184,#11820,#11821);
#9285=AXIS2_PLACEMENT_3D('',#14185,#11822,#11823);
#9286=AXIS2_PLACEMENT_3D('',#14186,#11824,#11825);
#9287=AXIS2_PLACEMENT_3D('',#14187,#11826,#11827);
#9288=AXIS2_PLACEMENT_3D('',#14188,#11828,#11829);
#9289=AXIS2_PLACEMENT_3D('',#14189,#11830,#11831);
#9290=AXIS2_PLACEMENT_3D('',#14190,#11832,#11833);
#9291=AXIS2_PLACEMENT_3D('',#14191,#11834,#11835);
#9292=AXIS2_PLACEMENT_3D('',#14192,#11836,#11837);
#9293=AXIS2_PLACEMENT_3D('',#14193,#11838,#11839);
#9294=DIRECTION('axis',(0.,0.,1.));
#9295=DIRECTION('refdir',(1.,0.,0.));
#9296=DIRECTION('axis',(0.,0.,1.));
#9297=DIRECTION('refdir',(1.,0.,0.));
#9298=DIRECTION('center_axis',(0.,1.,0.));
#9299=DIRECTION('ref_axis',(1.,0.,0.));
#9300=DIRECTION('center_axis',(0.,1.,0.));
#9301=DIRECTION('ref_axis',(1.,0.,0.));
#9302=DIRECTION('',(0.,0.,-1.));
#9303=DIRECTION('center_axis',(0.,-1.,0.));
#9304=DIRECTION('ref_axis',(0.193066509881203,0.,0.981185671910414));
#9305=DIRECTION('center_axis',(0.,1.,0.));
#9306=DIRECTION('ref_axis',(0.445570502603307,0.,0.895246852666814));
#9307=DIRECTION('',(0.895246852666814,0.,-0.445570502603307));
#9308=DIRECTION('center_axis',(0.,-1.,0.));
#9309=DIRECTION('ref_axis',(-1.,0.,0.));
#9310=DIRECTION('',(0.,0.,-1.));
#9311=DIRECTION('center_axis',(0.,-1.,0.));
#9312=DIRECTION('ref_axis',(-0.725181312270798,0.,0.688557960039098));
#9313=DIRECTION('',(-0.688557960039098,0.,-0.725181312270798));
#9314=DIRECTION('center_axis',(0.,1.,0.));
#9315=DIRECTION('ref_axis',(-0.488012854150393,0.,0.872836441828587));
#9316=DIRECTION('center_axis',(0.,-1.,0.));
#9317=DIRECTION('ref_axis',(-1.,0.,0.));
#9318=DIRECTION('',(0.,0.,-1.));
#9319=DIRECTION('center_axis',(0.,1.,0.));
#9320=DIRECTION('ref_axis',(0.,0.,1.));
#9321=DIRECTION('',(1.,0.,0.));
#9322=DIRECTION('center_axis',(0.,1.,0.));
#9323=DIRECTION('ref_axis',(-1.,0.,0.));
#9324=DIRECTION('',(0.,0.,1.));
#9325=DIRECTION('center_axis',(0.,-1.,0.));
#9326=DIRECTION('ref_axis',(-0.488012854150393,0.,-0.872836441828587));
#9327=DIRECTION('center_axis',(0.,1.,0.));
#9328=DIRECTION('ref_axis',(-0.725181312270798,0.,-0.688557960039098));
#9329=DIRECTION('',(-0.688557960039098,0.,0.725181312270798));
#9330=DIRECTION('center_axis',(0.,-1.,0.));
#9331=DIRECTION('ref_axis',(1.,0.,0.));
#9332=DIRECTION('',(0.,0.,1.));
#9333=DIRECTION('center_axis',(0.,-1.,0.));
#9334=DIRECTION('ref_axis',(0.445570502603307,0.,-0.895246852666814));
#9335=DIRECTION('',(0.895246852666814,0.,0.445570502603307));
#9336=DIRECTION('center_axis',(0.,1.,0.));
#9337=DIRECTION('ref_axis',(0.193066509881703,0.,-0.981185671910316));
#9338=DIRECTION('center_axis',(0.,-1.,0.));
#9339=DIRECTION('ref_axis',(1.,0.,0.));
#9340=DIRECTION('',(0.,0.,1.));
#9341=DIRECTION('center_axis',(0.,1.,0.));
#9342=DIRECTION('ref_axis',(0.,0.,-1.));
#9343=DIRECTION('',(-1.,0.,0.));
#9344=DIRECTION('center_axis',(0.,-1.,0.));
#9345=DIRECTION('ref_axis',(1.,0.,0.));
#9346=DIRECTION('center_axis',(0.,-1.,0.));
#9347=DIRECTION('ref_axis',(1.,0.,0.));
#9348=DIRECTION('center_axis',(0.,-1.,0.));
#9349=DIRECTION('ref_axis',(1.,0.,0.));
#9350=DIRECTION('center_axis',(0.,-1.,0.));
#9351=DIRECTION('ref_axis',(1.,0.,0.));
#9352=DIRECTION('center_axis',(0.,-1.,0.));
#9353=DIRECTION('ref_axis',(1.,0.,0.));
#9354=DIRECTION('center_axis',(0.,-1.,0.));
#9355=DIRECTION('ref_axis',(1.,0.,0.));
#9356=DIRECTION('center_axis',(0.,-1.,0.));
#9357=DIRECTION('ref_axis',(1.,0.,0.));
#9358=DIRECTION('center_axis',(0.,-1.,0.));
#9359=DIRECTION('ref_axis',(1.,0.,0.));
#9360=DIRECTION('center_axis',(0.,-1.,0.));
#9361=DIRECTION('ref_axis',(1.,0.,0.));
#9362=DIRECTION('center_axis',(0.,-1.,0.));
#9363=DIRECTION('ref_axis',(1.,0.,0.));
#9364=DIRECTION('center_axis',(0.,-1.,0.));
#9365=DIRECTION('ref_axis',(1.,0.,0.));
#9366=DIRECTION('center_axis',(0.,-1.,0.));
#9367=DIRECTION('ref_axis',(1.,0.,0.));
#9368=DIRECTION('center_axis',(0.,-1.,0.));
#9369=DIRECTION('ref_axis',(1.,0.,0.));
#9370=DIRECTION('center_axis',(0.,-1.,0.));
#9371=DIRECTION('ref_axis',(1.,0.,0.));
#9372=DIRECTION('center_axis',(0.,-1.,0.));
#9373=DIRECTION('ref_axis',(1.,0.,0.));
#9374=DIRECTION('center_axis',(0.,-1.,0.));
#9375=DIRECTION('ref_axis',(1.,0.,0.));
#9376=DIRECTION('center_axis',(0.,-1.,0.));
#9377=DIRECTION('ref_axis',(1.,0.,0.));
#9378=DIRECTION('center_axis',(0.,-1.,0.));
#9379=DIRECTION('ref_axis',(1.,0.,0.));
#9380=DIRECTION('center_axis',(0.,-1.,0.));
#9381=DIRECTION('ref_axis',(1.,0.,0.));
#9382=DIRECTION('center_axis',(0.,-1.,0.));
#9383=DIRECTION('ref_axis',(1.,0.,0.));
#9384=DIRECTION('',(0.,0.,1.));
#9385=DIRECTION('center_axis',(0.,-1.,0.));
#9386=DIRECTION('ref_axis',(-1.,0.,0.));
#9387=DIRECTION('',(0.,0.,-1.));
#9388=DIRECTION('center_axis',(0.,-1.,0.));
#9389=DIRECTION('ref_axis',(1.,0.,0.));
#9390=DIRECTION('',(0.,0.,1.));
#9391=DIRECTION('center_axis',(0.,-1.,0.));
#9392=DIRECTION('ref_axis',(-1.,0.,0.));
#9393=DIRECTION('',(0.,0.,-1.));
#9394=DIRECTION('center_axis',(0.,-1.,0.));
#9395=DIRECTION('ref_axis',(1.,0.,0.));
#9396=DIRECTION('',(0.,0.,1.));
#9397=DIRECTION('center_axis',(0.,-1.,0.));
#9398=DIRECTION('ref_axis',(-1.,0.,0.));
#9399=DIRECTION('',(0.,0.,-1.));
#9400=DIRECTION('center_axis',(0.,-1.,0.));
#9401=DIRECTION('ref_axis',(1.,0.,0.));
#9402=DIRECTION('center_axis',(0.,-1.,0.));
#9403=DIRECTION('ref_axis',(1.,0.,0.));
#9404=DIRECTION('',(0.,0.,1.));
#9405=DIRECTION('center_axis',(0.,-1.,0.));
#9406=DIRECTION('ref_axis',(-1.,0.,0.));
#9407=DIRECTION('',(0.,0.,-1.));
#9408=DIRECTION('',(0.,0.,-1.));
#9409=DIRECTION('center_axis',(0.,-1.,0.));
#9410=DIRECTION('ref_axis',(1.,0.,0.));
#9411=DIRECTION('',(0.,0.,1.));
#9412=DIRECTION('center_axis',(0.,-1.,0.));
#9413=DIRECTION('ref_axis',(-1.,0.,0.));
#9414=DIRECTION('',(0.,0.,1.));
#9415=DIRECTION('center_axis',(0.,-1.,0.));
#9416=DIRECTION('ref_axis',(-1.,0.,0.));
#9417=DIRECTION('',(0.,0.,-1.));
#9418=DIRECTION('center_axis',(0.,-1.,0.));
#9419=DIRECTION('ref_axis',(1.,0.,0.));
#9420=DIRECTION('center_axis',(0.,-1.,0.));
#9421=DIRECTION('ref_axis',(-1.,0.,0.));
#9422=DIRECTION('',(0.,0.,-1.));
#9423=DIRECTION('center_axis',(0.,-1.,0.));
#9424=DIRECTION('ref_axis',(1.,0.,0.));
#9425=DIRECTION('',(0.,0.,1.));
#9426=DIRECTION('',(0.,0.,1.));
#9427=DIRECTION('center_axis',(0.,-1.,0.));
#9428=DIRECTION('ref_axis',(-1.,0.,0.));
#9429=DIRECTION('',(0.,0.,-1.));
#9430=DIRECTION('center_axis',(0.,-1.,0.));
#9431=DIRECTION('ref_axis',(1.,0.,6.356026815979E-14));
#9432=DIRECTION('center_axis',(0.,-1.,0.));
#9433=DIRECTION('ref_axis',(-1.,0.,0.));
#9434=DIRECTION('',(0.,0.,-1.));
#9435=DIRECTION('center_axis',(0.,-1.,0.));
#9436=DIRECTION('ref_axis',(1.,0.,0.));
#9437=DIRECTION('',(0.,0.,1.));
#9438=DIRECTION('',(0.,0.,1.));
#9439=DIRECTION('center_axis',(0.,-1.,0.));
#9440=DIRECTION('ref_axis',(-1.,0.,-6.800116025829E-14));
#9441=DIRECTION('',(0.,0.,-1.));
#9442=DIRECTION('center_axis',(0.,-1.,0.));
#9443=DIRECTION('ref_axis',(1.,0.,-5.800915303666E-14));
#9444=DIRECTION('center_axis',(0.,-1.,0.));
#9445=DIRECTION('ref_axis',(-1.,0.,2.914335439641E-14));
#9446=DIRECTION('',(0.,0.,-1.));
#9447=DIRECTION('center_axis',(0.,-1.,0.));
#9448=DIRECTION('ref_axis',(1.,0.,3.913536161804E-14));
#9449=DIRECTION('',(0.,0.,1.));
#9450=DIRECTION('center_axis',(0.,1.,0.));
#9451=DIRECTION('ref_axis',(-1.,0.,0.));
#9452=DIRECTION('',(1.,-1.149648153889E-10,1.149649264112E-10));
#9453=DIRECTION('center_axis',(0.,1.,0.));
#9454=DIRECTION('ref_axis',(0.,0.,1.));
#9455=DIRECTION('',(1.437255869786E-11,-1.437061175988E-11,-1.));
#9456=DIRECTION('center_axis',(0.,1.,0.));
#9457=DIRECTION('ref_axis',(1.,0.,0.));
#9458=DIRECTION('',(-1.,-1.149647043666E-10,-1.149649264112E-10));
#9459=DIRECTION('center_axis',(0.,1.,0.));
#9460=DIRECTION('ref_axis',(0.,0.,-1.));
#9461=DIRECTION('',(-1.437061580757E-11,-1.437060482098E-11,1.));
#9462=DIRECTION('center_axis',(0.,1.,0.));
#9463=DIRECTION('ref_axis',(0.,0.,-1.));
#9464=DIRECTION('',(-1.149651484558E-10,-1.149644083072E-10,1.));
#9465=DIRECTION('center_axis',(0.,1.,0.));
#9466=DIRECTION('ref_axis',(-1.,0.,0.));
#9467=DIRECTION('',(1.,-4.180532014095E-11,4.180510482497E-11));
#9468=DIRECTION('center_axis',(0.,1.,0.));
#9469=DIRECTION('ref_axis',(0.,0.,1.));
#9470=DIRECTION('',(1.149649264112E-10,-1.149652964856E-10,-1.));
#9471=DIRECTION('center_axis',(0.,1.,0.));
#9472=DIRECTION('ref_axis',(1.,0.,0.));
#9473=DIRECTION('',(-1.,-4.180541265953E-11,-4.180542779894E-11));
#9474=DIRECTION('center_axis',(0.,1.,0.));
#9475=DIRECTION('ref_axis',(1.,0.,0.));
#9476=DIRECTION('',(-1.,-4.180540088444E-11,-4.180510482497E-11));
#9477=DIRECTION('center_axis',(0.,1.,0.));
#9478=DIRECTION('ref_axis',(0.,0.,-1.));
#9479=DIRECTION('',(-1.149647043666E-10,-1.14965333493E-10,1.));
#9480=DIRECTION('center_axis',(0.,1.,0.));
#9481=DIRECTION('ref_axis',(-1.,0.,0.));
#9482=DIRECTION('',(1.,-4.180538742719E-11,4.180542779894E-11));
#9483=DIRECTION('center_axis',(0.,1.,0.));
#9484=DIRECTION('ref_axis',(0.,0.,1.));
#9485=DIRECTION('',(1.149647043666E-10,-1.149643342923E-10,-1.));
#9486=DIRECTION('center_axis',(0.,1.,0.));
#9487=DIRECTION('ref_axis',(1.,0.,0.));
#9488=DIRECTION('',(0.,1.,0.));
#9489=DIRECTION('center_axis',(0.,-1.,0.));
#9490=DIRECTION('ref_axis',(1.,0.,0.));
#9491=DIRECTION('center_axis',(0.,1.,0.));
#9492=DIRECTION('ref_axis',(1.,0.,0.));
#9493=DIRECTION('center_axis',(0.,1.,0.));
#9494=DIRECTION('ref_axis',(1.,0.,0.));
#9495=DIRECTION('',(-1.,0.,0.));
#9496=DIRECTION('center_axis',(0.,1.,0.));
#9497=DIRECTION('ref_axis',(0.,0.,-1.));
#9498=DIRECTION('',(0.,0.,1.));
#9499=DIRECTION('center_axis',(0.,-1.,0.));
#9500=DIRECTION('ref_axis',(1.,0.,0.));
#9501=DIRECTION('center_axis',(0.,1.,0.));
#9502=DIRECTION('ref_axis',(0.193066509881703,0.,-0.981185671910316));
#9503=DIRECTION('',(0.895246852666814,0.,0.445570502603307));
#9504=DIRECTION('center_axis',(0.,-1.,0.));
#9505=DIRECTION('ref_axis',(0.445570502603307,0.,-0.895246852666814));
#9506=DIRECTION('',(0.,0.,1.));
#9507=DIRECTION('center_axis',(0.,-1.,0.));
#9508=DIRECTION('ref_axis',(1.,0.,0.));
#9509=DIRECTION('',(-0.688557960039098,0.,0.725181312270798));
#9510=DIRECTION('center_axis',(0.,1.,0.));
#9511=DIRECTION('ref_axis',(-0.725181312270798,0.,-0.688557960039098));
#9512=DIRECTION('center_axis',(0.,-1.,0.));
#9513=DIRECTION('ref_axis',(-0.488012854150393,0.,-0.872836441828587));
#9514=DIRECTION('',(0.,0.,1.));
#9515=DIRECTION('center_axis',(0.,1.,0.));
#9516=DIRECTION('ref_axis',(-1.,0.,0.));
#9517=DIRECTION('',(1.,0.,0.));
#9518=DIRECTION('center_axis',(0.,1.,0.));
#9519=DIRECTION('ref_axis',(0.,0.,1.));
#9520=DIRECTION('',(0.,0.,-1.));
#9521=DIRECTION('center_axis',(0.,-1.,0.));
#9522=DIRECTION('ref_axis',(-1.,0.,0.));
#9523=DIRECTION('center_axis',(0.,1.,0.));
#9524=DIRECTION('ref_axis',(-0.488012854150393,0.,0.872836441828587));
#9525=DIRECTION('',(-0.688557960039098,0.,-0.725181312270798));
#9526=DIRECTION('center_axis',(0.,-1.,0.));
#9527=DIRECTION('ref_axis',(-0.725181312270798,0.,0.688557960039098));
#9528=DIRECTION('',(0.,0.,-1.));
#9529=DIRECTION('center_axis',(0.,-1.,0.));
#9530=DIRECTION('ref_axis',(-1.,0.,0.));
#9531=DIRECTION('',(0.895246852666814,0.,-0.445570502603307));
#9532=DIRECTION('center_axis',(0.,1.,0.));
#9533=DIRECTION('ref_axis',(0.445570502603307,0.,0.895246852666814));
#9534=DIRECTION('center_axis',(0.,-1.,0.));
#9535=DIRECTION('ref_axis',(0.193066509881203,0.,0.981185671910414));
#9536=DIRECTION('',(0.,0.,-1.));
#9537=DIRECTION('center_axis',(0.,-1.,0.));
#9538=DIRECTION('ref_axis',(1.,0.,0.));
#9539=DIRECTION('center_axis',(0.,-1.,0.));
#9540=DIRECTION('ref_axis',(1.,0.,0.));
#9541=DIRECTION('center_axis',(0.,-1.,0.));
#9542=DIRECTION('ref_axis',(1.,0.,0.));
#9543=DIRECTION('center_axis',(0.,-1.,0.));
#9544=DIRECTION('ref_axis',(1.,0.,0.));
#9545=DIRECTION('center_axis',(0.,-1.,0.));
#9546=DIRECTION('ref_axis',(1.,0.,0.));
#9547=DIRECTION('center_axis',(0.,-1.,0.));
#9548=DIRECTION('ref_axis',(1.,0.,0.));
#9549=DIRECTION('center_axis',(0.,-1.,0.));
#9550=DIRECTION('ref_axis',(1.,0.,0.));
#9551=DIRECTION('center_axis',(0.,-1.,0.));
#9552=DIRECTION('ref_axis',(1.,0.,0.));
#9553=DIRECTION('center_axis',(0.,-1.,0.));
#9554=DIRECTION('ref_axis',(1.,0.,0.));
#9555=DIRECTION('center_axis',(0.,-1.,0.));
#9556=DIRECTION('ref_axis',(1.,0.,0.));
#9557=DIRECTION('center_axis',(0.,-1.,0.));
#9558=DIRECTION('ref_axis',(1.,0.,0.));
#9559=DIRECTION('center_axis',(0.,-1.,0.));
#9560=DIRECTION('ref_axis',(1.,0.,0.));
#9561=DIRECTION('center_axis',(0.,-1.,0.));
#9562=DIRECTION('ref_axis',(1.,0.,0.));
#9563=DIRECTION('center_axis',(0.,-1.,0.));
#9564=DIRECTION('ref_axis',(1.,0.,0.));
#9565=DIRECTION('center_axis',(0.,-1.,0.));
#9566=DIRECTION('ref_axis',(1.,0.,0.));
#9567=DIRECTION('center_axis',(0.,-1.,0.));
#9568=DIRECTION('ref_axis',(1.,0.,0.));
#9569=DIRECTION('center_axis',(0.,-1.,0.));
#9570=DIRECTION('ref_axis',(1.,0.,0.));
#9571=DIRECTION('center_axis',(0.,-1.,0.));
#9572=DIRECTION('ref_axis',(1.,0.,0.));
#9573=DIRECTION('center_axis',(0.,-1.,0.));
#9574=DIRECTION('ref_axis',(1.,0.,0.));
#9575=DIRECTION('',(0.,0.,1.));
#9576=DIRECTION('center_axis',(0.,-1.,0.));
#9577=DIRECTION('ref_axis',(1.,0.,0.));
#9578=DIRECTION('',(0.,0.,-1.));
#9579=DIRECTION('center_axis',(0.,-1.,0.));
#9580=DIRECTION('ref_axis',(-1.,0.,0.));
#9581=DIRECTION('',(0.,0.,1.));
#9582=DIRECTION('center_axis',(0.,-1.,0.));
#9583=DIRECTION('ref_axis',(1.,0.,0.));
#9584=DIRECTION('',(0.,0.,-1.));
#9585=DIRECTION('center_axis',(0.,-1.,0.));
#9586=DIRECTION('ref_axis',(-1.,0.,0.));
#9587=DIRECTION('',(0.,0.,1.));
#9588=DIRECTION('center_axis',(0.,-1.,0.));
#9589=DIRECTION('ref_axis',(1.,0.,0.));
#9590=DIRECTION('',(0.,0.,-1.));
#9591=DIRECTION('center_axis',(0.,-1.,0.));
#9592=DIRECTION('ref_axis',(-1.,0.,0.));
#9593=DIRECTION('center_axis',(0.,-1.,0.));
#9594=DIRECTION('ref_axis',(1.,0.,0.));
#9595=DIRECTION('',(0.,0.,-1.));
#9596=DIRECTION('center_axis',(0.,-1.,0.));
#9597=DIRECTION('ref_axis',(-1.,0.,0.));
#9598=DIRECTION('',(0.,0.,1.));
#9599=DIRECTION('',(0.,0.,-1.));
#9600=DIRECTION('center_axis',(0.,-1.,0.));
#9601=DIRECTION('ref_axis',(-1.,0.,0.));
#9602=DIRECTION('',(0.,0.,1.));
#9603=DIRECTION('center_axis',(0.,-1.,0.));
#9604=DIRECTION('ref_axis',(1.,0.,0.));
#9605=DIRECTION('',(0.,0.,1.));
#9606=DIRECTION('center_axis',(0.,-1.,0.));
#9607=DIRECTION('ref_axis',(1.,0.,0.));
#9608=DIRECTION('',(0.,0.,-1.));
#9609=DIRECTION('center_axis',(0.,-1.,0.));
#9610=DIRECTION('ref_axis',(-1.,0.,0.));
#9611=DIRECTION('center_axis',(0.,-1.,0.));
#9612=DIRECTION('ref_axis',(-1.,0.,0.));
#9613=DIRECTION('',(0.,0.,1.));
#9614=DIRECTION('center_axis',(0.,-1.,0.));
#9615=DIRECTION('ref_axis',(1.,0.,0.));
#9616=DIRECTION('',(0.,0.,-1.));
#9617=DIRECTION('',(1.,0.,0.));
#9618=DIRECTION('center_axis',(0.,-1.,0.));
#9619=DIRECTION('ref_axis',(0.,0.,-1.));
#9620=DIRECTION('',(0.,0.,1.));
#9621=DIRECTION('center_axis',(0.,-1.,0.));
#9622=DIRECTION('ref_axis',(1.,0.,-4.381680203854E-14));
#9623=DIRECTION('',(-1.,0.,0.));
#9624=DIRECTION('center_axis',(0.,-1.,0.));
#9625=DIRECTION('ref_axis',(0.,0.,1.));
#9626=DIRECTION('',(0.,0.,-1.));
#9627=DIRECTION('center_axis',(0.,-1.,0.));
#9628=DIRECTION('ref_axis',(-1.,0.,0.));
#9629=DIRECTION('',(0.,0.,1.));
#9630=DIRECTION('center_axis',(0.,-1.,0.));
#9631=DIRECTION('ref_axis',(1.,0.,6.356026815979E-14));
#9632=DIRECTION('',(0.,0.,-1.));
#9633=DIRECTION('center_axis',(0.,-1.,0.));
#9634=DIRECTION('ref_axis',(-1.,0.,0.));
#9635=DIRECTION('center_axis',(0.,-1.,0.));
#9636=DIRECTION('ref_axis',(-1.,0.,0.));
#9637=DIRECTION('',(0.,0.,1.));
#9638=DIRECTION('center_axis',(0.,-1.,0.));
#9639=DIRECTION('ref_axis',(1.,0.,0.));
#9640=DIRECTION('',(0.,0.,-1.));
#9641=DIRECTION('',(0.,0.,1.));
#9642=DIRECTION('center_axis',(0.,-1.,0.));
#9643=DIRECTION('ref_axis',(1.,0.,-5.800915303666E-14));
#9644=DIRECTION('',(0.,0.,-1.));
#9645=DIRECTION('center_axis',(0.,-1.,0.));
#9646=DIRECTION('ref_axis',(-1.,0.,-6.800116025829E-14));
#9647=DIRECTION('center_axis',(0.,-1.,0.));
#9648=DIRECTION('ref_axis',(-1.,0.,2.914335439641E-14));
#9649=DIRECTION('',(0.,0.,1.));
#9650=DIRECTION('center_axis',(0.,-1.,0.));
#9651=DIRECTION('ref_axis',(1.,0.,3.913536161804E-14));
#9652=DIRECTION('',(0.,0.,-1.));
#9653=DIRECTION('center_axis',(0.,-1.,0.));
#9654=DIRECTION('ref_axis',(0.,0.,-1.));
#9655=DIRECTION('',(-1.149647043666E-10,-1.149649264112E-10,1.));
#9656=DIRECTION('center_axis',(0.,-1.,0.));
#9657=DIRECTION('ref_axis',(1.,0.,0.));
#9658=DIRECTION('',(-1.,-4.180534705545E-11,-4.180510482497E-11));
#9659=DIRECTION('center_axis',(0.,-1.,0.));
#9660=DIRECTION('ref_axis',(0.,0.,1.));
#9661=DIRECTION('',(1.149651484558E-10,-1.149647043666E-10,-1.));
#9662=DIRECTION('center_axis',(0.,-1.,0.));
#9663=DIRECTION('ref_axis',(-1.,0.,0.));
#9664=DIRECTION('',(1.,-4.180538742719E-11,4.180542779894E-11));
#9665=DIRECTION('center_axis',(0.,-1.,0.));
#9666=DIRECTION('ref_axis',(1.,0.,0.));
#9667=DIRECTION('',(-1.,-4.180526631195E-11,-4.180510482497E-11));
#9668=DIRECTION('center_axis',(0.,-1.,0.));
#9669=DIRECTION('ref_axis',(0.,0.,1.));
#9670=DIRECTION('',(1.14964482322E-10,-1.149650374335E-10,-1.));
#9671=DIRECTION('center_axis',(0.,-1.,0.));
#9672=DIRECTION('ref_axis',(-1.,0.,0.));
#9673=DIRECTION('',(1.,-4.180534705545E-11,4.180510482497E-11));
#9674=DIRECTION('center_axis',(0.,-1.,0.));
#9675=DIRECTION('ref_axis',(0.,0.,-1.));
#9676=DIRECTION('',(-1.149651484558E-10,-1.14964482322E-10,1.));
#9677=DIRECTION('center_axis',(0.,1.,0.));
#9678=DIRECTION('ref_axis',(1.,0.,0.));
#9679=DIRECTION('',(0.,1.,0.));
#9680=DIRECTION('center_axis',(0.,1.,0.));
#9681=DIRECTION('ref_axis',(1.,0.,0.));
#9682=DIRECTION('',(0.,1.,0.));
#9683=DIRECTION('center_axis',(0.,1.,0.));
#9684=DIRECTION('ref_axis',(1.,0.,0.));
#9685=DIRECTION('',(0.,1.,0.));
#9686=DIRECTION('center_axis',(0.,1.,0.));
#9687=DIRECTION('ref_axis',(1.,0.,0.));
#9688=DIRECTION('',(0.,1.,0.));
#9689=DIRECTION('center_axis',(0.,1.,0.));
#9690=DIRECTION('ref_axis',(1.,0.,0.));
#9691=DIRECTION('',(0.,1.,0.));
#9692=DIRECTION('center_axis',(0.,1.,0.));
#9693=DIRECTION('ref_axis',(1.,0.,0.));
#9694=DIRECTION('',(0.,1.,0.));
#9695=DIRECTION('center_axis',(0.,1.,0.));
#9696=DIRECTION('ref_axis',(1.,0.,0.));
#9697=DIRECTION('',(0.,1.,0.));
#9698=DIRECTION('center_axis',(0.,1.,0.));
#9699=DIRECTION('ref_axis',(1.,0.,0.));
#9700=DIRECTION('',(0.,1.,0.));
#9701=DIRECTION('center_axis',(0.,1.,0.));
#9702=DIRECTION('ref_axis',(1.,0.,0.));
#9703=DIRECTION('',(0.,1.,0.));
#9704=DIRECTION('center_axis',(0.,1.,0.));
#9705=DIRECTION('ref_axis',(1.,0.,0.));
#9706=DIRECTION('',(0.,1.,0.));
#9707=DIRECTION('center_axis',(0.,1.,0.));
#9708=DIRECTION('ref_axis',(1.,0.,0.));
#9709=DIRECTION('',(0.,1.,0.));
#9710=DIRECTION('center_axis',(0.,1.,0.));
#9711=DIRECTION('ref_axis',(1.,0.,0.));
#9712=DIRECTION('',(0.,1.,0.));
#9713=DIRECTION('center_axis',(0.,1.,0.));
#9714=DIRECTION('ref_axis',(1.,0.,0.));
#9715=DIRECTION('',(0.,1.,0.));
#9716=DIRECTION('center_axis',(0.,1.,0.));
#9717=DIRECTION('ref_axis',(1.,0.,0.));
#9718=DIRECTION('',(0.,1.,0.));
#9719=DIRECTION('center_axis',(0.,1.,0.));
#9720=DIRECTION('ref_axis',(1.,0.,0.));
#9721=DIRECTION('',(0.,1.,0.));
#9722=DIRECTION('center_axis',(0.,1.,0.));
#9723=DIRECTION('ref_axis',(1.,0.,0.));
#9724=DIRECTION('',(0.,1.,0.));
#9725=DIRECTION('center_axis',(0.,1.,0.));
#9726=DIRECTION('ref_axis',(1.,0.,0.));
#9727=DIRECTION('',(0.,1.,0.));
#9728=DIRECTION('center_axis',(0.,1.,0.));
#9729=DIRECTION('ref_axis',(1.,0.,0.));
#9730=DIRECTION('',(0.,1.,0.));
#9731=DIRECTION('center_axis',(0.,1.,0.));
#9732=DIRECTION('ref_axis',(1.,0.,0.));
#9733=DIRECTION('',(0.,1.,0.));
#9734=DIRECTION('center_axis',(0.,1.,0.));
#9735=DIRECTION('ref_axis',(1.,0.,0.));
#9736=DIRECTION('',(0.,1.,0.));
#9737=DIRECTION('',(0.,1.,0.));
#9738=DIRECTION('center_axis',(1.,0.,0.));
#9739=DIRECTION('ref_axis',(0.,0.,-1.));
#9740=DIRECTION('',(0.,1.,0.));
#9741=DIRECTION('center_axis',(0.,1.,0.));
#9742=DIRECTION('ref_axis',(1.,0.,0.));
#9743=DIRECTION('',(0.,1.,0.));
#9744=DIRECTION('center_axis',(0.,1.,0.));
#9745=DIRECTION('ref_axis',(1.,0.,0.));
#9746=DIRECTION('',(0.,1.,0.));
#9747=DIRECTION('center_axis',(0.445570502603307,0.,0.895246852666814));
#9748=DIRECTION('ref_axis',(0.895246852666814,0.,-0.445570502603307));
#9749=DIRECTION('',(0.,1.,0.));
#9750=DIRECTION('center_axis',(0.,1.,0.));
#9751=DIRECTION('ref_axis',(1.,0.,0.));
#9752=DIRECTION('',(0.,1.,0.));
#9753=DIRECTION('center_axis',(1.,0.,0.));
#9754=DIRECTION('ref_axis',(0.,0.,-1.));
#9755=DIRECTION('',(0.,1.,0.));
#9756=DIRECTION('center_axis',(0.,1.,0.));
#9757=DIRECTION('ref_axis',(1.,0.,0.));
#9758=DIRECTION('',(0.,1.,0.));
#9759=DIRECTION('center_axis',(0.725181312270798,0.,-0.688557960039098));
#9760=DIRECTION('ref_axis',(-0.688557960039098,0.,-0.725181312270798));
#9761=DIRECTION('',(0.,1.,0.));
#9762=DIRECTION('center_axis',(0.,1.,0.));
#9763=DIRECTION('ref_axis',(1.,0.,0.));
#9764=DIRECTION('',(0.,1.,0.));
#9765=DIRECTION('center_axis',(0.,1.,0.));
#9766=DIRECTION('ref_axis',(1.,0.,0.));
#9767=DIRECTION('',(0.,1.,0.));
#9768=DIRECTION('center_axis',(1.,0.,0.));
#9769=DIRECTION('ref_axis',(0.,0.,-1.));
#9770=DIRECTION('',(0.,1.,0.));
#9771=DIRECTION('center_axis',(0.,1.,0.));
#9772=DIRECTION('ref_axis',(1.,0.,0.));
#9773=DIRECTION('',(0.,1.,0.));
#9774=DIRECTION('center_axis',(0.,0.,1.));
#9775=DIRECTION('ref_axis',(1.,0.,0.));
#9776=DIRECTION('',(0.,1.,0.));
#9777=DIRECTION('center_axis',(0.,1.,0.));
#9778=DIRECTION('ref_axis',(1.,0.,0.));
#9779=DIRECTION('',(0.,1.,0.));
#9780=DIRECTION('center_axis',(-1.,0.,0.));
#9781=DIRECTION('ref_axis',(0.,0.,1.));
#9782=DIRECTION('',(0.,1.,0.));
#9783=DIRECTION('center_axis',(0.,1.,0.));
#9784=DIRECTION('ref_axis',(1.,0.,0.));
#9785=DIRECTION('',(0.,1.,0.));
#9786=DIRECTION('center_axis',(0.,1.,0.));
#9787=DIRECTION('ref_axis',(-0.78965203661352,0.,0.613554937289335));
#9788=DIRECTION('',(0.,1.,0.));
#9789=DIRECTION('center_axis',(-0.725181312270798,0.,-0.688557960039098));
#9790=DIRECTION('ref_axis',(-0.688557960039098,0.,0.725181312270798));
#9791=DIRECTION('',(0.,1.,0.));
#9792=DIRECTION('center_axis',(0.,1.,0.));
#9793=DIRECTION('ref_axis',(1.,0.,0.));
#9794=DIRECTION('',(0.,1.,0.));
#9795=DIRECTION('center_axis',(-1.,0.,0.));
#9796=DIRECTION('ref_axis',(0.,0.,1.));
#9797=DIRECTION('',(0.,1.,0.));
#9798=DIRECTION('center_axis',(0.,1.,0.));
#9799=DIRECTION('ref_axis',(1.,0.,0.));
#9800=DIRECTION('',(0.,1.,0.));
#9801=DIRECTION('center_axis',(-0.445570502603307,0.,0.895246852666814));
#9802=DIRECTION('ref_axis',(0.895246852666814,0.,0.445570502603307));
#9803=DIRECTION('',(0.,1.,0.));
#9804=DIRECTION('center_axis',(0.,1.,0.));
#9805=DIRECTION('ref_axis',(-0.946672763634644,0.,-0.322196645842792));
#9806=DIRECTION('',(0.,1.,0.));
#9807=DIRECTION('center_axis',(0.,1.,0.));
#9808=DIRECTION('ref_axis',(1.,0.,0.));
#9809=DIRECTION('',(0.,1.,0.));
#9810=DIRECTION('center_axis',(-1.,0.,0.));
#9811=DIRECTION('ref_axis',(0.,0.,1.));
#9812=DIRECTION('',(0.,1.,0.));
#9813=DIRECTION('center_axis',(0.,1.,0.));
#9814=DIRECTION('ref_axis',(1.,0.,0.));
#9815=DIRECTION('',(0.,1.,0.));
#9816=DIRECTION('center_axis',(0.,0.,-1.));
#9817=DIRECTION('ref_axis',(-1.,0.,0.));
#9818=DIRECTION('center_axis',(-1.,0.,0.));
#9819=DIRECTION('ref_axis',(0.,0.,1.));
#9820=DIRECTION('',(0.,1.,0.));
#9821=DIRECTION('',(0.,1.,0.));
#9822=DIRECTION('center_axis',(0.,1.,0.));
#9823=DIRECTION('ref_axis',(1.,0.,0.));
#9824=DIRECTION('',(0.,1.,0.));
#9825=DIRECTION('center_axis',(1.,0.,0.));
#9826=DIRECTION('ref_axis',(0.,0.,-1.));
#9827=DIRECTION('',(0.,1.,0.));
#9828=DIRECTION('center_axis',(0.,1.,0.));
#9829=DIRECTION('ref_axis',(1.,0.,0.));
#9830=DIRECTION('center_axis',(-1.,0.,0.));
#9831=DIRECTION('ref_axis',(0.,0.,1.));
#9832=DIRECTION('',(0.,1.,0.));
#9833=DIRECTION('',(0.,1.,0.));
#9834=DIRECTION('center_axis',(0.,1.,0.));
#9835=DIRECTION('ref_axis',(1.,0.,0.));
#9836=DIRECTION('',(0.,1.,0.));
#9837=DIRECTION('center_axis',(1.,0.,0.));
#9838=DIRECTION('ref_axis',(0.,0.,-1.));
#9839=DIRECTION('',(0.,1.,0.));
#9840=DIRECTION('center_axis',(0.,1.,0.));
#9841=DIRECTION('ref_axis',(1.,0.,0.));
#9842=DIRECTION('center_axis',(-1.,0.,0.));
#9843=DIRECTION('ref_axis',(0.,0.,1.));
#9844=DIRECTION('',(0.,1.,0.));
#9845=DIRECTION('',(0.,1.,0.));
#9846=DIRECTION('center_axis',(0.,1.,0.));
#9847=DIRECTION('ref_axis',(1.,0.,0.));
#9848=DIRECTION('',(0.,1.,0.));
#9849=DIRECTION('center_axis',(1.,0.,0.));
#9850=DIRECTION('ref_axis',(0.,0.,-1.));
#9851=DIRECTION('',(0.,1.,0.));
#9852=DIRECTION('center_axis',(0.,1.,0.));
#9853=DIRECTION('ref_axis',(1.,0.,0.));
#9854=DIRECTION('center_axis',(0.,1.,0.));
#9855=DIRECTION('ref_axis',(1.,0.,0.));
#9856=DIRECTION('',(0.,1.,0.));
#9857=DIRECTION('',(0.,1.,0.));
#9858=DIRECTION('center_axis',(-1.,0.,0.));
#9859=DIRECTION('ref_axis',(0.,0.,1.));
#9860=DIRECTION('',(0.,1.,0.));
#9861=DIRECTION('center_axis',(0.,1.,0.));
#9862=DIRECTION('ref_axis',(1.,0.,0.));
#9863=DIRECTION('',(0.,1.,0.));
#9864=DIRECTION('center_axis',(1.,0.,0.));
#9865=DIRECTION('ref_axis',(0.,0.,-1.));
#9866=DIRECTION('center_axis',(1.,0.,0.));
#9867=DIRECTION('ref_axis',(0.,0.,-1.));
#9868=DIRECTION('',(0.,1.,0.));
#9869=DIRECTION('',(0.,1.,0.));
#9870=DIRECTION('center_axis',(0.,1.,0.));
#9871=DIRECTION('ref_axis',(1.,0.,0.));
#9872=DIRECTION('',(0.,1.,0.));
#9873=DIRECTION('center_axis',(-1.,0.,0.));
#9874=DIRECTION('ref_axis',(0.,0.,1.));
#9875=DIRECTION('',(0.,1.,0.));
#9876=DIRECTION('center_axis',(0.,1.,0.));
#9877=DIRECTION('ref_axis',(1.,0.,0.));
#9878=DIRECTION('center_axis',(-1.,0.,0.));
#9879=DIRECTION('ref_axis',(0.,0.,1.));
#9880=DIRECTION('',(0.,1.,0.));
#9881=DIRECTION('',(0.,1.,0.));
#9882=DIRECTION('center_axis',(0.,1.,0.));
#9883=DIRECTION('ref_axis',(1.,0.,0.));
#9884=DIRECTION('',(0.,1.,0.));
#9885=DIRECTION('center_axis',(1.,0.,0.));
#9886=DIRECTION('ref_axis',(0.,0.,-1.));
#9887=DIRECTION('',(0.,1.,0.));
#9888=DIRECTION('center_axis',(0.,1.,0.));
#9889=DIRECTION('ref_axis',(1.,0.,0.));
#9890=DIRECTION('center_axis',(0.,1.,0.));
#9891=DIRECTION('ref_axis',(1.,0.,0.));
#9892=DIRECTION('',(0.,1.,0.));
#9893=DIRECTION('',(0.,1.,0.));
#9894=DIRECTION('center_axis',(1.,0.,0.));
#9895=DIRECTION('ref_axis',(0.,0.,-1.));
#9896=DIRECTION('',(0.,1.,0.));
#9897=DIRECTION('center_axis',(0.,1.,0.));
#9898=DIRECTION('ref_axis',(1.,0.,0.));
#9899=DIRECTION('',(0.,1.,0.));
#9900=DIRECTION('center_axis',(-1.,0.,0.));
#9901=DIRECTION('ref_axis',(0.,0.,1.));
#9902=DIRECTION('center_axis',(0.,0.,1.));
#9903=DIRECTION('ref_axis',(1.,0.,0.));
#9904=DIRECTION('',(-1.,-5.878864060752E-11,-5.878852958522E-11));
#9905=DIRECTION('',(-1.341642846381E-12,1.,-1.326504338647E-10));
#9906=DIRECTION('',(5.554741851684E-10,1.,-2.009256958348E-12));
#9907=DIRECTION('center_axis',(0.,-0.707106781186548,0.707106781186548));
#9908=DIRECTION('ref_axis',(0.,0.707106781186548,0.707106781186548));
#9909=DIRECTION('',(-2.33270879651916E-12,0.707106781186547,0.707106781186547));
#9910=DIRECTION('',(9.65116544650365E-10,0.707106781186548,0.707106781186548));
#9911=DIRECTION('center_axis',(0.,-1.,0.));
#9912=DIRECTION('ref_axis',(0.,0.,-1.));
#9913=DIRECTION('center_axis',(0.,1.,0.));
#9914=DIRECTION('ref_axis',(0.,0.,-1.));
#9915=DIRECTION('',(0.707106781186547,0.707106781186547,2.32912001375516E-12));
#9916=DIRECTION('center_axis',(0.707106781186548,-0.707106781186548,0.));
#9917=DIRECTION('ref_axis',(0.707106781186548,0.707106781186548,0.));
#9918=DIRECTION('',(-7.348635588703E-12,-7.348597424786E-12,1.));
#9919=DIRECTION('',(0.707106781186548,0.707106781186548,-9.65116993248265E-10));
#9920=DIRECTION('center_axis',(0.,-1.,0.));
#9921=DIRECTION('ref_axis',(0.,0.,-1.));
#9922=DIRECTION('center_axis',(0.,1.,0.));
#9923=DIRECTION('ref_axis',(-1.,0.,0.));
#9924=DIRECTION('',(2.33226019867416E-12,0.707106781186547,-0.707106781186547));
#9925=DIRECTION('center_axis',(0.,-0.707106781186548,-0.707106781186548));
#9926=DIRECTION('ref_axis',(0.,0.707106781186548,-0.707106781186548));
#9927=DIRECTION('',(1.,-5.878844631849E-11,5.878852958522E-11));
#9928=DIRECTION('',(-9.65116993248265E-10,0.707106781186548,-0.707106781186548));
#9929=DIRECTION('center_axis',(0.,-1.,0.));
#9930=DIRECTION('ref_axis',(0.,0.,-1.));
#9931=DIRECTION('center_axis',(0.,1.,0.));
#9932=DIRECTION('ref_axis',(0.,0.,1.));
#9933=DIRECTION('',(-0.707106781186547,0.707106781186547,-2.35783027586616E-12));
#9934=DIRECTION('center_axis',(-0.707106781186548,-0.707106781186548,0.));
#9935=DIRECTION('ref_axis',(-0.707106781186548,0.707106781186548,0.));
#9936=DIRECTION('',(7.350620112359E-12,-7.348625180362E-12,-1.));
#9937=DIRECTION('',(-0.707106781186548,0.707106781186548,9.65113404465465E-10));
#9938=DIRECTION('center_axis',(0.,-1.,0.));
#9939=DIRECTION('ref_axis',(0.,0.,-1.));
#9940=DIRECTION('center_axis',(0.,1.,0.));
#9941=DIRECTION('ref_axis',(1.,0.,0.));
#9942=DIRECTION('center_axis',(0.,1.,0.));
#9943=DIRECTION('ref_axis',(1.,0.,0.));
#9944=DIRECTION('',(2.008270093437E-12,1.,5.554687574114E-10));
#9945=DIRECTION('center_axis',(-1.,0.,0.));
#9946=DIRECTION('ref_axis',(0.,0.,1.));
#9947=DIRECTION('',(1.326501871485E-10,1.,-1.359899847232E-12));
#9948=DIRECTION('center_axis',(0.,1.,0.));
#9949=DIRECTION('ref_axis',(1.,0.,0.));
#9950=DIRECTION('',(-5.554744318846E-10,1.,2.009256958348E-12));
#9951=DIRECTION('center_axis',(0.,0.,-1.));
#9952=DIRECTION('ref_axis',(-1.,0.,0.));
#9953=DIRECTION('',(1.341396130153E-12,1.,1.326504338647E-10));
#9954=DIRECTION('center_axis',(0.,1.,0.));
#9955=DIRECTION('ref_axis',(1.,0.,0.));
#9956=DIRECTION('',(-2.008516809665E-12,1.,-5.554746786009E-10));
#9957=DIRECTION('center_axis',(1.,0.,0.));
#9958=DIRECTION('ref_axis',(0.,0.,-1.));
#9959=DIRECTION('',(-1.326499404323E-10,1.,1.342136278836E-12));
#9960=DIRECTION('center_axis',(0.,1.,0.));
#9961=DIRECTION('ref_axis',(1.,0.,0.));
#9962=DIRECTION('center_axis',(-1.,0.,0.));
#9963=DIRECTION('ref_axis',(0.,0.,1.));
#9964=DIRECTION('',(0.,1.,0.));
#9965=DIRECTION('',(0.,1.,0.));
#9966=DIRECTION('center_axis',(0.,1.,0.));
#9967=DIRECTION('ref_axis',(1.,0.,0.));
#9968=DIRECTION('',(0.,1.,0.));
#9969=DIRECTION('center_axis',(1.,0.,0.));
#9970=DIRECTION('ref_axis',(0.,0.,-1.));
#9971=DIRECTION('',(0.,1.,0.));
#9972=DIRECTION('center_axis',(0.,1.,0.));
#9973=DIRECTION('ref_axis',(1.,0.,0.));
#9974=DIRECTION('center_axis',(0.,1.,0.));
#9975=DIRECTION('ref_axis',(1.,0.,0.));
#9976=DIRECTION('',(0.,1.,0.));
#9977=DIRECTION('',(0.,1.,0.));
#9978=DIRECTION('center_axis',(1.,0.,0.));
#9979=DIRECTION('ref_axis',(0.,0.,-1.));
#9980=DIRECTION('',(0.,1.,0.));
#9981=DIRECTION('center_axis',(0.,1.,0.));
#9982=DIRECTION('ref_axis',(1.,0.,0.));
#9983=DIRECTION('',(0.,1.,0.));
#9984=DIRECTION('center_axis',(-1.,0.,0.));
#9985=DIRECTION('ref_axis',(0.,0.,1.));
#9986=DIRECTION('center_axis',(-1.,0.,0.));
#9987=DIRECTION('ref_axis',(0.,0.,1.));
#9988=DIRECTION('',(0.,1.,0.));
#9989=DIRECTION('',(0.,1.,0.));
#9990=DIRECTION('center_axis',(0.,1.,0.));
#9991=DIRECTION('ref_axis',(1.,0.,0.));
#9992=DIRECTION('',(0.,1.,0.));
#9993=DIRECTION('center_axis',(1.,0.,0.));
#9994=DIRECTION('ref_axis',(0.,0.,-1.));
#9995=DIRECTION('',(0.,1.,0.));
#9996=DIRECTION('center_axis',(0.,1.,0.));
#9997=DIRECTION('ref_axis',(1.,0.,0.));
#9998=DIRECTION('center_axis',(0.,1.,0.));
#9999=DIRECTION('ref_axis',(1.,0.,0.));
#10000=DIRECTION('',(0.,1.,0.));
#10001=DIRECTION('',(0.,1.,0.));
#10002=DIRECTION('center_axis',(1.,0.,0.));
#10003=DIRECTION('ref_axis',(0.,0.,-1.));
#10004=DIRECTION('',(0.,1.,0.));
#10005=DIRECTION('center_axis',(0.,1.,0.));
#10006=DIRECTION('ref_axis',(1.,0.,0.));
#10007=DIRECTION('',(0.,1.,0.));
#10008=DIRECTION('center_axis',(-1.,0.,0.));
#10009=DIRECTION('ref_axis',(0.,0.,1.));
#10010=DIRECTION('center_axis',(0.,1.,0.));
#10011=DIRECTION('ref_axis',(0.,0.,-1.));
#10012=DIRECTION('',(-2.33091440513716E-12,-0.707106781186547,0.707106781186547));
#10013=DIRECTION('center_axis',(0.,-1.,0.));
#10014=DIRECTION('ref_axis',(0.,0.,-1.));
#10015=DIRECTION('',(-0.707106781186548,-0.707106781186548,9.65116993248265E-10));
#10016=DIRECTION('center_axis',(-0.707106781186548,0.707106781186548,0.));
#10017=DIRECTION('ref_axis',(-0.707106781186548,-0.707106781186548,0.));
#10018=DIRECTION('',(-5.878897367443E-11,-5.878897367443E-11,1.));
#10019=DIRECTION('',(-0.707106781186547,-0.707106781186547,-2.32912001375516E-12));
#10020=DIRECTION('center_axis',(0.,1.,0.));
#10021=DIRECTION('ref_axis',(0.,0.,-1.));
#10022=DIRECTION('center_axis',(0.,-1.,0.));
#10023=DIRECTION('ref_axis',(1.,0.,0.));
#10024=DIRECTION('',(-9.65116096052496E-10,-0.707106781186598,-0.707106781186498));
#10025=DIRECTION('center_axis',(0.,0.707106781186548,-0.707106781186548));
#10026=DIRECTION('ref_axis',(0.,-0.707106781186548,-0.707106781186548));
#10027=DIRECTION('',(-1.,-2.137748563832E-11,-2.137764712531E-11));
#10028=DIRECTION('',(2.33091440513699E-12,-0.707106781186597,-0.707106781186498));
#10029=DIRECTION('center_axis',(0.,1.,0.));
#10030=DIRECTION('ref_axis',(0.,0.,-1.));
#10031=DIRECTION('center_axis',(0.,-1.,0.));
#10032=DIRECTION('ref_axis',(0.,0.,1.));
#10033=DIRECTION('',(0.707106781186548,-0.707106781186548,-9.65116993248265E-10));
#10034=DIRECTION('center_axis',(0.707106781186548,0.707106781186548,0.));
#10035=DIRECTION('ref_axis',(0.707106781186548,-0.707106781186548,0.));
#10036=DIRECTION('',(5.878897367443E-11,-5.878886265213E-11,-1.));
#10037=DIRECTION('',(0.707106781186547,-0.707106781186547,2.33270879651916E-12));
#10038=DIRECTION('center_axis',(0.,1.,0.));
#10039=DIRECTION('ref_axis',(0.,0.,-1.));
#10040=DIRECTION('center_axis',(0.,-1.,0.));
#10041=DIRECTION('ref_axis',(-1.,0.,0.));
#10042=DIRECTION('',(9.65117890443897E-10,-0.707106781186498,0.707106781186598));
#10043=DIRECTION('center_axis',(0.,0.707106781186548,0.707106781186548));
#10044=DIRECTION('ref_axis',(0.,-0.707106781186548,0.707106781186548));
#10045=DIRECTION('',(1.,-2.137786916991E-11,2.137764712531E-11));
#10046=DIRECTION('center_axis',(0.,0.,1.));
#10047=DIRECTION('ref_axis',(1.,0.,0.));
#10048=DIRECTION('',(-1.,-2.137777833348E-11,-2.137764712531E-11));
#10049=DIRECTION('',(0.,1.,0.));
#10050=DIRECTION('',(0.,1.,0.));
#10051=DIRECTION('center_axis',(0.,-0.707106781186548,0.707106781186548));
#10052=DIRECTION('ref_axis',(0.,0.707106781186548,0.707106781186548));
#10053=DIRECTION('',(-2.33181160082816E-12,0.707106781186547,0.707106781186547));
#10054=DIRECTION('',(9.65116993248265E-10,0.707106781186548,0.707106781186548));
#10055=DIRECTION('center_axis',(0.,-1.,0.));
#10056=DIRECTION('ref_axis',(0.,0.,-1.));
#10057=DIRECTION('center_axis',(0.,1.,0.));
#10058=DIRECTION('ref_axis',(0.,0.,-1.));
#10059=DIRECTION('',(0.707106781186547,0.707106781186547,2.32553123099116E-12));
#10060=DIRECTION('center_axis',(0.707106781186548,-0.707106781186548,0.));
#10061=DIRECTION('ref_axis',(0.707106781186548,0.707106781186548,0.));
#10062=DIRECTION('',(-5.878897367443E-11,-5.87885573408E-11,1.));
#10063=DIRECTION('',(0.707106781186548,0.707106781186548,-9.65116993248265E-10));
#10064=DIRECTION('center_axis',(0.,-1.,0.));
#10065=DIRECTION('ref_axis',(0.,0.,-1.));
#10066=DIRECTION('center_axis',(0.,1.,0.));
#10067=DIRECTION('ref_axis',(-1.,0.,0.));
#10068=DIRECTION('',(2.33091440513716E-12,0.707106781186547,-0.707106781186547));
#10069=DIRECTION('center_axis',(0.,-0.707106781186548,-0.707106781186548));
#10070=DIRECTION('ref_axis',(0.,0.707106781186548,-0.707106781186548));
#10071=DIRECTION('',(1.,-2.137762693943E-11,2.137764712531E-11));
#10072=DIRECTION('',(-9.65116993248265E-10,0.707106781186548,-0.707106781186548));
#10073=DIRECTION('center_axis',(0.,-1.,0.));
#10074=DIRECTION('ref_axis',(0.,0.,-1.));
#10075=DIRECTION('',(-0.707106781186547,0.707106781186547,-2.32553123099116E-12));
#10076=DIRECTION('center_axis',(0.,1.,0.));
#10077=DIRECTION('ref_axis',(0.,0.,1.));
#10078=DIRECTION('center_axis',(-0.707106781186548,-0.707106781186548,0.));
#10079=DIRECTION('ref_axis',(-0.707106781186548,0.707106781186548,0.));
#10080=DIRECTION('',(5.878897367443E-11,-5.878911245231E-11,-1.));
#10081=DIRECTION('',(-0.707106781186548,0.707106781186548,9.65124170813765E-10));
#10082=DIRECTION('center_axis',(0.,-1.,0.));
#10083=DIRECTION('ref_axis',(0.,0.,-1.));
#10084=DIRECTION('center_axis',(0.,1.,0.));
#10085=DIRECTION('ref_axis',(1.,0.,0.));
#10086=DIRECTION('center_axis',(0.,1.,0.));
#10087=DIRECTION('ref_axis',(1.,0.,0.));
#10088=DIRECTION('',(0.,1.,0.));
#10089=DIRECTION('center_axis',(-1.,0.,0.));
#10090=DIRECTION('ref_axis',(0.,0.,1.));
#10091=DIRECTION('',(0.,1.,0.));
#10092=DIRECTION('center_axis',(0.,1.,0.));
#10093=DIRECTION('ref_axis',(1.,0.,0.));
#10094=DIRECTION('',(0.,1.,0.));
#10095=DIRECTION('center_axis',(0.,0.,-1.));
#10096=DIRECTION('ref_axis',(-1.,0.,0.));
#10097=DIRECTION('',(0.,1.,0.));
#10098=DIRECTION('center_axis',(0.,1.,0.));
#10099=DIRECTION('ref_axis',(1.,0.,0.));
#10100=DIRECTION('',(0.,1.,0.));
#10101=DIRECTION('center_axis',(1.,0.,0.));
#10102=DIRECTION('ref_axis',(0.,0.,-1.));
#10103=DIRECTION('',(0.,1.,0.));
#10104=DIRECTION('center_axis',(0.,1.,0.));
#10105=DIRECTION('ref_axis',(1.,0.,0.));
#10106=DIRECTION('center_axis',(0.,1.,0.));
#10107=DIRECTION('ref_axis',(0.,0.,-1.));
#10108=DIRECTION('',(-0.707106781186547,-0.707106781186547,-2.33629757928316E-12));
#10109=DIRECTION('center_axis',(0.,-1.,0.));
#10110=DIRECTION('ref_axis',(1.,0.,0.));
#10111=DIRECTION('',(-9.65116993248265E-10,-0.707106781186548,-0.707106781186548));
#10112=DIRECTION('center_axis',(0.,0.707106781186548,-0.707106781186548));
#10113=DIRECTION('ref_axis',(0.,-0.707106781186548,-0.707106781186548));
#10114=DIRECTION('',(-1.,-2.137780861229E-11,-2.137764712531E-11));
#10115=DIRECTION('',(2.33091440513716E-12,-0.707106781186547,-0.707106781186547));
#10116=DIRECTION('center_axis',(0.,1.,0.));
#10117=DIRECTION('ref_axis',(0.,0.,-1.));
#10118=DIRECTION('center_axis',(0.,-1.,0.));
#10119=DIRECTION('ref_axis',(0.,0.,1.));
#10120=DIRECTION('',(0.707106781186548,-0.707106781186548,-9.65116993248265E-10));
#10121=DIRECTION('center_axis',(0.707106781186548,0.707106781186548,0.));
#10122=DIRECTION('ref_axis',(0.707106781186548,-0.707106781186548,0.));
#10123=DIRECTION('',(5.878897367443E-11,-5.878875162983E-11,-1.));
#10124=DIRECTION('',(0.707106781186547,-0.707106781186547,2.32553123099116E-12));
#10125=DIRECTION('center_axis',(0.,1.,0.));
#10126=DIRECTION('ref_axis',(0.,0.,-1.));
#10127=DIRECTION('center_axis',(0.,-1.,0.));
#10128=DIRECTION('ref_axis',(-1.,0.,0.));
#10129=DIRECTION('',(9.65116993248265E-10,-0.707106781186548,0.707106781186548));
#10130=DIRECTION('center_axis',(0.,0.707106781186548,0.707106781186548));
#10131=DIRECTION('ref_axis',(0.,-0.707106781186548,0.707106781186548));
#10132=DIRECTION('',(1.,-2.137768749705E-11,2.137764712531E-11));
#10133=DIRECTION('',(-2.33091440513699E-12,-0.707106781186597,0.707106781186498));
#10134=DIRECTION('center_axis',(0.,1.,0.));
#10135=DIRECTION('ref_axis',(0.,0.,-1.));
#10136=DIRECTION('center_axis',(0.,-1.,0.));
#10137=DIRECTION('ref_axis',(0.,0.,-1.));
#10138=DIRECTION('',(-0.707106781186548,-0.707106781186548,9.65116993248265E-10));
#10139=DIRECTION('center_axis',(-0.707106781186548,0.707106781186548,0.));
#10140=DIRECTION('ref_axis',(-0.707106781186548,-0.707106781186548,0.));
#10141=DIRECTION('',(-5.878897367443E-11,-5.878880714098E-11,1.));
#10142=DIRECTION('center_axis',(-1.,0.,0.));
#10143=DIRECTION('ref_axis',(0.,0.,1.));
#10144=DIRECTION('',(0.,1.,0.));
#10145=DIRECTION('',(5.878897367443E-11,-5.878847407407E-11,-1.));
#10146=DIRECTION('',(0.,1.,0.));
#10147=DIRECTION('center_axis',(0.,1.,0.));
#10148=DIRECTION('ref_axis',(1.,0.,0.));
#10149=DIRECTION('center_axis',(0.,1.,0.));
#10150=DIRECTION('ref_axis',(0.,0.,1.));
#10151=DIRECTION('',(0.,1.,0.));
#10152=DIRECTION('center_axis',(0.,0.,-1.));
#10153=DIRECTION('ref_axis',(-1.,0.,0.));
#10154=DIRECTION('',(1.,-2.137778842642E-11,2.137764712531E-11));
#10155=DIRECTION('',(0.,1.,0.));
#10156=DIRECTION('center_axis',(0.,1.,0.));
#10157=DIRECTION('ref_axis',(1.,0.,0.));
#10158=DIRECTION('center_axis',(0.,1.,0.));
#10159=DIRECTION('ref_axis',(-1.,0.,0.));
#10160=DIRECTION('',(0.,1.,0.));
#10161=DIRECTION('center_axis',(1.,0.,0.));
#10162=DIRECTION('ref_axis',(0.,0.,-1.));
#10163=DIRECTION('',(-5.878897367443E-11,-5.878897367443E-11,1.));
#10164=DIRECTION('',(0.,1.,0.));
#10165=DIRECTION('center_axis',(0.,1.,0.));
#10166=DIRECTION('ref_axis',(1.,0.,0.));
#10167=DIRECTION('center_axis',(0.,1.,0.));
#10168=DIRECTION('ref_axis',(0.,0.,-1.));
#10169=DIRECTION('',(0.,1.,0.));
#10170=DIRECTION('center_axis',(0.,0.,1.));
#10171=DIRECTION('ref_axis',(1.,0.,0.));
#10172=DIRECTION('',(-1.,-2.137756638181E-11,-2.137764712531E-11));
#10173=DIRECTION('',(0.,1.,0.));
#10174=DIRECTION('center_axis',(0.,1.,0.));
#10175=DIRECTION('ref_axis',(1.,0.,0.));
#10176=DIRECTION('center_axis',(0.,1.,0.));
#10177=DIRECTION('ref_axis',(1.,0.,0.));
#10178=DIRECTION('center_axis',(0.,-1.,0.));
#10179=DIRECTION('ref_axis',(0.,0.,-1.));
#10180=DIRECTION('',(-0.707106781186548,0.707106781186548,9.65116993248265E-10));
#10181=DIRECTION('',(-2.33091440513716E-12,0.707106781186547,0.707106781186547));
#10182=DIRECTION('center_axis',(0.,-0.707106781186548,0.707106781186548));
#10183=DIRECTION('ref_axis',(0.,0.707106781186548,0.707106781186548));
#10184=DIRECTION('',(9.65115198856797E-10,0.707106781186598,0.707106781186498));
#10185=DIRECTION('center_axis',(0.,-1.,0.));
#10186=DIRECTION('ref_axis',(0.,0.,-1.));
#10187=DIRECTION('',(0.707106781186547,0.707106781186547,2.32553123099116E-12));
#10188=DIRECTION('center_axis',(0.707106781186548,-0.707106781186548,0.));
#10189=DIRECTION('ref_axis',(0.707106781186548,0.707106781186548,0.));
#10190=DIRECTION('',(0.707106781186548,0.707106781186548,-9.65116993248265E-10));
#10191=DIRECTION('center_axis',(0.,-1.,0.));
#10192=DIRECTION('ref_axis',(0.,0.,-1.));
#10193=DIRECTION('',(2.33091440513716E-12,0.707106781186547,-0.707106781186547));
#10194=DIRECTION('center_axis',(0.,-0.707106781186548,-0.707106781186548));
#10195=DIRECTION('ref_axis',(0.,0.707106781186548,-0.707106781186548));
#10196=DIRECTION('',(-9.65116993248265E-10,0.707106781186548,-0.707106781186548));
#10197=DIRECTION('center_axis',(0.,-1.,0.));
#10198=DIRECTION('ref_axis',(0.,0.,-1.));
#10199=DIRECTION('',(-0.707106781186547,0.707106781186547,-2.32553123099116E-12));
#10200=DIRECTION('center_axis',(-0.707106781186548,-0.707106781186548,0.));
#10201=DIRECTION('ref_axis',(-0.707106781186548,0.707106781186548,0.));
#10202=DIRECTION('axis',(0.,0.,1.));
#10203=DIRECTION('refdir',(1.,0.,0.));
#10204=DIRECTION('center_axis',(0.,1.,0.));
#10205=DIRECTION('ref_axis',(1.,0.,0.));
#10206=DIRECTION('center_axis',(0.,1.,0.));
#10207=DIRECTION('ref_axis',(0.951883090181531,0.,0.30646138847571));
#10208=DIRECTION('center_axis',(0.,-1.,0.));
#10209=DIRECTION('ref_axis',(-0.951883090181502,0.,0.306461388475801));
#10210=DIRECTION('center_axis',(0.,1.,0.));
#10211=DIRECTION('ref_axis',(-0.895246852666814,0.,0.445570502603307));
#10212=DIRECTION('',(0.445570502603307,0.,0.895246852666814));
#10213=DIRECTION('center_axis',(0.,-1.,0.));
#10214=DIRECTION('ref_axis',(0.,0.,-1.));
#10215=DIRECTION('',(1.,0.,0.));
#10216=DIRECTION('center_axis',(0.,-1.,0.));
#10217=DIRECTION('ref_axis',(-0.688557960039098,0.,-0.725181312270798));
#10218=DIRECTION('',(0.725181312270798,0.,-0.688557960039098));
#10219=DIRECTION('center_axis',(0.,1.,0.));
#10220=DIRECTION('ref_axis',(-0.817725928035225,0.,-0.575607771506718));
#10221=DIRECTION('center_axis',(0.,-1.,0.));
#10222=DIRECTION('ref_axis',(0.817725928035098,0.,-0.575607771506898));
#10223=DIRECTION('center_axis',(0.,1.,0.));
#10224=DIRECTION('ref_axis',(0.688557960039098,0.,-0.725181312270798));
#10225=DIRECTION('',(-0.725181312270798,0.,-0.688557960039098));
#10226=DIRECTION('center_axis',(0.,-1.,0.));
#10227=DIRECTION('ref_axis',(0.,0.,1.));
#10228=DIRECTION('',(-1.,0.,0.));
#10229=DIRECTION('center_axis',(0.,-1.,0.));
#10230=DIRECTION('ref_axis',(0.895246852666814,0.,0.445570502603307));
#10231=DIRECTION('',(-0.445570502603307,0.,0.895246852666814));
#10232=DIRECTION('center_axis',(0.,-1.,0.));
#10233=DIRECTION('ref_axis',(1.,0.,0.));
#10234=DIRECTION('center_axis',(0.,-1.,0.));
#10235=DIRECTION('ref_axis',(1.,0.,0.));
#10236=DIRECTION('center_axis',(0.,-1.,0.));
#10237=DIRECTION('ref_axis',(1.,0.,0.));
#10238=DIRECTION('center_axis',(0.,-1.,0.));
#10239=DIRECTION('ref_axis',(1.,0.,0.));
#10240=DIRECTION('center_axis',(0.,-1.,0.));
#10241=DIRECTION('ref_axis',(1.,0.,0.));
#10242=DIRECTION('center_axis',(0.,-1.,0.));
#10243=DIRECTION('ref_axis',(1.,0.,0.));
#10244=DIRECTION('center_axis',(0.,-1.,0.));
#10245=DIRECTION('ref_axis',(1.,0.,0.));
#10246=DIRECTION('center_axis',(0.,-1.,0.));
#10247=DIRECTION('ref_axis',(1.,0.,0.));
#10248=DIRECTION('center_axis',(0.,-1.,0.));
#10249=DIRECTION('ref_axis',(-1.,0.,-3.611925573447E-14));
#10250=DIRECTION('',(0.,0.,-1.));
#10251=DIRECTION('center_axis',(0.,-1.,0.));
#10252=DIRECTION('ref_axis',(0.,0.,1.));
#10253=DIRECTION('',(-1.,0.,0.));
#10254=DIRECTION('center_axis',(0.,1.,0.));
#10255=DIRECTION('ref_axis',(1.,0.,0.));
#10256=DIRECTION('',(0.,0.,-1.));
#10257=DIRECTION('center_axis',(0.,-1.,0.));
#10258=DIRECTION('ref_axis',(0.,0.,1.));
#10259=DIRECTION('',(-1.,0.,0.));
#10260=DIRECTION('center_axis',(0.,-1.,0.));
#10261=DIRECTION('ref_axis',(1.,0.,0.));
#10262=DIRECTION('',(0.,0.,1.));
#10263=DIRECTION('center_axis',(0.,1.,0.));
#10264=DIRECTION('ref_axis',(0.,0.,-1.));
#10265=DIRECTION('',(-1.,0.,0.));
#10266=DIRECTION('center_axis',(0.,-1.,0.));
#10267=DIRECTION('ref_axis',(1.,0.,0.));
#10268=DIRECTION('',(0.,0.,1.));
#10269=DIRECTION('center_axis',(0.,-1.,0.));
#10270=DIRECTION('ref_axis',(0.,0.,-1.));
#10271=DIRECTION('',(1.,0.,0.));
#10272=DIRECTION('center_axis',(0.,1.,0.));
#10273=DIRECTION('ref_axis',(-1.,0.,2.6645352591E-14));
#10274=DIRECTION('',(0.,0.,1.));
#10275=DIRECTION('center_axis',(0.,-1.,0.));
#10276=DIRECTION('ref_axis',(0.,0.,-1.));
#10277=DIRECTION('',(1.,0.,0.));
#10278=DIRECTION('center_axis',(0.,-1.,0.));
#10279=DIRECTION('ref_axis',(-1.,0.,0.));
#10280=DIRECTION('',(0.,0.,-1.));
#10281=DIRECTION('center_axis',(0.,1.,0.));
#10282=DIRECTION('ref_axis',(0.,0.,1.));
#10283=DIRECTION('',(1.,0.,0.));
#10284=DIRECTION('center_axis',(0.,-1.,0.));
#10285=DIRECTION('ref_axis',(1.,0.,0.));
#10286=DIRECTION('center_axis',(0.,-1.,0.));
#10287=DIRECTION('ref_axis',(1.,0.,0.));
#10288=DIRECTION('center_axis',(0.,-1.,0.));
#10289=DIRECTION('ref_axis',(1.,0.,0.));
#10290=DIRECTION('center_axis',(0.,-1.,0.));
#10291=DIRECTION('ref_axis',(1.,0.,0.));
#10292=DIRECTION('center_axis',(0.,-1.,0.));
#10293=DIRECTION('ref_axis',(1.,0.,0.));
#10294=DIRECTION('center_axis',(0.,-1.,0.));
#10295=DIRECTION('ref_axis',(1.,0.,0.));
#10296=DIRECTION('center_axis',(0.,1.,0.));
#10297=DIRECTION('ref_axis',(1.,0.,0.));
#10298=DIRECTION('',(0.,1.,0.));
#10299=DIRECTION('center_axis',(0.,-1.,0.));
#10300=DIRECTION('ref_axis',(1.,0.,0.));
#10301=DIRECTION('center_axis',(0.,1.,0.));
#10302=DIRECTION('ref_axis',(1.,0.,0.));
#10303=DIRECTION('center_axis',(0.,1.,0.));
#10304=DIRECTION('ref_axis',(0.951883090181531,0.,0.30646138847571));
#10305=DIRECTION('',(-0.445570502603307,0.,0.895246852666814));
#10306=DIRECTION('center_axis',(0.,-1.,0.));
#10307=DIRECTION('ref_axis',(0.895246852666814,0.,0.445570502603307));
#10308=DIRECTION('',(-1.,0.,0.));
#10309=DIRECTION('center_axis',(0.,-1.,0.));
#10310=DIRECTION('ref_axis',(0.,0.,1.));
#10311=DIRECTION('',(-0.725181312270798,0.,-0.688557960039098));
#10312=DIRECTION('center_axis',(0.,1.,0.));
#10313=DIRECTION('ref_axis',(0.688557960039098,0.,-0.725181312270798));
#10314=DIRECTION('center_axis',(0.,-1.,0.));
#10315=DIRECTION('ref_axis',(0.817725928035098,0.,-0.575607771506898));
#10316=DIRECTION('center_axis',(0.,1.,0.));
#10317=DIRECTION('ref_axis',(-0.817725928035225,0.,-0.575607771506718));
#10318=DIRECTION('',(0.725181312270798,0.,-0.688557960039098));
#10319=DIRECTION('center_axis',(0.,-1.,0.));
#10320=DIRECTION('ref_axis',(-0.688557960039098,0.,-0.725181312270798));
#10321=DIRECTION('',(1.,0.,0.));
#10322=DIRECTION('center_axis',(0.,-1.,0.));
#10323=DIRECTION('ref_axis',(0.,0.,-1.));
#10324=DIRECTION('',(0.445570502603307,0.,0.895246852666814));
#10325=DIRECTION('center_axis',(0.,1.,0.));
#10326=DIRECTION('ref_axis',(-0.895246852666814,0.,0.445570502603307));
#10327=DIRECTION('center_axis',(0.,-1.,0.));
#10328=DIRECTION('ref_axis',(-0.951883090181502,0.,0.306461388475801));
#10329=DIRECTION('center_axis',(0.,-1.,0.));
#10330=DIRECTION('ref_axis',(1.,0.,0.));
#10331=DIRECTION('center_axis',(0.,-1.,0.));
#10332=DIRECTION('ref_axis',(1.,0.,0.));
#10333=DIRECTION('center_axis',(0.,-1.,0.));
#10334=DIRECTION('ref_axis',(1.,0.,0.));
#10335=DIRECTION('center_axis',(0.,-1.,0.));
#10336=DIRECTION('ref_axis',(1.,0.,0.));
#10337=DIRECTION('center_axis',(0.,-1.,0.));
#10338=DIRECTION('ref_axis',(1.,0.,0.));
#10339=DIRECTION('center_axis',(0.,-1.,0.));
#10340=DIRECTION('ref_axis',(1.,0.,0.));
#10341=DIRECTION('center_axis',(0.,-1.,0.));
#10342=DIRECTION('ref_axis',(1.,0.,0.));
#10343=DIRECTION('center_axis',(0.,-1.,0.));
#10344=DIRECTION('ref_axis',(1.,0.,0.));
#10345=DIRECTION('center_axis',(0.,-1.,0.));
#10346=DIRECTION('ref_axis',(1.,0.,0.));
#10347=DIRECTION('center_axis',(0.,-1.,0.));
#10348=DIRECTION('ref_axis',(1.,0.,0.));
#10349=DIRECTION('center_axis',(0.,-1.,0.));
#10350=DIRECTION('ref_axis',(1.,0.,0.));
#10351=DIRECTION('center_axis',(0.,-1.,0.));
#10352=DIRECTION('ref_axis',(1.,0.,0.));
#10353=DIRECTION('center_axis',(0.,-1.,0.));
#10354=DIRECTION('ref_axis',(1.,0.,0.));
#10355=DIRECTION('center_axis',(0.,1.,0.));
#10356=DIRECTION('ref_axis',(0.,0.,1.));
#10357=DIRECTION('',(2.80509834164E-10,-2.804956233094E-10,-1.));
#10358=DIRECTION('center_axis',(0.,-1.,0.));
#10359=DIRECTION('ref_axis',(-1.,0.,0.));
#10360=DIRECTION('',(1.,8.027114393746E-10,-8.027116614192E-10));
#10361=DIRECTION('center_axis',(0.,-1.,0.));
#10362=DIRECTION('ref_axis',(0.,0.,-1.));
#10363=DIRECTION('',(3.881425567725E-9,3.881435337687E-9,1.));
#10364=DIRECTION('center_axis',(0.,1.,0.));
#10365=DIRECTION('ref_axis',(-1.,0.,0.));
#10366=DIRECTION('',(1.,-1.16874287966E-11,1.168746580403E-11));
#10367=DIRECTION('center_axis',(0.,-1.,0.));
#10368=DIRECTION('ref_axis',(0.,0.,-1.));
#10369=DIRECTION('',(1.783805689086E-10,1.783803221924E-10,1.));
#10370=DIRECTION('center_axis',(0.,-1.,0.));
#10371=DIRECTION('ref_axis',(1.,0.,0.));
#10372=DIRECTION('',(-1.,1.617265205785E-10,1.617264835711E-10));
#10373=DIRECTION('center_axis',(0.,1.,0.));
#10374=DIRECTION('ref_axis',(0.,0.,-1.));
#10375=DIRECTION('',(-2.804894060606E-10,-2.804982878446E-10,1.));
#10376=DIRECTION('center_axis',(0.,-1.,0.));
#10377=DIRECTION('ref_axis',(1.,0.,0.));
#10378=DIRECTION('',(-1.,8.027114393746E-10,8.027116614192E-10));
#10379=DIRECTION('center_axis',(0.,-1.,0.));
#10380=DIRECTION('ref_axis',(0.,0.,1.));
#10381=DIRECTION('',(-3.881436225865E-9,3.88143356133E-9,-1.));
#10382=DIRECTION('center_axis',(0.,1.,0.));
#10383=DIRECTION('ref_axis',(1.,0.,0.));
#10384=DIRECTION('',(-1.,-1.168735478173E-11,-1.168746580403E-11));
#10385=DIRECTION('center_axis',(0.,-1.,0.));
#10386=DIRECTION('ref_axis',(0.,0.,1.));
#10387=DIRECTION('',(-1.783797794167E-10,1.783801248194E-10,-1.));
#10388=DIRECTION('center_axis',(0.,-1.,0.));
#10389=DIRECTION('ref_axis',(-1.,0.,0.));
#10390=DIRECTION('',(1.,1.617262615265E-10,-1.617264835711E-10));
#10391=DIRECTION('center_axis',(0.,1.,0.));
#10392=DIRECTION('ref_axis',(1.,0.,0.));
#10393=DIRECTION('',(0.,1.,0.));
#10394=DIRECTION('center_axis',(0.,1.,0.));
#10395=DIRECTION('ref_axis',(1.,0.,0.));
#10396=DIRECTION('',(0.,1.,0.));
#10397=DIRECTION('center_axis',(0.,1.,0.));
#10398=DIRECTION('ref_axis',(1.,0.,0.));
#10399=DIRECTION('',(0.,1.,0.));
#10400=DIRECTION('center_axis',(0.,1.,0.));
#10401=DIRECTION('ref_axis',(1.,0.,0.));
#10402=DIRECTION('',(0.,1.,0.));
#10403=DIRECTION('center_axis',(0.,1.,0.));
#10404=DIRECTION('ref_axis',(1.,0.,0.));
#10405=DIRECTION('',(0.,1.,0.));
#10406=DIRECTION('center_axis',(0.,1.,0.));
#10407=DIRECTION('ref_axis',(1.,0.,0.));
#10408=DIRECTION('',(0.,1.,0.));
#10409=DIRECTION('center_axis',(0.,1.,0.));
#10410=DIRECTION('ref_axis',(1.,0.,0.));
#10411=DIRECTION('',(0.,1.,0.));
#10412=DIRECTION('center_axis',(0.,1.,0.));
#10413=DIRECTION('ref_axis',(1.,0.,0.));
#10414=DIRECTION('',(0.,1.,0.));
#10415=DIRECTION('',(0.,1.,0.));
#10416=DIRECTION('center_axis',(0.,1.,0.));
#10417=DIRECTION('ref_axis',(-1.,0.,4.69509915641919E-14));
#10418=DIRECTION('',(0.,1.,0.));
#10419=DIRECTION('center_axis',(0.,1.,0.));
#10420=DIRECTION('ref_axis',(1.,0.,0.));
#10421=DIRECTION('',(0.,1.,0.));
#10422=DIRECTION('center_axis',(-0.895246852666814,0.,0.445570502603307));
#10423=DIRECTION('ref_axis',(0.445570502603307,0.,0.895246852666814));
#10424=DIRECTION('',(0.,1.,0.));
#10425=DIRECTION('center_axis',(0.,1.,0.));
#10426=DIRECTION('ref_axis',(1.,0.,0.));
#10427=DIRECTION('',(0.,1.,0.));
#10428=DIRECTION('center_axis',(0.,0.,1.));
#10429=DIRECTION('ref_axis',(1.,0.,0.));
#10430=DIRECTION('',(0.,1.,0.));
#10431=DIRECTION('center_axis',(0.,1.,0.));
#10432=DIRECTION('ref_axis',(1.,0.,0.));
#10433=DIRECTION('',(0.,1.,0.));
#10434=DIRECTION('center_axis',(0.688557960039098,0.,0.725181312270798));
#10435=DIRECTION('ref_axis',(0.725181312270798,0.,-0.688557960039098));
#10436=DIRECTION('',(0.,1.,0.));
#10437=DIRECTION('center_axis',(0.,1.,0.));
#10438=DIRECTION('ref_axis',(-0.65359326121648,0.,0.756845987564449));
#10439=DIRECTION('',(0.,1.,0.));
#10440=DIRECTION('center_axis',(0.,1.,0.));
#10441=DIRECTION('ref_axis',(1.,0.,0.));
#10442=DIRECTION('',(0.,1.,0.));
#10443=DIRECTION('center_axis',(0.,1.,0.));
#10444=DIRECTION('ref_axis',(-0.65359326121648,0.,-0.756845987564449));
#10445=DIRECTION('',(0.,1.,0.));
#10446=DIRECTION('center_axis',(0.688557960039098,0.,-0.725181312270798));
#10447=DIRECTION('ref_axis',(-0.725181312270798,0.,-0.688557960039098));
#10448=DIRECTION('',(0.,1.,0.));
#10449=DIRECTION('center_axis',(0.,1.,0.));
#10450=DIRECTION('ref_axis',(1.,0.,0.));
#10451=DIRECTION('',(0.,1.,0.));
#10452=DIRECTION('center_axis',(0.,0.,-1.));
#10453=DIRECTION('ref_axis',(-1.,0.,0.));
#10454=DIRECTION('',(0.,1.,0.));
#10455=DIRECTION('center_axis',(0.,1.,0.));
#10456=DIRECTION('ref_axis',(1.,0.,0.));
#10457=DIRECTION('',(0.,1.,0.));
#10458=DIRECTION('center_axis',(-0.895246852666814,0.,-0.445570502603307));
#10459=DIRECTION('ref_axis',(-0.445570502603307,0.,0.895246852666814));
#10460=DIRECTION('center_axis',(0.,-1.,0.));
#10461=DIRECTION('ref_axis',(1.,0.,0.));
#10462=DIRECTION('',(0.,-1.,0.));
#10463=DIRECTION('center_axis',(0.,-1.,0.));
#10464=DIRECTION('ref_axis',(1.,0.,0.));
#10465=DIRECTION('',(0.,-1.,0.));
#10466=DIRECTION('center_axis',(0.,-1.,0.));
#10467=DIRECTION('ref_axis',(1.,0.,0.));
#10468=DIRECTION('',(0.,-1.,0.));
#10469=DIRECTION('center_axis',(0.,-1.,0.));
#10470=DIRECTION('ref_axis',(1.,0.,0.));
#10471=DIRECTION('',(0.,-1.,0.));
#10472=DIRECTION('center_axis',(0.,-1.,0.));
#10473=DIRECTION('ref_axis',(1.,0.,0.));
#10474=DIRECTION('',(0.,-1.,0.));
#10475=DIRECTION('center_axis',(0.,-1.,0.));
#10476=DIRECTION('ref_axis',(1.,0.,0.));
#10477=DIRECTION('',(0.,-1.,0.));
#10478=DIRECTION('center_axis',(0.,-1.,0.));
#10479=DIRECTION('ref_axis',(0.,0.,-1.));
#10480=DIRECTION('',(3.55380882004024E-9,-0.707106781186548,0.707106781186548));
#10481=DIRECTION('center_axis',(0.,1.,0.));
#10482=DIRECTION('ref_axis',(0.,0.,1.));
#10483=DIRECTION('',(0.707106781186547,-0.707106781186547,3.96721039538927E-9));
#10484=DIRECTION('center_axis',(0.707106781186548,0.707106781186548,0.));
#10485=DIRECTION('ref_axis',(0.707106781186548,-0.707106781186548,0.));
#10486=DIRECTION('',(5.834630430225E-10,-5.834523848817E-10,-1.));
#10487=DIRECTION('',(0.707106781186548,-0.707106781186548,6.22634609346242E-10));
#10488=DIRECTION('center_axis',(0.,1.,0.));
#10489=DIRECTION('ref_axis',(0.,0.,-1.));
#10490=DIRECTION('center_axis',(0.,-1.,0.));
#10491=DIRECTION('ref_axis',(-1.,0.,0.));
#10492=DIRECTION('',(1.24474950348708E-8,-0.707106781186547,0.707106781186547));
#10493=DIRECTION('center_axis',(0.,0.707106781186548,0.707106781186548));
#10494=DIRECTION('ref_axis',(0.,-0.707106781186548,0.707106781186548));
#10495=DIRECTION('',(1.,3.612199401146E-10,-3.612203842038E-10));
#10496=DIRECTION('',(-6.22634766355542E-10,-0.707106781186548,0.707106781186548));
#10497=DIRECTION('center_axis',(0.,1.,0.));
#10498=DIRECTION('ref_axis',(0.,0.,-1.));
#10499=DIRECTION('center_axis',(0.,-1.,0.));
#10500=DIRECTION('ref_axis',(0.,0.,-1.));
#10501=DIRECTION('',(-0.707106781186547,-0.707106781186547,1.24474945638408E-8));
#10502=DIRECTION('center_axis',(-0.707106781186548,0.707106781186548,0.));
#10503=DIRECTION('ref_axis',(-0.707106781186548,-0.707106781186548,0.));
#10504=DIRECTION('',(2.906032611485E-9,2.906039716912E-9,1.));
#10505=DIRECTION('',(-0.707106781186548,-0.707106781186548,3.55380944807724E-9));
#10506=DIRECTION('center_axis',(0.,-1.,0.));
#10507=DIRECTION('ref_axis',(0.,0.,-1.));
#10508=DIRECTION('center_axis',(0.,1.,0.));
#10509=DIRECTION('ref_axis',(-1.,0.,0.));
#10510=DIRECTION('',(-3.96721070940727E-9,-0.707106781186547,0.707106781186547));
#10511=DIRECTION('center_axis',(0.,0.707106781186548,0.707106781186548));
#10512=DIRECTION('ref_axis',(0.,-0.707106781186548,0.707106781186548));
#10513=DIRECTION('',(1.,-2.431070157803E-11,2.431062756317E-11));
#10514=DIRECTION('',(-6.22635865420242E-10,-0.707106781186548,0.707106781186548));
#10515=DIRECTION('center_axis',(0.,1.,0.));
#10516=DIRECTION('ref_axis',(0.,0.,-1.));
#10517=DIRECTION('center_axis',(0.,-1.,0.));
#10518=DIRECTION('ref_axis',(0.,0.,-1.));
#10519=DIRECTION('',(-0.707106781186547,-0.707106781186547,1.24474951918808E-8));
#10520=DIRECTION('center_axis',(-0.707106781186548,0.707106781186548,0.));
#10521=DIRECTION('ref_axis',(-0.707106781186548,-0.707106781186548,0.));
#10522=DIRECTION('',(8.027119696183E-11,8.027114761858E-11,1.));
#10523=DIRECTION('',(-0.707106781186548,-0.707106781186548,-6.22634609346242E-10));
#10524=DIRECTION('center_axis',(0.,1.,0.));
#10525=DIRECTION('ref_axis',(0.,0.,-1.));
#10526=DIRECTION('center_axis',(0.,-1.,0.));
#10527=DIRECTION('ref_axis',(1.,0.,0.));
#10528=DIRECTION('',(-1.24474920516908E-8,-0.707106781186547,-0.707106781186547));
#10529=DIRECTION('center_axis',(0.,0.707106781186548,-0.707106781186548));
#10530=DIRECTION('ref_axis',(0.,-0.707106781186548,-0.707106781186548));
#10531=DIRECTION('',(-1.,1.210850306542E-10,1.210849196319E-10));
#10532=DIRECTION('',(-3.55380882004024E-9,-0.707106781186548,-0.707106781186548));
#10533=DIRECTION('center_axis',(0.,-1.,0.));
#10534=DIRECTION('ref_axis',(0.,0.,-1.));
#10535=DIRECTION('center_axis',(0.,1.,0.));
#10536=DIRECTION('ref_axis',(0.,0.,-1.));
#10537=DIRECTION('',(-0.707106781186547,-0.707106781186547,-3.96721165146327E-9));
#10538=DIRECTION('center_axis',(-0.707106781186548,0.707106781186548,0.));
#10539=DIRECTION('ref_axis',(-0.707106781186548,-0.707106781186548,0.));
#10540=DIRECTION('',(-5.834452794545E-10,-5.834550494169E-10,1.));
#10541=DIRECTION('',(-0.707106781186548,-0.707106781186548,-6.22634609346242E-10));
#10542=DIRECTION('center_axis',(0.,1.,0.));
#10543=DIRECTION('ref_axis',(0.,0.,-1.));
#10544=DIRECTION('center_axis',(0.,-1.,0.));
#10545=DIRECTION('ref_axis',(1.,0.,0.));
#10546=DIRECTION('',(-1.24474953488908E-8,-0.707106781186547,-0.707106781186547));
#10547=DIRECTION('center_axis',(0.,0.707106781186548,-0.707106781186548));
#10548=DIRECTION('ref_axis',(0.,-0.707106781186548,-0.707106781186548));
#10549=DIRECTION('',(-1.,3.612199401146E-10,3.612203842038E-10));
#10550=DIRECTION('',(6.22634609346242E-10,-0.707106781186548,-0.707106781186548));
#10551=DIRECTION('center_axis',(0.,1.,0.));
#10552=DIRECTION('ref_axis',(0.,0.,-1.));
#10553=DIRECTION('center_axis',(0.,-1.,0.));
#10554=DIRECTION('ref_axis',(0.,0.,1.));
#10555=DIRECTION('',(0.707106781186547,-0.707106781186547,-1.24474945638408E-8));
#10556=DIRECTION('center_axis',(0.707106781186548,0.707106781186548,0.));
#10557=DIRECTION('ref_axis',(0.707106781186548,-0.707106781186548,0.));
#10558=DIRECTION('',(-2.906039716912E-9,2.906038828733E-9,-1.));
#10559=DIRECTION('',(0.707106781186548,-0.707106781186548,-3.55380819200324E-9));
#10560=DIRECTION('center_axis',(0.,-1.,0.));
#10561=DIRECTION('ref_axis',(0.,0.,-1.));
#10562=DIRECTION('center_axis',(0.,1.,0.));
#10563=DIRECTION('ref_axis',(1.,0.,0.));
#10564=DIRECTION('',(3.96721102342627E-9,-0.707106781186547,-0.707106781186547));
#10565=DIRECTION('center_axis',(0.,0.707106781186548,-0.707106781186548));
#10566=DIRECTION('ref_axis',(0.,-0.707106781186548,-0.707106781186548));
#10567=DIRECTION('',(-1.,-2.431059055573E-11,-2.43105535483E-11));
#10568=DIRECTION('',(6.22638377568142E-10,-0.707106781186548,-0.707106781186548));
#10569=DIRECTION('center_axis',(0.,1.,0.));
#10570=DIRECTION('ref_axis',(0.,0.,-1.));
#10571=DIRECTION('center_axis',(0.,-1.,0.));
#10572=DIRECTION('ref_axis',(0.,0.,1.));
#10573=DIRECTION('',(0.707106781186547,-0.707106781186547,-1.24474939358008E-8));
#10574=DIRECTION('center_axis',(0.707106781186548,0.707106781186548,0.));
#10575=DIRECTION('ref_axis',(0.707106781186548,-0.707106781186548,0.));
#10576=DIRECTION('',(-8.027119696183E-11,8.02711722902E-11,-1.));
#10577=DIRECTION('',(0.707106781186548,-0.707106781186548,6.22634609346242E-10));
#10578=DIRECTION('center_axis',(0.,1.,0.));
#10579=DIRECTION('ref_axis',(0.,0.,-1.));
#10580=DIRECTION('center_axis',(0.,-1.,0.));
#10581=DIRECTION('ref_axis',(-1.,0.,0.));
#10582=DIRECTION('',(1.24474920516908E-8,-0.707106781186547,0.707106781186547));
#10583=DIRECTION('center_axis',(0.,0.707106781186548,0.707106781186548));
#10584=DIRECTION('ref_axis',(0.,-0.707106781186548,0.707106781186548));
#10585=DIRECTION('',(1.,1.210848826245E-10,-1.210849196319E-10));
#10586=DIRECTION('center_axis',(0.,0.,1.));
#10587=DIRECTION('ref_axis',(1.,0.,0.));
#10588=DIRECTION('',(-7.201398591186E-9,1.,3.641993374875E-10));
#10589=DIRECTION('',(4.523260209193E-9,1.,-3.623101817249E-10));
#10590=DIRECTION('center_axis',(0.,1.,0.));
#10591=DIRECTION('ref_axis',(1.,0.,0.));
#10592=DIRECTION('',(-1.428857032488E-10,1.,5.049440864713E-9));
#10593=DIRECTION('center_axis',(1.,0.,0.));
#10594=DIRECTION('ref_axis',(0.,0.,-1.));
#10595=DIRECTION('',(2.978284285868E-12,1.,-3.602202980357E-10));
#10596=DIRECTION('center_axis',(0.,1.,0.));
#10597=DIRECTION('ref_axis',(1.,0.,0.));
#10598=DIRECTION('',(-7.201396037673E-9,1.,3.641993374875E-10));
#10599=DIRECTION('center_axis',(0.,0.,1.));
#10600=DIRECTION('ref_axis',(1.,0.,0.));
#10601=DIRECTION('',(3.602188547458E-10,1.,2.978950419683E-12));
#10602=DIRECTION('center_axis',(0.,1.,0.));
#10603=DIRECTION('ref_axis',(1.,0.,0.));
#10604=DIRECTION('',(-3.641993374875E-10,1.,-7.201397703008E-9));
#10605=DIRECTION('center_axis',(-1.,0.,0.));
#10606=DIRECTION('ref_axis',(0.,0.,1.));
#10607=DIRECTION('',(3.623095155911E-10,1.,4.523253769899E-9));
#10608=DIRECTION('center_axis',(0.,1.,0.));
#10609=DIRECTION('ref_axis',(1.,0.,0.));
#10610=DIRECTION('',(-5.049434647464E-9,1.,-1.428848150704E-10));
#10611=DIRECTION('center_axis',(0.,0.,1.));
#10612=DIRECTION('ref_axis',(1.,0.,0.));
#10613=DIRECTION('',(3.602202980357E-10,1.,2.978950419683E-12));
#10614=DIRECTION('center_axis',(0.,1.,0.));
#10615=DIRECTION('ref_axis',(1.,0.,0.));
#10616=DIRECTION('',(-3.641993374875E-10,1.,-7.201397703008E-9));
#10617=DIRECTION('center_axis',(-1.,0.,0.));
#10618=DIRECTION('ref_axis',(0.,0.,1.));
#10619=DIRECTION('',(-2.978950419683E-12,1.,3.602202980357E-10));
#10620=DIRECTION('center_axis',(0.,1.,0.));
#10621=DIRECTION('ref_axis',(1.,0.,0.));
#10622=DIRECTION('',(7.201396814829E-9,1.,-3.641993374875E-10));
#10623=DIRECTION('center_axis',(0.,0.,-1.));
#10624=DIRECTION('ref_axis',(-1.,0.,0.));
#10625=DIRECTION('',(-4.523260431237E-9,1.,3.623101817249E-10));
#10626=DIRECTION('center_axis',(0.,1.,0.));
#10627=DIRECTION('ref_axis',(1.,0.,0.));
#10628=DIRECTION('',(1.428837048474E-10,1.,-5.049427986126E-9));
#10629=DIRECTION('center_axis',(-1.,0.,0.));
#10630=DIRECTION('ref_axis',(0.,0.,1.));
#10631=DIRECTION('',(-2.979172464288E-12,1.,3.602202980357E-10));
#10632=DIRECTION('center_axis',(0.,1.,0.));
#10633=DIRECTION('ref_axis',(1.,0.,0.));
#10634=DIRECTION('',(7.201396037673E-9,1.,-3.641993374875E-10));
#10635=DIRECTION('center_axis',(0.,0.,-1.));
#10636=DIRECTION('ref_axis',(-1.,0.,0.));
#10637=DIRECTION('',(-3.602188547458E-10,1.,-2.978950419683E-12));
#10638=DIRECTION('center_axis',(0.,1.,0.));
#10639=DIRECTION('ref_axis',(1.,0.,0.));
#10640=DIRECTION('',(3.641995595321E-10,1.,7.201397703008E-9));
#10641=DIRECTION('center_axis',(1.,0.,0.));
#10642=DIRECTION('ref_axis',(0.,0.,-1.));
#10643=DIRECTION('',(-3.623104037695E-10,1.,-4.523259987148E-9));
#10644=DIRECTION('center_axis',(0.,1.,0.));
#10645=DIRECTION('ref_axis',(1.,0.,0.));
#10646=DIRECTION('',(5.049433537241E-9,1.,1.428848150704E-10));
#10647=DIRECTION('center_axis',(0.,0.,-1.));
#10648=DIRECTION('ref_axis',(-1.,0.,0.));
#10649=DIRECTION('',(-3.602211862141E-10,1.,-2.979394508893E-12));
#10650=DIRECTION('center_axis',(0.,1.,0.));
#10651=DIRECTION('ref_axis',(1.,0.,0.));
#10652=DIRECTION('',(3.641957847738E-10,1.,7.201388821223E-9));
#10653=DIRECTION('center_axis',(1.,0.,0.));
#10654=DIRECTION('ref_axis',(0.,0.,-1.));
#10655=DIRECTION('',(2.975397706004E-12,1.,-3.602114162515E-10));
#10656=DIRECTION('center_axis',(0.,1.,0.));
#10657=DIRECTION('ref_axis',(1.,0.,0.));
#10658=DIRECTION('axis',(0.,0.,1.));
#10659=DIRECTION('refdir',(1.,0.,0.));
#10660=DIRECTION('center_axis',(0.,1.,0.));
#10661=DIRECTION('ref_axis',(1.,0.,0.));
#10662=DIRECTION('center_axis',(0.,1.,0.));
#10663=DIRECTION('ref_axis',(0.,0.,1.));
#10664=DIRECTION('',(1.,0.,0.));
#10665=DIRECTION('center_axis',(0.,1.,0.));
#10666=DIRECTION('ref_axis',(-1.,0.,0.));
#10667=DIRECTION('',(0.,0.,1.));
#10668=DIRECTION('center_axis',(0.,1.,0.));
#10669=DIRECTION('ref_axis',(0.,0.,-1.));
#10670=DIRECTION('',(-1.,0.,0.));
#10671=DIRECTION('center_axis',(0.,1.,0.));
#10672=DIRECTION('ref_axis',(1.,0.,0.));
#10673=DIRECTION('',(0.,0.,-1.));
#10674=DIRECTION('center_axis',(0.,-1.,0.));
#10675=DIRECTION('ref_axis',(1.,0.,0.));
#10676=DIRECTION('center_axis',(0.,-1.,0.));
#10677=DIRECTION('ref_axis',(1.,0.,0.));
#10678=DIRECTION('center_axis',(0.,-1.,0.));
#10679=DIRECTION('ref_axis',(1.,0.,0.));
#10680=DIRECTION('center_axis',(0.,-1.,0.));
#10681=DIRECTION('ref_axis',(1.,0.,0.));
#10682=DIRECTION('center_axis',(0.,-1.,0.));
#10683=DIRECTION('ref_axis',(1.,0.,0.));
#10684=DIRECTION('center_axis',(0.,-1.,0.));
#10685=DIRECTION('ref_axis',(1.,0.,0.));
#10686=DIRECTION('center_axis',(0.,-1.,0.));
#10687=DIRECTION('ref_axis',(1.,0.,0.));
#10688=DIRECTION('center_axis',(0.,-1.,0.));
#10689=DIRECTION('ref_axis',(1.,0.,0.));
#10690=DIRECTION('center_axis',(0.,-1.,0.));
#10691=DIRECTION('ref_axis',(1.,0.,0.));
#10692=DIRECTION('center_axis',(0.,-1.,0.));
#10693=DIRECTION('ref_axis',(1.,0.,0.));
#10694=DIRECTION('',(0.,0.,-1.));
#10695=DIRECTION('center_axis',(0.,-1.,0.));
#10696=DIRECTION('ref_axis',(0.707106781186597,0.,0.707106781186498));
#10697=DIRECTION('',(-0.707106781186547,0.,0.707106781186547));
#10698=DIRECTION('center_axis',(0.,-1.,0.));
#10699=DIRECTION('ref_axis',(0.707106781186597,0.,-0.707106781186498));
#10700=DIRECTION('',(0.707106781186547,0.,0.707106781186547));
#10701=DIRECTION('center_axis',(0.,-1.,0.));
#10702=DIRECTION('ref_axis',(-1.,0.,0.));
#10703=DIRECTION('center_axis',(0.,-1.,0.));
#10704=DIRECTION('ref_axis',(0.,0.,1.));
#10705=DIRECTION('',(-1.,0.,0.));
#10706=DIRECTION('center_axis',(0.,-1.,0.));
#10707=DIRECTION('ref_axis',(0.707106781186597,0.,-0.707106781186498));
#10708=DIRECTION('',(0.707106781186547,0.,0.707106781186547));
#10709=DIRECTION('center_axis',(0.,-1.,0.));
#10710=DIRECTION('ref_axis',(-0.707106781186597,0.,-0.707106781186498));
#10711=DIRECTION('',(0.707106781186547,0.,-0.707106781186547));
#10712=DIRECTION('center_axis',(0.,-1.,0.));
#10713=DIRECTION('ref_axis',(1.,0.,0.));
#10714=DIRECTION('',(0.,0.,1.));
#10715=DIRECTION('center_axis',(0.,-1.,0.));
#10716=DIRECTION('ref_axis',(-0.707106781186498,0.,-0.707106781186597));
#10717=DIRECTION('',(0.707106781186597,0.,-0.707106781186498));
#10718=DIRECTION('center_axis',(0.,-1.,0.));
#10719=DIRECTION('ref_axis',(-0.707106781186597,0.,0.707106781186498));
#10720=DIRECTION('',(-0.707106781186547,0.,-0.707106781186547));
#10721=DIRECTION('',(1.,0.,0.));
#10722=DIRECTION('center_axis',(0.,-1.,0.));
#10723=DIRECTION('ref_axis',(-0.707106781186498,0.,0.707106781186597));
#10724=DIRECTION('',(-0.707106781186597,0.,-0.707106781186498));
#10725=DIRECTION('center_axis',(0.,-1.,0.));
#10726=DIRECTION('ref_axis',(0.707106781186498,0.,0.707106781186597));
#10727=DIRECTION('',(-0.707106781186597,0.,0.707106781186498));
#10728=DIRECTION('center_axis',(0.,-1.,0.));
#10729=DIRECTION('ref_axis',(0.,0.,-1.));
#10730=DIRECTION('center_axis',(0.,1.,0.));
#10731=DIRECTION('ref_axis',(1.,0.,0.));
#10732=DIRECTION('',(6.186366968673E-11,6.186364008078E-11,1.));
#10733=DIRECTION('center_axis',(0.,1.,0.));
#10734=DIRECTION('ref_axis',(-1.,0.,0.));
#10735=DIRECTION('',(-6.186366968673E-11,6.186366228524E-11,-1.));
#10736=DIRECTION('center_axis',(0.,1.,0.));
#10737=DIRECTION('ref_axis',(1.,0.,0.));
#10738=DIRECTION('',(6.186366968673E-11,6.186362897855E-11,1.));
#10739=DIRECTION('center_axis',(0.,1.,0.));
#10740=DIRECTION('ref_axis',(-1.,0.,0.));
#10741=DIRECTION('',(-6.186366968673E-11,6.186363267929E-11,-1.));
#10742=DIRECTION('',(0.,0.,1.));
#10743=DIRECTION('center_axis',(0.,1.,0.));
#10744=DIRECTION('ref_axis',(1.,0.,0.));
#10745=DIRECTION('',(1.,0.,0.));
#10746=DIRECTION('center_axis',(0.,1.,0.));
#10747=DIRECTION('ref_axis',(0.,0.,-1.));
#10748=DIRECTION('',(0.,0.,-1.));
#10749=DIRECTION('center_axis',(0.,1.,0.));
#10750=DIRECTION('ref_axis',(-1.,0.,0.));
#10751=DIRECTION('',(-1.,0.,0.));
#10752=DIRECTION('center_axis',(0.,1.,0.));
#10753=DIRECTION('ref_axis',(0.,0.,1.));
#10754=DIRECTION('center_axis',(0.,1.,0.));
#10755=DIRECTION('ref_axis',(1.,0.,0.));
#10756=DIRECTION('',(0.,1.,0.));
#10757=DIRECTION('center_axis',(0.,1.,0.));
#10758=DIRECTION('ref_axis',(0.,0.,1.));
#10759=DIRECTION('',(0.,1.,0.));
#10760=DIRECTION('center_axis',(0.,0.,1.));
#10761=DIRECTION('ref_axis',(1.,0.,0.));
#10762=DIRECTION('',(1.,0.,0.));
#10763=DIRECTION('',(0.,1.,0.));
#10764=DIRECTION('center_axis',(0.,1.,0.));
#10765=DIRECTION('ref_axis',(1.,0.,0.));
#10766=DIRECTION('center_axis',(0.,1.,0.));
#10767=DIRECTION('ref_axis',(-1.,0.,0.));
#10768=DIRECTION('',(0.,1.,0.));
#10769=DIRECTION('center_axis',(-1.,0.,0.));
#10770=DIRECTION('ref_axis',(0.,0.,1.));
#10771=DIRECTION('',(0.,0.,1.));
#10772=DIRECTION('',(0.,1.,0.));
#10773=DIRECTION('center_axis',(0.,1.,0.));
#10774=DIRECTION('ref_axis',(1.,0.,0.));
#10775=DIRECTION('center_axis',(0.,1.,0.));
#10776=DIRECTION('ref_axis',(0.,0.,-1.));
#10777=DIRECTION('',(0.,1.,0.));
#10778=DIRECTION('center_axis',(0.,0.,-1.));
#10779=DIRECTION('ref_axis',(-1.,0.,0.));
#10780=DIRECTION('',(-1.,0.,0.));
#10781=DIRECTION('',(0.,1.,0.));
#10782=DIRECTION('center_axis',(0.,1.,0.));
#10783=DIRECTION('ref_axis',(1.,0.,0.));
#10784=DIRECTION('center_axis',(0.,1.,0.));
#10785=DIRECTION('ref_axis',(1.,0.,0.));
#10786=DIRECTION('',(0.,1.,0.));
#10787=DIRECTION('center_axis',(1.,0.,0.));
#10788=DIRECTION('ref_axis',(0.,0.,-1.));
#10789=DIRECTION('',(0.,0.,-1.));
#10790=DIRECTION('center_axis',(0.,1.,0.));
#10791=DIRECTION('ref_axis',(1.,0.,0.));
#10792=DIRECTION('center_axis',(0.,-1.,0.));
#10793=DIRECTION('ref_axis',(1.,0.,0.));
#10794=DIRECTION('center_axis',(0.,-1.,0.));
#10795=DIRECTION('ref_axis',(1.,0.,0.));
#10796=DIRECTION('center_axis',(0.,-1.,0.));
#10797=DIRECTION('ref_axis',(1.,0.,0.));
#10798=DIRECTION('center_axis',(0.,-1.,0.));
#10799=DIRECTION('ref_axis',(1.,0.,0.));
#10800=DIRECTION('center_axis',(0.,-1.,0.));
#10801=DIRECTION('ref_axis',(1.,0.,0.));
#10802=DIRECTION('center_axis',(0.,-1.,0.));
#10803=DIRECTION('ref_axis',(1.,0.,0.));
#10804=DIRECTION('center_axis',(0.,-1.,0.));
#10805=DIRECTION('ref_axis',(1.,0.,0.));
#10806=DIRECTION('center_axis',(0.,-1.,0.));
#10807=DIRECTION('ref_axis',(1.,0.,0.));
#10808=DIRECTION('center_axis',(0.,-1.,0.));
#10809=DIRECTION('ref_axis',(1.,0.,0.));
#10810=DIRECTION('center_axis',(0.,-1.,0.));
#10811=DIRECTION('ref_axis',(1.,0.,0.));
#10812=DIRECTION('',(0.,0.,-1.));
#10813=DIRECTION('center_axis',(0.,-1.,0.));
#10814=DIRECTION('ref_axis',(-1.,0.,0.));
#10815=DIRECTION('',(0.707106781186547,0.,0.707106781186547));
#10816=DIRECTION('center_axis',(0.,-1.,0.));
#10817=DIRECTION('ref_axis',(0.707106781186597,0.,-0.707106781186498));
#10818=DIRECTION('',(-0.707106781186547,0.,0.707106781186547));
#10819=DIRECTION('center_axis',(0.,-1.,0.));
#10820=DIRECTION('ref_axis',(0.707106781186597,0.,0.707106781186498));
#10821=DIRECTION('center_axis',(0.,-1.,0.));
#10822=DIRECTION('ref_axis',(0.,0.,1.));
#10823=DIRECTION('',(0.707106781186547,0.,-0.707106781186547));
#10824=DIRECTION('center_axis',(0.,-1.,0.));
#10825=DIRECTION('ref_axis',(-0.707106781186597,0.,-0.707106781186498));
#10826=DIRECTION('',(0.707106781186547,0.,0.707106781186547));
#10827=DIRECTION('center_axis',(0.,-1.,0.));
#10828=DIRECTION('ref_axis',(0.707106781186597,0.,-0.707106781186498));
#10829=DIRECTION('',(-1.,0.,0.));
#10830=DIRECTION('center_axis',(0.,-1.,0.));
#10831=DIRECTION('ref_axis',(1.,0.,0.));
#10832=DIRECTION('',(-0.707106781186547,0.,-0.707106781186547));
#10833=DIRECTION('center_axis',(0.,-1.,0.));
#10834=DIRECTION('ref_axis',(-0.707106781186597,0.,0.707106781186498));
#10835=DIRECTION('',(0.707106781186597,0.,-0.707106781186498));
#10836=DIRECTION('center_axis',(0.,-1.,0.));
#10837=DIRECTION('ref_axis',(-0.707106781186498,0.,-0.707106781186597));
#10838=DIRECTION('',(0.,0.,1.));
#10839=DIRECTION('',(1.,0.,0.));
#10840=DIRECTION('center_axis',(0.,-1.,0.));
#10841=DIRECTION('ref_axis',(0.,0.,-1.));
#10842=DIRECTION('',(-0.707106781186597,0.,0.707106781186498));
#10843=DIRECTION('center_axis',(0.,-1.,0.));
#10844=DIRECTION('ref_axis',(0.707106781186498,0.,0.707106781186597));
#10845=DIRECTION('',(-0.707106781186597,0.,-0.707106781186498));
#10846=DIRECTION('center_axis',(0.,-1.,0.));
#10847=DIRECTION('ref_axis',(-0.707106781186498,0.,0.707106781186597));
#10848=DIRECTION('center_axis',(0.,-1.,0.));
#10849=DIRECTION('ref_axis',(1.,0.,0.));
#10850=DIRECTION('',(-6.186366968673E-11,6.186364748226E-11,-1.));
#10851=DIRECTION('center_axis',(0.,-1.,0.));
#10852=DIRECTION('ref_axis',(-1.,0.,0.));
#10853=DIRECTION('',(6.186366968673E-11,6.186363638003E-11,1.));
#10854=DIRECTION('center_axis',(0.,-1.,0.));
#10855=DIRECTION('ref_axis',(1.,0.,0.));
#10856=DIRECTION('',(-6.186366968673E-11,6.18636252778E-11,-1.));
#10857=DIRECTION('center_axis',(0.,-1.,0.));
#10858=DIRECTION('ref_axis',(-1.,0.,0.));
#10859=DIRECTION('',(6.186366968673E-11,6.186364748226E-11,1.));
#10860=DIRECTION('',(-1.,0.,0.));
#10861=DIRECTION('center_axis',(0.,-1.,0.));
#10862=DIRECTION('ref_axis',(0.,0.,1.));
#10863=DIRECTION('',(0.,0.,-1.));
#10864=DIRECTION('center_axis',(0.,-1.,0.));
#10865=DIRECTION('ref_axis',(-1.,0.,0.));
#10866=DIRECTION('',(1.,0.,0.));
#10867=DIRECTION('center_axis',(0.,-1.,0.));
#10868=DIRECTION('ref_axis',(0.,0.,-1.));
#10869=DIRECTION('',(0.,0.,1.));
#10870=DIRECTION('center_axis',(0.,-1.,0.));
#10871=DIRECTION('ref_axis',(1.,0.,0.));
#10872=DIRECTION('center_axis',(0.,1.,0.));
#10873=DIRECTION('ref_axis',(1.,0.,0.));
#10874=DIRECTION('',(0.,1.,0.));
#10875=DIRECTION('center_axis',(0.,1.,0.));
#10876=DIRECTION('ref_axis',(1.,0.,0.));
#10877=DIRECTION('',(0.,1.,0.));
#10878=DIRECTION('center_axis',(0.,1.,0.));
#10879=DIRECTION('ref_axis',(1.,0.,0.));
#10880=DIRECTION('',(0.,1.,0.));
#10881=DIRECTION('center_axis',(0.,1.,0.));
#10882=DIRECTION('ref_axis',(1.,0.,0.));
#10883=DIRECTION('',(0.,1.,0.));
#10884=DIRECTION('center_axis',(0.,1.,0.));
#10885=DIRECTION('ref_axis',(1.,0.,0.));
#10886=DIRECTION('',(0.,1.,0.));
#10887=DIRECTION('center_axis',(0.,1.,0.));
#10888=DIRECTION('ref_axis',(1.,0.,0.));
#10889=DIRECTION('',(0.,1.,0.));
#10890=DIRECTION('center_axis',(0.,1.,0.));
#10891=DIRECTION('ref_axis',(1.,0.,0.));
#10892=DIRECTION('',(0.,1.,0.));
#10893=DIRECTION('center_axis',(0.,1.,0.));
#10894=DIRECTION('ref_axis',(1.,0.,0.));
#10895=DIRECTION('',(0.,1.,0.));
#10896=DIRECTION('center_axis',(0.,1.,0.));
#10897=DIRECTION('ref_axis',(1.,0.,0.));
#10898=DIRECTION('',(0.,1.,0.));
#10899=DIRECTION('center_axis',(0.,1.,0.));
#10900=DIRECTION('ref_axis',(1.,0.,0.));
#10901=DIRECTION('',(0.,1.,0.));
#10902=DIRECTION('center_axis',(1.,0.,0.));
#10903=DIRECTION('ref_axis',(0.,0.,-1.));
#10904=DIRECTION('',(0.,1.,0.));
#10905=DIRECTION('',(0.,1.,0.));
#10906=DIRECTION('center_axis',(0.,1.,0.));
#10907=DIRECTION('ref_axis',(1.,0.,0.));
#10908=DIRECTION('',(0.,1.,0.));
#10909=DIRECTION('center_axis',(-0.707106781186598,0.,-0.707106781186498));
#10910=DIRECTION('ref_axis',(-0.707106781186498,0.,0.707106781186598));
#10911=DIRECTION('',(0.,1.,0.));
#10912=DIRECTION('center_axis',(0.,1.,0.));
#10913=DIRECTION('ref_axis',(1.,0.,0.));
#10914=DIRECTION('',(0.,1.,0.));
#10915=DIRECTION('center_axis',(-0.707106781186548,0.,0.707106781186548));
#10916=DIRECTION('ref_axis',(0.707106781186548,0.,0.707106781186548));
#10917=DIRECTION('',(0.,1.,0.));
#10918=DIRECTION('center_axis',(0.,1.,0.));
#10919=DIRECTION('ref_axis',(1.,0.,0.));
#10920=DIRECTION('center_axis',(0.,1.,0.));
#10921=DIRECTION('ref_axis',(-0.923879532511287,0.,0.38268343236509));
#10922=DIRECTION('',(0.,1.,0.));
#10923=DIRECTION('',(0.,1.,0.));
#10924=DIRECTION('center_axis',(0.,0.,-1.));
#10925=DIRECTION('ref_axis',(-1.,0.,0.));
#10926=DIRECTION('',(0.,1.,0.));
#10927=DIRECTION('center_axis',(0.,1.,0.));
#10928=DIRECTION('ref_axis',(1.,0.,0.));
#10929=DIRECTION('',(0.,1.,0.));
#10930=DIRECTION('center_axis',(-0.707106781186548,0.,0.707106781186548));
#10931=DIRECTION('ref_axis',(0.707106781186548,0.,0.707106781186548));
#10932=DIRECTION('',(0.,1.,0.));
#10933=DIRECTION('center_axis',(0.,1.,0.));
#10934=DIRECTION('ref_axis',(1.,0.,0.));
#10935=DIRECTION('',(0.,1.,0.));
#10936=DIRECTION('center_axis',(0.707106781186548,0.,0.707106781186548));
#10937=DIRECTION('ref_axis',(0.707106781186548,0.,-0.707106781186548));
#10938=DIRECTION('center_axis',(0.,1.,0.));
#10939=DIRECTION('ref_axis',(1.,0.,0.));
#10940=DIRECTION('',(0.,1.,0.));
#10941=DIRECTION('',(0.,1.,0.));
#10942=DIRECTION('center_axis',(-1.,0.,0.));
#10943=DIRECTION('ref_axis',(0.,0.,1.));
#10944=DIRECTION('',(0.,1.,0.));
#10945=DIRECTION('center_axis',(0.,1.,0.));
#10946=DIRECTION('ref_axis',(1.,0.,0.));
#10947=DIRECTION('',(0.,1.,0.));
#10948=DIRECTION('center_axis',(0.707106781186498,0.,0.707106781186598));
#10949=DIRECTION('ref_axis',(0.707106781186598,0.,-0.707106781186498));
#10950=DIRECTION('',(0.,1.,0.));
#10951=DIRECTION('center_axis',(0.,1.,0.));
#10952=DIRECTION('ref_axis',(-1.,0.,-3.67517835871524E-15));
#10953=DIRECTION('',(0.,1.,0.));
#10954=DIRECTION('center_axis',(0.707106781186548,0.,-0.707106781186548));
#10955=DIRECTION('ref_axis',(-0.707106781186548,0.,-0.707106781186548));
#10956=DIRECTION('center_axis',(0.,0.,1.));
#10957=DIRECTION('ref_axis',(1.,0.,0.));
#10958=DIRECTION('',(0.,1.,0.));
#10959=DIRECTION('',(0.,1.,0.));
#10960=DIRECTION('center_axis',(0.,1.,0.));
#10961=DIRECTION('ref_axis',(-0.923879532511287,0.,-0.382683432365089));
#10962=DIRECTION('',(0.,1.,0.));
#10963=DIRECTION('center_axis',(0.707106781186498,0.,-0.707106781186598));
#10964=DIRECTION('ref_axis',(-0.707106781186598,0.,-0.707106781186498));
#10965=DIRECTION('',(0.,1.,0.));
#10966=DIRECTION('center_axis',(0.,1.,0.));
#10967=DIRECTION('ref_axis',(1.,0.,0.));
#10968=DIRECTION('',(0.,1.,0.));
#10969=DIRECTION('center_axis',(-0.707106781186498,0.,-0.707106781186598));
#10970=DIRECTION('ref_axis',(-0.707106781186598,0.,0.707106781186498));
#10971=DIRECTION('',(0.,1.,0.));
#10972=DIRECTION('center_axis',(0.,1.,0.));
#10973=DIRECTION('ref_axis',(1.,0.,0.));
#10974=DIRECTION('center_axis',(0.,1.,0.));
#10975=DIRECTION('ref_axis',(5.85969260857147E-9,0.,1.));
#10976=DIRECTION('',(-0.707106781186548,-0.707106781186548,2.79793347166519E-9));
#10977=DIRECTION('center_axis',(0.,-1.,0.));
#10978=DIRECTION('ref_axis',(1.,0.,0.));
#10979=DIRECTION('',(0.707106781186547,-0.707106781186547,-1.22519644007208E-8));
#10980=DIRECTION('center_axis',(0.707106781186548,0.707106781186548,0.));
#10981=DIRECTION('ref_axis',(0.707106781186548,-0.707106781186548,0.));
#10982=DIRECTION('',(-2.974207545624E-11,2.974215317186E-11,-1.));
#10983=DIRECTION('',(0.707106781186548,-0.707106781186548,-2.79793347166519E-9));
#10984=DIRECTION('center_axis',(0.,1.,0.));
#10985=DIRECTION('ref_axis',(0.,0.,-1.));
#10986=DIRECTION('center_axis',(0.,-1.,0.));
#10987=DIRECTION('ref_axis',(-1.,0.,0.));
#10988=DIRECTION('',(-0.707106781186547,-0.707106781186547,1.22519644007208E-8));
#10989=DIRECTION('center_axis',(-0.707106781186548,0.707106781186548,0.));
#10990=DIRECTION('ref_axis',(-0.707106781186548,-0.707106781186548,0.));
#10991=DIRECTION('',(2.974216427409E-11,2.974216427409E-11,1.));
#10992=DIRECTION('center_axis',(-1.,0.,0.));
#10993=DIRECTION('ref_axis',(0.,0.,1.));
#10994=DIRECTION('',(-2.974207545624E-11,2.974214206962E-11,-1.));
#10995=DIRECTION('',(0.,1.,0.));
#10996=DIRECTION('',(0.,1.,0.));
#10997=DIRECTION('center_axis',(-0.707106781186548,-0.707106781186548,0.));
#10998=DIRECTION('ref_axis',(-0.707106781186548,0.707106781186548,0.));
#10999=DIRECTION('',(-0.707106781186548,0.707106781186548,2.79793526605619E-9));
#11000=DIRECTION('',(-0.707106781186547,0.707106781186547,1.22519661951108E-8));
#11001=DIRECTION('center_axis',(0.,-1.,0.));
#11002=DIRECTION('ref_axis',(0.,0.,-1.));
#11003=DIRECTION('center_axis',(0.,1.,0.));
#11004=DIRECTION('ref_axis',(1.,0.,0.));
#11005=DIRECTION('',(0.707106781186548,0.707106781186548,-2.79793526605619E-9));
#11006=DIRECTION('center_axis',(0.707106781186548,-0.707106781186548,0.));
#11007=DIRECTION('ref_axis',(0.707106781186548,0.707106781186548,0.));
#11008=DIRECTION('',(2.974207545624E-11,2.974212541628E-11,1.));
#11009=DIRECTION('',(0.707106781186547,0.707106781186547,-1.22519661951108E-8));
#11010=DIRECTION('center_axis',(0.,-1.,0.));
#11011=DIRECTION('ref_axis',(5.85969285350083E-9,0.,1.));
#11012=DIRECTION('center_axis',(0.,1.,0.));
#11013=DIRECTION('ref_axis',(-1.,0.,0.));
#11014=DIRECTION('center_axis',(0.,1.,0.));
#11015=DIRECTION('ref_axis',(1.,0.,0.));
#11016=DIRECTION('',(0.,1.,0.));
#11017=DIRECTION('center_axis',(1.,0.,0.));
#11018=DIRECTION('ref_axis',(0.,0.,-1.));
#11019=DIRECTION('',(0.,1.,0.));
#11020=DIRECTION('center_axis',(0.,1.,0.));
#11021=DIRECTION('ref_axis',(-5.23747039609869E-9,0.,-1.));
#11022=DIRECTION('center_axis',(0.,1.,0.));
#11023=DIRECTION('ref_axis',(5.85969260857147E-9,0.,1.));
#11024=DIRECTION('',(-0.707106781186548,-0.707106781186548,2.79793706044819E-9));
#11025=DIRECTION('center_axis',(0.,-1.,0.));
#11026=DIRECTION('ref_axis',(1.,0.,0.));
#11027=DIRECTION('',(0.707106781186547,-0.707106781186547,-1.22519661951108E-8));
#11028=DIRECTION('center_axis',(0.707106781186548,0.707106781186548,0.));
#11029=DIRECTION('ref_axis',(0.707106781186548,-0.707106781186548,0.));
#11030=DIRECTION('',(-2.974216427409E-11,2.974216427409E-11,-1.));
#11031=DIRECTION('',(0.707106781186548,-0.707106781186548,-2.79793347166519E-9));
#11032=DIRECTION('center_axis',(0.,1.,0.));
#11033=DIRECTION('ref_axis',(0.,0.,-1.));
#11034=DIRECTION('center_axis',(0.,-1.,0.));
#11035=DIRECTION('ref_axis',(-1.,0.,0.));
#11036=DIRECTION('',(-0.707106781186547,-0.707106781186547,1.22519661951108E-8));
#11037=DIRECTION('center_axis',(-0.707106781186548,0.707106781186548,0.));
#11038=DIRECTION('ref_axis',(-0.707106781186548,-0.707106781186548,0.));
#11039=DIRECTION('',(2.974207545624E-11,2.974215317186E-11,1.));
#11040=DIRECTION('center_axis',(-1.,0.,0.));
#11041=DIRECTION('ref_axis',(0.,0.,1.));
#11042=DIRECTION('',(-2.974207545624E-11,2.974214206962E-11,-1.));
#11043=DIRECTION('',(0.,1.,0.));
#11044=DIRECTION('',(0.,1.,0.));
#11045=DIRECTION('center_axis',(-0.707106781186548,-0.707106781186548,0.));
#11046=DIRECTION('ref_axis',(-0.707106781186548,0.707106781186548,0.));
#11047=DIRECTION('',(-0.707106781186548,0.707106781186548,2.79793526605619E-9));
#11048=DIRECTION('',(-0.707106781186547,0.707106781186547,1.22519644007208E-8));
#11049=DIRECTION('center_axis',(0.,-1.,0.));
#11050=DIRECTION('ref_axis',(0.,0.,-1.));
#11051=DIRECTION('center_axis',(0.,1.,0.));
#11052=DIRECTION('ref_axis',(1.,0.,0.));
#11053=DIRECTION('',(0.707106781186548,0.707106781186548,-2.79793526605619E-9));
#11054=DIRECTION('center_axis',(0.707106781186548,-0.707106781186548,0.));
#11055=DIRECTION('ref_axis',(0.707106781186548,0.707106781186548,0.));
#11056=DIRECTION('',(2.974207545624E-11,2.974214206962E-11,1.));
#11057=DIRECTION('',(0.707106781186547,0.707106781186547,-1.22519661951108E-8));
#11058=DIRECTION('center_axis',(0.,-1.,0.));
#11059=DIRECTION('ref_axis',(5.85969285350083E-9,0.,1.));
#11060=DIRECTION('center_axis',(0.,1.,0.));
#11061=DIRECTION('ref_axis',(-1.,0.,0.));
#11062=DIRECTION('center_axis',(0.,1.,0.));
#11063=DIRECTION('ref_axis',(1.,0.,0.));
#11064=DIRECTION('',(0.,1.,0.));
#11065=DIRECTION('center_axis',(1.,0.,0.));
#11066=DIRECTION('ref_axis',(0.,0.,-1.));
#11067=DIRECTION('',(0.,1.,0.));
#11068=DIRECTION('center_axis',(0.,1.,0.));
#11069=DIRECTION('ref_axis',(-5.23747039609869E-9,0.,-1.));
#11070=DIRECTION('center_axis',(0.,0.,-1.));
#11071=DIRECTION('ref_axis',(-1.,0.,0.));
#11072=DIRECTION('',(0.,1.,0.));
#11073=DIRECTION('',(0.,1.,0.));
#11074=DIRECTION('center_axis',(0.,1.,0.));
#11075=DIRECTION('ref_axis',(0.,0.,1.));
#11076=DIRECTION('',(0.,1.,0.));
#11077=DIRECTION('center_axis',(-1.,0.,0.));
#11078=DIRECTION('ref_axis',(0.,0.,1.));
#11079=DIRECTION('',(0.,1.,0.));
#11080=DIRECTION('center_axis',(0.,1.,0.));
#11081=DIRECTION('ref_axis',(1.,0.,0.));
#11082=DIRECTION('',(0.,1.,0.));
#11083=DIRECTION('center_axis',(0.,0.,1.));
#11084=DIRECTION('ref_axis',(1.,0.,0.));
#11085=DIRECTION('',(0.,1.,0.));
#11086=DIRECTION('center_axis',(0.,1.,0.));
#11087=DIRECTION('ref_axis',(0.,0.,-1.));
#11088=DIRECTION('',(0.,1.,0.));
#11089=DIRECTION('center_axis',(1.,0.,0.));
#11090=DIRECTION('ref_axis',(0.,0.,-1.));
#11091=DIRECTION('',(0.,1.,0.));
#11092=DIRECTION('center_axis',(0.,1.,0.));
#11093=DIRECTION('ref_axis',(-1.,0.,0.));
#11094=DIRECTION('axis',(0.,0.,1.));
#11095=DIRECTION('refdir',(1.,0.,0.));
#11096=DIRECTION('center_axis',(0.,1.,0.));
#11097=DIRECTION('ref_axis',(0.,0.,1.));
#11098=DIRECTION('center_axis',(0.,-1.,0.));
#11099=DIRECTION('ref_axis',(0.999617890339149,0.,-0.0276418760924214));
#11100=DIRECTION('',(-0.1250000001105,-1.114087576259E-10,0.9921567416353));
#11101=DIRECTION('center_axis',(0.,-1.,0.));
#11102=DIRECTION('ref_axis',(0.992156741649221,0.,0.125000000000003));
#11103=DIRECTION('',(-0.125000000073704,7.42734373199727E-11,-0.992156741639936));
#11104=DIRECTION('center_axis',(0.,-1.,0.));
#11105=DIRECTION('ref_axis',(-0.992156741649221,0.,0.125000000000003));
#11106=DIRECTION('',(0.0276418760862506,6.19045179800212E-12,-0.99961789033932));
#11107=DIRECTION('center_axis',(0.,1.,0.));
#11108=DIRECTION('ref_axis',(0.999617890339149,0.,0.0276418760924314));
#11109=DIRECTION('center_axis',(0.,-1.,0.));
#11110=DIRECTION('ref_axis',(-0.871103660217469,0.,0.491099188714183));
#11111=DIRECTION('',(1.132272177815E-11,-1.132304888074E-11,-1.));
#11112=DIRECTION('center_axis',(0.,-1.,0.));
#11113=DIRECTION('ref_axis',(-1.,0.,0.));
#11114=DIRECTION('',(0.641998270001087,-8.37832838591783E-11,-0.766706085351885));
#11115=DIRECTION('center_axis',(0.,-1.,0.));
#11116=DIRECTION('ref_axis',(-0.76670608540566,0.,-0.641998269936866));
#11117=DIRECTION('',(0.641998269960701,3.11497892762201E-11,0.766706085385702));
#11118=DIRECTION('center_axis',(0.,-1.,0.));
#11119=DIRECTION('ref_axis',(0.76670608540566,0.,-0.641998269936866));
#11120=DIRECTION('',(-6.823935851892E-12,-6.823831179062E-12,1.));
#11121=DIRECTION('center_axis',(0.,-1.,0.));
#11122=DIRECTION('ref_axis',(1.,0.,0.));
#11123=DIRECTION('center_axis',(0.,1.,0.));
#11124=DIRECTION('ref_axis',(-0.871103660217469,0.,-0.491099188714183));
#11125=DIRECTION('',(0.0276418760809191,-1.15180945674296E-11,0.999617890339467));
#11126=DIRECTION('center_axis',(0.,-1.,0.));
#11127=DIRECTION('ref_axis',(0.,0.,1.));
#11128=DIRECTION('center_axis',(0.,-1.,0.));
#11129=DIRECTION('ref_axis',(0.,0.,1.));
#11130=DIRECTION('center_axis',(0.,-1.,0.));
#11131=DIRECTION('ref_axis',(0.,0.,1.));
#11132=DIRECTION('center_axis',(0.,-1.,0.));
#11133=DIRECTION('ref_axis',(0.,0.,1.));
#11134=DIRECTION('center_axis',(0.,-1.,0.));
#11135=DIRECTION('ref_axis',(0.,0.,1.));
#11136=DIRECTION('center_axis',(0.,-1.,0.));
#11137=DIRECTION('ref_axis',(0.,0.,1.));
#11138=DIRECTION('center_axis',(0.,-1.,0.));
#11139=DIRECTION('ref_axis',(0.,0.,1.));
#11140=DIRECTION('center_axis',(0.,-1.,0.));
#11141=DIRECTION('ref_axis',(0.,0.,1.));
#11142=DIRECTION('center_axis',(0.,1.,0.));
#11143=DIRECTION('ref_axis',(0.,0.,1.));
#11144=DIRECTION('',(0.,1.,0.));
#11145=DIRECTION('center_axis',(0.,-1.,0.));
#11146=DIRECTION('ref_axis',(0.,0.,1.));
#11147=DIRECTION('center_axis',(0.,1.,0.));
#11148=DIRECTION('ref_axis',(0.,0.,1.));
#11149=DIRECTION('center_axis',(0.,-1.,0.));
#11150=DIRECTION('ref_axis',(-0.999617890339149,0.,0.0276418760924314));
#11151=DIRECTION('center_axis',(0.,1.,0.));
#11152=DIRECTION('ref_axis',(0.871103660217469,0.,0.491099188714183));
#11153=DIRECTION('',(6.824249870384E-12,-6.823857347269E-12,-1.));
#11154=DIRECTION('center_axis',(0.,1.,0.));
#11155=DIRECTION('ref_axis',(1.,0.,0.));
#11156=DIRECTION('',(-0.641998269960701,3.11496887166101E-11,-0.766706085385702));
#11157=DIRECTION('center_axis',(0.,1.,0.));
#11158=DIRECTION('ref_axis',(0.76670608540566,0.,-0.641998269936866));
#11159=DIRECTION('',(-0.641998270001087,-8.37832766763483E-11,0.766706085351885));
#11160=DIRECTION('center_axis',(0.,1.,0.));
#11161=DIRECTION('ref_axis',(-0.76670608540566,0.,-0.641998269936866));
#11162=DIRECTION('',(-1.132334981513E-11,-1.132303579664E-11,1.));
#11163=DIRECTION('center_axis',(0.,1.,0.));
#11164=DIRECTION('ref_axis',(-1.,0.,0.));
#11165=DIRECTION('center_axis',(0.,-1.,0.));
#11166=DIRECTION('ref_axis',(0.871103660217469,0.,-0.491099188714183));
#11167=DIRECTION('',(-0.0276418760862506,6.19046836788912E-12,0.99961789033932));
#11168=DIRECTION('center_axis',(0.,1.,0.));
#11169=DIRECTION('ref_axis',(-0.999617890339149,0.,-0.0276418760924313));
#11170=DIRECTION('',(0.125000000073704,7.42734662274627E-11,0.992156741639936));
#11171=DIRECTION('center_axis',(0.,1.,0.));
#11172=DIRECTION('ref_axis',(-0.992156741649221,0.,0.125000000000003));
#11173=DIRECTION('',(0.1250000001105,-1.114089012308E-10,-0.9921567416353));
#11174=DIRECTION('center_axis',(0.,1.,0.));
#11175=DIRECTION('ref_axis',(0.992156741649221,0.,0.125000000000003));
#11176=DIRECTION('',(-0.0276418760809191,-1.15181261537696E-11,-0.999617890339467));
#11177=DIRECTION('center_axis',(0.,-1.,0.));
#11178=DIRECTION('ref_axis',(0.,0.,1.));
#11179=DIRECTION('center_axis',(0.,-1.,0.));
#11180=DIRECTION('ref_axis',(0.,0.,1.));
#11181=DIRECTION('center_axis',(0.,-1.,0.));
#11182=DIRECTION('ref_axis',(0.,0.,1.));
#11183=DIRECTION('center_axis',(0.,-1.,0.));
#11184=DIRECTION('ref_axis',(0.,0.,1.));
#11185=DIRECTION('center_axis',(0.,-1.,0.));
#11186=DIRECTION('ref_axis',(0.,0.,1.));
#11187=DIRECTION('center_axis',(0.,-1.,0.));
#11188=DIRECTION('ref_axis',(0.,0.,1.));
#11189=DIRECTION('center_axis',(0.,-1.,0.));
#11190=DIRECTION('ref_axis',(0.,0.,1.));
#11191=DIRECTION('center_axis',(0.,1.,0.));
#11192=DIRECTION('ref_axis',(0.,0.,1.));
#11193=DIRECTION('',(0.,1.,0.));
#11194=DIRECTION('center_axis',(0.,1.,0.));
#11195=DIRECTION('ref_axis',(0.,0.,1.));
#11196=DIRECTION('',(0.,1.,0.));
#11197=DIRECTION('center_axis',(0.,1.,0.));
#11198=DIRECTION('ref_axis',(0.,0.,1.));
#11199=DIRECTION('',(0.,1.,0.));
#11200=DIRECTION('center_axis',(0.,1.,0.));
#11201=DIRECTION('ref_axis',(0.,0.,1.));
#11202=DIRECTION('',(0.,1.,0.));
#11203=DIRECTION('center_axis',(0.,1.,0.));
#11204=DIRECTION('ref_axis',(0.,0.,1.));
#11205=DIRECTION('',(0.,1.,0.));
#11206=DIRECTION('center_axis',(0.,1.,0.));
#11207=DIRECTION('ref_axis',(0.,0.,1.));
#11208=DIRECTION('',(0.,1.,0.));
#11209=DIRECTION('center_axis',(0.,1.,0.));
#11210=DIRECTION('ref_axis',(0.,0.,1.));
#11211=DIRECTION('',(0.,1.,0.));
#11212=DIRECTION('center_axis',(0.,1.,0.));
#11213=DIRECTION('ref_axis',(0.,0.,-1.));
#11214=DIRECTION('',(0.706836588310442,-0.707106781186542,-0.0195457776940012));
#11215=DIRECTION('center_axis',(0.,-1.,0.));
#11216=DIRECTION('ref_axis',(-0.999617890339149,0.,0.0276418760924314));
#11217=DIRECTION('',(0.615963297772995,-0.707106781186494,0.347259579848697));
#11218=DIRECTION('center_axis',(0.,-1.,0.));
#11219=DIRECTION('ref_axis',(0.,0.,-1.));
#11220=DIRECTION('center_axis',(0.,1.,0.));
#11221=DIRECTION('ref_axis',(0.871103660217469,0.,0.491099188714182));
#11222=DIRECTION('',(0.707106781186547,-0.707106781186547,3.07015879362021E-10));
#11223=DIRECTION('center_axis',(0.707106781186548,0.707106781186548,0.));
#11224=DIRECTION('ref_axis',(0.707106781186548,-0.707106781186548,0.));
#11225=DIRECTION('',(6.361072594029E-12,-6.361072594029E-12,-1.));
#11226=DIRECTION('',(0.707106781186548,-0.707106781186548,-4.83987280748032E-10));
#11227=DIRECTION('center_axis',(0.,-1.,0.));
#11228=DIRECTION('ref_axis',(0.,0.,-1.));
#11229=DIRECTION('center_axis',(0.,1.,0.));
#11230=DIRECTION('ref_axis',(1.,0.,0.));
#11231=DIRECTION('',(0.54214307234042,-0.707106781186526,-0.453961329975716));
#11232=DIRECTION('center_axis',(0.542143072167326,0.707106781186534,-0.453961330182422));
#11233=DIRECTION('ref_axis',(0.542143072167304,-0.707106781186562,-0.453961330182404));
#11234=DIRECTION('',(-0.641998269956726,2.5916681670321E-11,-0.766706085389031));
#11235=DIRECTION('',(0.542143070576028,-0.707106781186537,-0.453961332082823));
#11236=DIRECTION('center_axis',(0.,-1.,0.));
#11237=DIRECTION('ref_axis',(0.,0.,-1.));
#11238=DIRECTION('center_axis',(0.,1.,0.));
#11239=DIRECTION('ref_axis',(0.76670608540566,0.,-0.641998269936866));
#11240=DIRECTION('',(-0.542143070933327,-0.707106781186535,-0.453961331656122));
#11241=DIRECTION('center_axis',(-0.542143072167326,0.707106781186534,-0.453961330182422));
#11242=DIRECTION('ref_axis',(-0.542143072167304,-0.707106781186562,-0.453961330182404));
#11243=DIRECTION('',(-0.641998269993194,-7.34251774060694E-11,0.766706085358493));
#11244=DIRECTION('',(-0.542143072478108,-0.70710678118651,-0.453961329811306));
#11245=DIRECTION('center_axis',(0.,-1.,0.));
#11246=DIRECTION('ref_axis',(0.,0.,-1.));
#11247=DIRECTION('center_axis',(0.,1.,0.));
#11248=DIRECTION('ref_axis',(-0.76670608540566,0.,-0.641998269936866));
#11249=DIRECTION('',(-0.707106781186548,-0.707106781186548,-2.69535417235018E-10));
#11250=DIRECTION('center_axis',(-0.707106781186548,0.707106781186548,0.));
#11251=DIRECTION('ref_axis',(-0.707106781186548,-0.707106781186548,0.));
#11252=DIRECTION('',(-1.055541759197E-11,-1.055541759197E-11,1.));
#11253=DIRECTION('',(-0.707106781186548,-0.707106781186548,4.69954579399931E-10));
#11254=DIRECTION('center_axis',(0.,-1.,0.));
#11255=DIRECTION('ref_axis',(0.,0.,-1.));
#11256=DIRECTION('center_axis',(0.,1.,0.));
#11257=DIRECTION('ref_axis',(-1.,0.,0.));
#11258=DIRECTION('',(-0.615963295746217,-0.707106781186519,0.347259583443709));
#11259=DIRECTION('center_axis',(0.,1.,0.));
#11260=DIRECTION('ref_axis',(0.,0.,-1.));
#11261=DIRECTION('center_axis',(0.,-1.,0.));
#11262=DIRECTION('ref_axis',(0.871103660217469,0.,-0.491099188714183));
#11263=DIRECTION('',(-0.70683658842003,-0.70710678118653,-0.0195457737313808));
#11264=DIRECTION('center_axis',(-0.706836588854225,0.707106781186525,-0.0195457580296807));
#11265=DIRECTION('ref_axis',(-0.70683658885418,-0.70710678118657,-0.0195457580296795));
#11266=DIRECTION('',(-0.0276418760879293,4.50066300187888E-12,0.999617890339273));
#11267=DIRECTION('',(-0.706836588854245,-0.707106781186545,-0.0195457580282113));
#11268=DIRECTION('center_axis',(0.,-1.,0.));
#11269=DIRECTION('ref_axis',(0.,0.,-1.));
#11270=DIRECTION('center_axis',(0.,1.,0.));
#11271=DIRECTION('ref_axis',(-0.999617890339149,0.,-0.0276418760924313));
#11272=DIRECTION('',(-0.701560760019942,-0.707106781186542,0.0883883476497253));
#11273=DIRECTION('center_axis',(-0.70156076002013,0.707106781186531,0.0883883476483238));
#11274=DIRECTION('ref_axis',(-0.701560760020097,-0.707106781186564,0.0883883476483196));
#11275=DIRECTION('',(0.125000000067194,6.7751220201247E-11,0.992156741640756));
#11276=DIRECTION('',(-0.701560759469941,-0.707106781186541,0.0883883520152351));
#11277=DIRECTION('center_axis',(0.,-1.,0.));
#11278=DIRECTION('ref_axis',(-1.70555735056601E-9,0.,1.));
#11279=DIRECTION('center_axis',(0.,1.,0.));
#11280=DIRECTION('ref_axis',(-0.992156741649221,0.,0.125000000000003));
#11281=DIRECTION('',(0.701560759592436,-0.707106781186536,0.0883883510429945));
#11282=DIRECTION('center_axis',(0.70156076002013,0.707106781186531,0.0883883476483238));
#11283=DIRECTION('ref_axis',(0.701560760020097,-0.707106781186564,0.0883883476483196));
#11284=DIRECTION('',(0.125000000100803,-1.01623741804002E-10,-0.992156741636522));
#11285=DIRECTION('',(0.701560760020222,-0.707106781186522,0.0883883476476628));
#11286=DIRECTION('center_axis',(0.,-1.,0.));
#11287=DIRECTION('ref_axis',(0.,0.,-1.));
#11288=DIRECTION('center_axis',(0.,1.,0.));
#11289=DIRECTION('ref_axis',(0.992156741649221,0.,0.125000000000003));
#11290=DIRECTION('',(0.706836588854216,-0.707106781186516,-0.0195457580303205));
#11291=DIRECTION('center_axis',(0.706836588854225,0.707106781186525,-0.0195457580296807));
#11292=DIRECTION('ref_axis',(0.70683658885418,-0.70710678118657,-0.0195457580296795));
#11293=DIRECTION('',(-0.0276418760840695,-8.37150460103583E-12,-0.99961789033938));
#11294=DIRECTION('center_axis',(0.999617890339149,0.,-0.0276418760924314));
#11295=DIRECTION('ref_axis',(-0.0276418760924314,0.,-0.999617890339149));
#11296=DIRECTION('',(0.,1.,0.));
#11297=DIRECTION('',(0.0276418760840695,-8.37152634901283E-12,0.99961789033938));
#11298=DIRECTION('',(0.,1.,0.));
#11299=DIRECTION('center_axis',(0.,1.,0.));
#11300=DIRECTION('ref_axis',(0.,0.,1.));
#11301=DIRECTION('center_axis',(0.,1.,0.));
#11302=DIRECTION('ref_axis',(-0.871103660217469,0.,-0.491099188714183));
#11303=DIRECTION('',(0.,1.,0.));
#11304=DIRECTION('center_axis',(0.,1.,0.));
#11305=DIRECTION('ref_axis',(0.,0.,1.));
#11306=DIRECTION('center_axis',(0.,-1.,0.));
#11307=DIRECTION('ref_axis',(1.,0.,0.));
#11308=DIRECTION('',(0.,1.,0.));
#11309=DIRECTION('center_axis',(1.,0.,0.));
#11310=DIRECTION('ref_axis',(0.,0.,-1.));
#11311=DIRECTION('',(-6.361072594029E-12,-6.361141285574E-12,1.));
#11312=DIRECTION('',(0.,1.,0.));
#11313=DIRECTION('center_axis',(0.,1.,0.));
#11314=DIRECTION('ref_axis',(0.,0.,1.));
#11315=DIRECTION('center_axis',(0.,-1.,0.));
#11316=DIRECTION('ref_axis',(0.76670608540566,0.,-0.641998269936866));
#11317=DIRECTION('',(0.,1.,0.));
#11318=DIRECTION('center_axis',(0.76670608540566,0.,-0.641998269936866));
#11319=DIRECTION('ref_axis',(-0.641998269936866,0.,-0.76670608540566));
#11320=DIRECTION('',(0.641998269956726,2.5916882789541E-11,0.766706085389031));
#11321=DIRECTION('',(0.,1.,0.));
#11322=DIRECTION('center_axis',(0.,1.,0.));
#11323=DIRECTION('ref_axis',(5.24122201535501E-10,0.,-1.));
#11324=DIRECTION('center_axis',(0.,-1.,0.));
#11325=DIRECTION('ref_axis',(-0.76670608540566,0.,-0.641998269936866));
#11326=DIRECTION('',(0.,1.,0.));
#11327=DIRECTION('center_axis',(-0.76670608540566,0.,-0.641998269936866));
#11328=DIRECTION('ref_axis',(-0.641998269936866,0.,0.76670608540566));
#11329=DIRECTION('',(0.641998269993194,-7.34253210626494E-11,-0.766706085358493));
#11330=DIRECTION('',(0.,1.,0.));
#11331=DIRECTION('center_axis',(0.,1.,0.));
#11332=DIRECTION('ref_axis',(0.,0.,1.));
#11333=DIRECTION('center_axis',(0.,-1.,0.));
#11334=DIRECTION('ref_axis',(-1.,0.,0.));
#11335=DIRECTION('',(0.,1.,0.));
#11336=DIRECTION('center_axis',(-1.,0.,0.));
#11337=DIRECTION('ref_axis',(0.,0.,1.));
#11338=DIRECTION('',(1.055526058272E-11,-1.05553587135E-11,-1.));
#11339=DIRECTION('',(0.,1.,0.));
#11340=DIRECTION('center_axis',(0.,1.,0.));
#11341=DIRECTION('ref_axis',(0.,0.,1.));
#11342=DIRECTION('center_axis',(0.,-1.,0.));
#11343=DIRECTION('ref_axis',(-0.871103660217469,0.,0.491099188714182));
#11344=DIRECTION('',(0.,1.,0.));
#11345=DIRECTION('center_axis',(0.,1.,0.));
#11346=DIRECTION('ref_axis',(0.,0.,1.));
#11347=DIRECTION('center_axis',(0.,1.,0.));
#11348=DIRECTION('ref_axis',(0.999617890339149,0.,0.0276418760924314));
#11349=DIRECTION('',(0.,1.,0.));
#11350=DIRECTION('center_axis',(-0.999617890339149,0.,-0.0276418760924314));
#11351=DIRECTION('ref_axis',(-0.0276418760924314,0.,0.999617890339149));
#11352=DIRECTION('',(0.0276418760879293,4.50069096356388E-12,-0.999617890339273));
#11353=DIRECTION('',(0.,1.,0.));
#11354=DIRECTION('center_axis',(0.,1.,0.));
#11355=DIRECTION('ref_axis',(0.,0.,1.));
#11356=DIRECTION('center_axis',(0.,-1.,0.));
#11357=DIRECTION('ref_axis',(-0.992156741649221,0.,0.125000000000003));
#11358=DIRECTION('',(0.,1.,0.));
#11359=DIRECTION('center_axis',(-0.992156741649221,0.,0.125000000000003));
#11360=DIRECTION('ref_axis',(0.125000000000003,0.,0.992156741649221));
#11361=DIRECTION('',(-0.125000000067194,6.7751181036257E-11,-0.992156741640756));
#11362=DIRECTION('',(0.,1.,0.));
#11363=DIRECTION('center_axis',(0.,1.,0.));
#11364=DIRECTION('ref_axis',(0.,0.,1.));
#11365=DIRECTION('center_axis',(0.,-1.,0.));
#11366=DIRECTION('ref_axis',(0.992156741649221,0.,0.125000000000003));
#11367=DIRECTION('',(0.,1.,0.));
#11368=DIRECTION('center_axis',(0.992156741649221,0.,0.125000000000003));
#11369=DIRECTION('ref_axis',(0.125000000000003,0.,-0.992156741649221));
#11370=DIRECTION('',(-0.125000000100803,-1.01623669069002E-10,0.992156741636522));
#11371=DIRECTION('',(0.,1.,0.));
#11372=DIRECTION('center_axis',(0.,1.,0.));
#11373=DIRECTION('ref_axis',(0.,0.,1.));
#11374=DIRECTION('center_axis',(0.,-1.,0.));
#11375=DIRECTION('ref_axis',(0.999617890339149,0.,-0.0276418760924313));
#11376=DIRECTION('center_axis',(0.,1.,0.));
#11377=DIRECTION('ref_axis',(0.,0.,-1.));
#11378=DIRECTION('',(0.706836588854216,0.707106781186516,-0.0195457580303205));
#11379=DIRECTION('',(0.701560760020221,0.707106781186522,0.0883883476476727));
#11380=DIRECTION('center_axis',(0.70156076002013,-0.707106781186531,0.0883883476483238));
#11381=DIRECTION('ref_axis',(0.701560760020097,0.707106781186564,0.0883883476483196));
#11382=DIRECTION('',(0.701560759592436,0.707106781186536,0.0883883510429945));
#11383=DIRECTION('center_axis',(0.,1.,0.));
#11384=DIRECTION('ref_axis',(-1.70555803958458E-9,0.,1.));
#11385=DIRECTION('',(-0.701560759469941,0.707106781186542,0.0883883520152252));
#11386=DIRECTION('center_axis',(-0.70156076002013,-0.707106781186531,0.0883883476483238));
#11387=DIRECTION('ref_axis',(-0.701560760020097,0.707106781186564,0.0883883476483196));
#11388=DIRECTION('',(-0.701560760019942,0.707106781186542,0.0883883476497253));
#11389=DIRECTION('center_axis',(0.,1.,0.));
#11390=DIRECTION('ref_axis',(0.,0.,-1.));
#11391=DIRECTION('',(-0.706836588854245,0.707106781186545,-0.0195457580282212));
#11392=DIRECTION('center_axis',(-0.706836588854225,-0.707106781186525,-0.0195457580296807));
#11393=DIRECTION('ref_axis',(-0.70683658885418,0.70710678118657,-0.0195457580296795));
#11394=DIRECTION('',(-0.70683658842003,0.70710678118653,-0.0195457737313808));
#11395=DIRECTION('center_axis',(0.,-1.,0.));
#11396=DIRECTION('ref_axis',(0.,0.,-1.));
#11397=DIRECTION('',(-0.615963295746217,0.707106781186519,0.347259583443709));
#11398=DIRECTION('center_axis',(0.,1.,0.));
#11399=DIRECTION('ref_axis',(0.,0.,-1.));
#11400=DIRECTION('',(-0.707106781186548,0.707106781186548,4.69953794353732E-10));
#11401=DIRECTION('center_axis',(-0.707106781186548,-0.707106781186548,0.));
#11402=DIRECTION('ref_axis',(-0.707106781186548,0.707106781186548,0.));
#11403=DIRECTION('',(-0.707106781186548,0.707106781186548,-2.69534632188818E-10));
#11404=DIRECTION('center_axis',(0.,1.,0.));
#11405=DIRECTION('ref_axis',(0.,0.,-1.));
#11406=DIRECTION('',(-0.542143072478108,0.70710678118651,-0.453961329811306));
#11407=DIRECTION('center_axis',(-0.542143072167326,-0.707106781186534,-0.453961330182422));
#11408=DIRECTION('ref_axis',(-0.542143072167304,0.707106781186562,-0.453961330182404));
#11409=DIRECTION('',(-0.542143070933327,0.707106781186535,-0.453961331656122));
#11410=DIRECTION('center_axis',(0.,1.,0.));
#11411=DIRECTION('ref_axis',(0.,0.,-1.));
#11412=DIRECTION('',(0.542143070576028,0.707106781186537,-0.453961332082823));
#11413=DIRECTION('center_axis',(0.542143072167326,-0.707106781186534,-0.453961330182422));
#11414=DIRECTION('ref_axis',(0.542143072167304,0.707106781186562,-0.453961330182404));
#11415=DIRECTION('',(0.54214307234042,0.707106781186526,-0.453961329975716));
#11416=DIRECTION('center_axis',(0.,1.,0.));
#11417=DIRECTION('ref_axis',(0.,0.,-1.));
#11418=DIRECTION('',(0.707106781186548,0.707106781186548,-4.83987280748032E-10));
#11419=DIRECTION('center_axis',(0.707106781186548,-0.707106781186548,0.));
#11420=DIRECTION('ref_axis',(0.707106781186548,0.707106781186548,0.));
#11421=DIRECTION('',(0.707106781186547,0.707106781186547,3.07017449454421E-10));
#11422=DIRECTION('center_axis',(0.,1.,0.));
#11423=DIRECTION('ref_axis',(0.,0.,-1.));
#11424=DIRECTION('',(0.615963297772995,0.707106781186494,0.347259579848697));
#11425=DIRECTION('center_axis',(0.,-1.,0.));
#11426=DIRECTION('ref_axis',(0.,0.,-1.));
#11427=DIRECTION('',(0.706836588310442,0.707106781186542,-0.0195457776939912));
#11428=DIRECTION('center_axis',(0.706836588854225,-0.707106781186525,-0.0195457580296807));
#11429=DIRECTION('ref_axis',(0.70683658885418,0.70710678118657,-0.0195457580296795));
#11430=DIRECTION('axis',(0.,0.,1.));
#11431=DIRECTION('refdir',(1.,0.,0.));
#11432=DIRECTION('center_axis',(0.,1.,0.));
#11433=DIRECTION('ref_axis',(0.,0.,1.));
#11434=DIRECTION('center_axis',(0.,-1.,0.));
#11435=DIRECTION('ref_axis',(0.999792747689993,0.,-0.0203583316235399));
#11436=DIRECTION('',(-0.1041666667249,-5.85590454632601E-11,0.994559855183902));
#11437=DIRECTION('center_axis',(0.,-1.,0.));
#11438=DIRECTION('ref_axis',(0.994559855189997,0.,0.1041666666667));
#11439=DIRECTION('',(-0.104166666706404,3.99404309394616E-11,-0.994559855185839));
#11440=DIRECTION('center_axis',(0.,-1.,0.));
#11441=DIRECTION('ref_axis',(-0.994559855189997,0.,0.1041666666667));
#11442=DIRECTION('',(0.0203583316193795,4.17068919121191E-12,-0.999792747690078));
#11443=DIRECTION('center_axis',(0.,1.,0.));
#11444=DIRECTION('ref_axis',(0.999792747689993,0.,0.0203583316235399));
#11445=DIRECTION('center_axis',(0.,-1.,0.));
#11446=DIRECTION('ref_axis',(-0.871103660217469,0.,0.491099188714183));
#11447=DIRECTION('',(1.132303579664E-11,-1.132310121716E-11,-1.));
#11448=DIRECTION('center_axis',(0.,-1.,0.));
#11449=DIRECTION('ref_axis',(-1.,0.,0.));
#11450=DIRECTION('',(0.641998270001087,-8.37834346985883E-11,-0.766706085351885));
#11451=DIRECTION('center_axis',(0.,-1.,0.));
#11452=DIRECTION('ref_axis',(-0.76670608540566,0.,-0.641998269936866));
#11453=DIRECTION('',(0.641998269960701,3.11496360425301E-11,0.766706085385702));
#11454=DIRECTION('center_axis',(0.,-1.,0.));
#11455=DIRECTION('ref_axis',(0.76670608540566,0.,-0.641998269936866));
#11456=DIRECTION('',(-6.823935851892E-12,-6.823883515477E-12,1.));
#11457=DIRECTION('center_axis',(0.,-1.,0.));
#11458=DIRECTION('ref_axis',(1.,0.,0.));
#11459=DIRECTION('center_axis',(0.,1.,0.));
#11460=DIRECTION('ref_axis',(-0.871103660217469,0.,-0.491099188714183));
#11461=DIRECTION('',(0.020358331615789,-7.76004387682062E-12,0.999792747690151));
#11462=DIRECTION('center_axis',(0.,-1.,0.));
#11463=DIRECTION('ref_axis',(0.,0.,1.));
#11464=DIRECTION('center_axis',(0.,-1.,0.));
#11465=DIRECTION('ref_axis',(0.,0.,1.));
#11466=DIRECTION('center_axis',(0.,-1.,0.));
#11467=DIRECTION('ref_axis',(0.,0.,1.));
#11468=DIRECTION('center_axis',(0.,-1.,0.));
#11469=DIRECTION('ref_axis',(0.,0.,1.));
#11470=DIRECTION('center_axis',(0.,-1.,0.));
#11471=DIRECTION('ref_axis',(0.,0.,1.));
#11472=DIRECTION('center_axis',(0.,-1.,0.));
#11473=DIRECTION('ref_axis',(0.,0.,1.));
#11474=DIRECTION('center_axis',(0.,-1.,0.));
#11475=DIRECTION('ref_axis',(0.,0.,1.));
#11476=DIRECTION('center_axis',(0.,-1.,0.));
#11477=DIRECTION('ref_axis',(0.,0.,1.));
#11478=DIRECTION('center_axis',(0.,1.,0.));
#11479=DIRECTION('ref_axis',(0.,0.,1.));
#11480=DIRECTION('',(0.,1.,0.));
#11481=DIRECTION('center_axis',(0.,-1.,0.));
#11482=DIRECTION('ref_axis',(0.,0.,1.));
#11483=DIRECTION('center_axis',(0.,1.,0.));
#11484=DIRECTION('ref_axis',(0.,0.,1.));
#11485=DIRECTION('center_axis',(0.,-1.,0.));
#11486=DIRECTION('ref_axis',(-0.999792747689993,0.,0.0203583316235399));
#11487=DIRECTION('center_axis',(0.,1.,0.));
#11488=DIRECTION('ref_axis',(0.871103660217469,0.,0.491099188714183));
#11489=DIRECTION('',(6.824249870384E-12,-6.823857347269E-12,-1.));
#11490=DIRECTION('center_axis',(0.,1.,0.));
#11491=DIRECTION('ref_axis',(1.,0.,0.));
#11492=DIRECTION('',(-0.641998269960701,3.11496887166101E-11,-0.766706085385702));
#11493=DIRECTION('center_axis',(0.,1.,0.));
#11494=DIRECTION('ref_axis',(0.76670608540566,0.,-0.641998269936866));
#11495=DIRECTION('',(-0.641998270001087,-8.37832766763483E-11,0.766706085351885));
#11496=DIRECTION('center_axis',(0.,1.,0.));
#11497=DIRECTION('ref_axis',(-0.76670608540566,0.,-0.641998269936866));
#11498=DIRECTION('',(-1.132303579664E-11,-1.132319280589E-11,1.));
#11499=DIRECTION('center_axis',(0.,1.,0.));
#11500=DIRECTION('ref_axis',(-1.,0.,0.));
#11501=DIRECTION('center_axis',(0.,-1.,0.));
#11502=DIRECTION('ref_axis',(0.871103660217469,0.,-0.491099188714183));
#11503=DIRECTION('',(-0.0203583316193795,4.17038657379391E-12,0.999792747690078));
#11504=DIRECTION('center_axis',(0.,1.,0.));
#11505=DIRECTION('ref_axis',(-0.999792747689993,0.,-0.0203583316235399));
#11506=DIRECTION('',(0.104166666706404,3.99404324898716E-11,0.994559855185839));
#11507=DIRECTION('center_axis',(0.,1.,0.));
#11508=DIRECTION('ref_axis',(-0.994559855189997,0.,0.1041666666667));
#11509=DIRECTION('',(0.1041666667249,-5.85590935260001E-11,-0.994559855183902));
#11510=DIRECTION('center_axis',(0.,1.,0.));
#11511=DIRECTION('ref_axis',(0.994559855189997,0.,0.1041666666667));
#11512=DIRECTION('',(-0.020358331615789,-7.76003894696262E-12,-0.999792747690151));
#11513=DIRECTION('center_axis',(0.,-1.,0.));
#11514=DIRECTION('ref_axis',(0.,0.,1.));
#11515=DIRECTION('center_axis',(0.,-1.,0.));
#11516=DIRECTION('ref_axis',(0.,0.,1.));
#11517=DIRECTION('center_axis',(0.,-1.,0.));
#11518=DIRECTION('ref_axis',(0.,0.,1.));
#11519=DIRECTION('center_axis',(0.,-1.,0.));
#11520=DIRECTION('ref_axis',(0.,0.,1.));
#11521=DIRECTION('center_axis',(0.,-1.,0.));
#11522=DIRECTION('ref_axis',(0.,0.,1.));
#11523=DIRECTION('center_axis',(0.,-1.,0.));
#11524=DIRECTION('ref_axis',(0.,0.,1.));
#11525=DIRECTION('center_axis',(0.,-1.,0.));
#11526=DIRECTION('ref_axis',(0.,0.,1.));
#11527=DIRECTION('center_axis',(0.,1.,0.));
#11528=DIRECTION('ref_axis',(0.,0.,1.));
#11529=DIRECTION('',(0.,1.,0.));
#11530=DIRECTION('center_axis',(0.,1.,0.));
#11531=DIRECTION('ref_axis',(0.,0.,1.));
#11532=DIRECTION('',(0.,1.,0.));
#11533=DIRECTION('center_axis',(0.,1.,0.));
#11534=DIRECTION('ref_axis',(0.,0.,1.));
#11535=DIRECTION('',(0.,1.,0.));
#11536=DIRECTION('center_axis',(0.,1.,0.));
#11537=DIRECTION('ref_axis',(0.,0.,1.));
#11538=DIRECTION('',(0.,1.,0.));
#11539=DIRECTION('center_axis',(0.,1.,0.));
#11540=DIRECTION('ref_axis',(0.,0.,1.));
#11541=DIRECTION('',(0.,1.,0.));
#11542=DIRECTION('center_axis',(0.,1.,0.));
#11543=DIRECTION('ref_axis',(0.,0.,1.));
#11544=DIRECTION('',(0.,1.,0.));
#11545=DIRECTION('center_axis',(0.,1.,0.));
#11546=DIRECTION('ref_axis',(0.,0.,1.));
#11547=DIRECTION('',(0.,1.,0.));
#11548=DIRECTION('center_axis',(0.,1.,0.));
#11549=DIRECTION('ref_axis',(0.,0.,-1.));
#11550=DIRECTION('',(0.706960231304932,-0.707106781186532,-0.0143955324076206));
#11551=DIRECTION('center_axis',(0.,-1.,0.));
#11552=DIRECTION('ref_axis',(-0.999792747689993,0.,0.0203583316235498));
#11553=DIRECTION('',(0.615963298389801,-0.707106781186501,0.347259578754601));
#11554=DIRECTION('center_axis',(0.,-1.,0.));
#11555=DIRECTION('ref_axis',(0.,0.,-1.));
#11556=DIRECTION('center_axis',(0.,1.,0.));
#11557=DIRECTION('ref_axis',(0.871103660217469,0.,0.491099188714182));
#11558=DIRECTION('',(0.707106781186547,-0.707106781186547,3.07015879362021E-10));
#11559=DIRECTION('center_axis',(0.707106781186548,0.707106781186548,0.));
#11560=DIRECTION('ref_axis',(0.707106781186548,-0.707106781186548,0.));
#11561=DIRECTION('',(6.361072594029E-12,-6.361229603275E-12,-1.));
#11562=DIRECTION('',(0.707106781186548,-0.707106781186548,-4.83985710655533E-10));
#11563=DIRECTION('center_axis',(0.,-1.,0.));
#11564=DIRECTION('ref_axis',(0.,0.,-1.));
#11565=DIRECTION('center_axis',(0.,1.,0.));
#11566=DIRECTION('ref_axis',(1.,0.,0.));
#11567=DIRECTION('',(0.54214307234042,-0.707106781186526,-0.453961329975716));
#11568=DIRECTION('center_axis',(0.542143072167326,0.707106781186534,-0.453961330182422));
#11569=DIRECTION('ref_axis',(0.542143072167304,-0.707106781186562,-0.453961330182404));
#11570=DIRECTION('',(-0.641998269956726,2.5916796595591E-11,-0.766706085389031));
#11571=DIRECTION('',(0.542143070576028,-0.707106781186537,-0.453961332082823));
#11572=DIRECTION('center_axis',(0.,-1.,0.));
#11573=DIRECTION('ref_axis',(0.,0.,-1.));
#11574=DIRECTION('center_axis',(0.,1.,0.));
#11575=DIRECTION('ref_axis',(0.76670608540566,0.,-0.641998269936866));
#11576=DIRECTION('',(-0.542143070933327,-0.707106781186535,-0.453961331656122));
#11577=DIRECTION('center_axis',(-0.542143072167326,0.707106781186534,-0.453961330182422));
#11578=DIRECTION('ref_axis',(-0.542143072167304,-0.707106781186562,-0.453961330182404));
#11579=DIRECTION('',(-0.641998269993194,-7.34255221818594E-11,0.766706085358493));
#11580=DIRECTION('',(-0.542143072478108,-0.70710678118651,-0.453961329811306));
#11581=DIRECTION('center_axis',(0.,-1.,0.));
#11582=DIRECTION('ref_axis',(0.,0.,-1.));
#11583=DIRECTION('center_axis',(0.,1.,0.));
#11584=DIRECTION('ref_axis',(-0.76670608540566,0.,-0.641998269936866));
#11585=DIRECTION('',(-0.707106781186548,-0.707106781186548,-2.69534632188818E-10));
#11586=DIRECTION('center_axis',(-0.707106781186548,0.707106781186548,0.));
#11587=DIRECTION('ref_axis',(-0.707106781186548,-0.707106781186548,0.));
#11588=DIRECTION('',(-1.055526058272E-11,-1.055541759197E-11,1.));
#11589=DIRECTION('',(-0.707106781186548,-0.707106781186548,4.69955364446132E-10));
#11590=DIRECTION('center_axis',(0.,-1.,0.));
#11591=DIRECTION('ref_axis',(0.,0.,-1.));
#11592=DIRECTION('center_axis',(0.,1.,0.));
#11593=DIRECTION('ref_axis',(-1.,0.,0.));
#11594=DIRECTION('',(-0.615963296534439,-0.707106781186545,0.347259582045522));
#11595=DIRECTION('center_axis',(0.,1.,0.));
#11596=DIRECTION('ref_axis',(0.,0.,-1.));
#11597=DIRECTION('center_axis',(0.,-1.,0.));
#11598=DIRECTION('ref_axis',(0.871103660217469,0.,-0.491099188714183));
#11599=DIRECTION('',(-0.706960231378529,-0.707106781186529,-0.0143955287933906));
#11600=DIRECTION('center_axis',(-0.706960231672736,0.707106781186536,-0.0143955143446507));
#11601=DIRECTION('ref_axis',(-0.706960231672714,-0.707106781186559,-0.0143955143446503));
#11602=DIRECTION('',(-0.0203583316205191,3.03123449490586E-12,0.999792747690055));
#11603=DIRECTION('',(-0.706960231672737,-0.707106781186537,-0.0143955143445608));
#11604=DIRECTION('center_axis',(0.,-1.,0.));
#11605=DIRECTION('ref_axis',(0.,0.,-1.));
#11606=DIRECTION('center_axis',(0.,1.,0.));
#11607=DIRECTION('ref_axis',(-0.999792747689993,0.,-0.0203583316235498));
#11608=DIRECTION('',(-0.703260017900709,-0.707106781186509,0.073656956374451));
#11609=DIRECTION('center_axis',(-0.703260017900804,0.707106781186504,0.0736569563736004));
#11610=DIRECTION('ref_axis',(-0.703260017900717,-0.707106781186591,0.0736569563735913));
#11611=DIRECTION('',(0.104166666702901,3.64325472362502E-11,0.994559855186206));
#11612=DIRECTION('',(-0.703260017615727,-0.707106781186527,0.0736569590952229));
#11613=DIRECTION('center_axis',(0.,-1.,0.));
#11614=DIRECTION('ref_axis',(-1.31473975006194E-9,0.,1.));
#11615=DIRECTION('center_axis',(0.,1.,0.));
#11616=DIRECTION('ref_axis',(-0.994559855189997,0.,0.1041666666667));
#11617=DIRECTION('',(0.703260017694341,-0.707106781186541,0.0736569583445142));
#11618=DIRECTION('center_axis',(0.703260017900804,0.707106781186504,0.0736569563736004));
#11619=DIRECTION('ref_axis',(0.703260017900717,-0.707106781186591,0.0736569563735913));
#11620=DIRECTION('',(0.104166666719804,-5.34155744035519E-11,-0.994559855184436));
#11621=DIRECTION('',(0.703260017900806,-0.707106781186506,0.0736569563735706));
#11622=DIRECTION('center_axis',(0.,-1.,0.));
#11623=DIRECTION('ref_axis',(0.,0.,-1.));
#11624=DIRECTION('center_axis',(0.,1.,0.));
#11625=DIRECTION('ref_axis',(0.994559855189997,0.,0.1041666666667));
#11626=DIRECTION('',(0.706960231672732,-0.707106781186532,-0.0143955143450407));
#11627=DIRECTION('center_axis',(0.706960231672736,0.707106781186536,-0.0143955143446507));
#11628=DIRECTION('ref_axis',(0.706960231672714,-0.707106781186559,-0.0143955143446503));
#11629=DIRECTION('',(-0.0203583316179102,-5.63973293521304E-12,-0.999792747690108));
#11630=DIRECTION('center_axis',(0.999792747689993,0.,-0.0203583316235499));
#11631=DIRECTION('ref_axis',(-0.0203583316235499,0.,-0.999792747689993));
#11632=DIRECTION('',(0.,1.,0.));
#11633=DIRECTION('',(0.0203583316179102,-5.63974658712704E-12,0.999792747690108));
#11634=DIRECTION('',(0.,1.,0.));
#11635=DIRECTION('center_axis',(0.,1.,0.));
#11636=DIRECTION('ref_axis',(0.,0.,1.));
#11637=DIRECTION('center_axis',(0.,1.,0.));
#11638=DIRECTION('ref_axis',(-0.871103660217469,0.,-0.491099188714183));
#11639=DIRECTION('',(0.,1.,0.));
#11640=DIRECTION('center_axis',(0.,1.,0.));
#11641=DIRECTION('ref_axis',(0.,0.,1.));
#11642=DIRECTION('center_axis',(0.,-1.,0.));
#11643=DIRECTION('ref_axis',(1.,0.,0.));
#11644=DIRECTION('',(0.,1.,0.));
#11645=DIRECTION('center_axis',(1.,0.,0.));
#11646=DIRECTION('ref_axis',(0.,0.,-1.));
#11647=DIRECTION('',(-6.361229603275E-12,-6.361180537886E-12,1.));
#11648=DIRECTION('',(0.,1.,0.));
#11649=DIRECTION('center_axis',(0.,1.,0.));
#11650=DIRECTION('ref_axis',(0.,0.,1.));
#11651=DIRECTION('center_axis',(0.,-1.,0.));
#11652=DIRECTION('ref_axis',(0.76670608540566,0.,-0.641998269936866));
#11653=DIRECTION('',(0.,1.,0.));
#11654=DIRECTION('center_axis',(0.76670608540566,0.,-0.641998269936866));
#11655=DIRECTION('ref_axis',(-0.641998269936866,0.,-0.76670608540566));
#11656=DIRECTION('',(0.641998269956726,2.5916810961251E-11,0.766706085389031));
#11657=DIRECTION('',(0.,1.,0.));
#11658=DIRECTION('center_axis',(0.,1.,0.));
#11659=DIRECTION('ref_axis',(5.24122201535501E-10,0.,-1.));
#11660=DIRECTION('center_axis',(0.,-1.,0.));
#11661=DIRECTION('ref_axis',(-0.76670608540566,0.,-0.641998269936866));
#11662=DIRECTION('',(0.,1.,0.));
#11663=DIRECTION('center_axis',(-0.76670608540566,0.,-0.641998269936866));
#11664=DIRECTION('ref_axis',(-0.641998269936866,0.,0.76670608540566));
#11665=DIRECTION('',(0.641998269993194,-7.34253785252794E-11,-0.766706085358493));
#11666=DIRECTION('',(0.,1.,0.));
#11667=DIRECTION('center_axis',(0.,1.,0.));
#11668=DIRECTION('ref_axis',(0.,0.,1.));
#11669=DIRECTION('center_axis',(0.,-1.,0.));
#11670=DIRECTION('ref_axis',(-1.,0.,0.));
#11671=DIRECTION('',(0.,1.,0.));
#11672=DIRECTION('center_axis',(-1.,0.,0.));
#11673=DIRECTION('ref_axis',(0.,0.,1.));
#11674=DIRECTION('',(1.055526058272E-11,-1.055536852658E-11,-1.));
#11675=DIRECTION('',(0.,1.,0.));
#11676=DIRECTION('center_axis',(0.,1.,0.));
#11677=DIRECTION('ref_axis',(0.,0.,1.));
#11678=DIRECTION('center_axis',(0.,-1.,0.));
#11679=DIRECTION('ref_axis',(-0.871103660217469,0.,0.491099188714182));
#11680=DIRECTION('',(0.,1.,0.));
#11681=DIRECTION('center_axis',(0.,1.,0.));
#11682=DIRECTION('ref_axis',(0.,0.,1.));
#11683=DIRECTION('center_axis',(0.,1.,0.));
#11684=DIRECTION('ref_axis',(0.999792747689993,0.,0.0203583316235498));
#11685=DIRECTION('',(0.,1.,0.));
#11686=DIRECTION('center_axis',(-0.999792747689993,0.,-0.0203583316235499));
#11687=DIRECTION('ref_axis',(-0.0203583316235499,0.,0.999792747689993));
#11688=DIRECTION('',(0.0203583316205191,3.03146202679986E-12,-0.999792747690055));
#11689=DIRECTION('',(0.,1.,0.));
#11690=DIRECTION('center_axis',(0.,1.,0.));
#11691=DIRECTION('ref_axis',(0.,0.,1.));
#11692=DIRECTION('center_axis',(0.,-1.,0.));
#11693=DIRECTION('ref_axis',(-0.994559855189997,0.,0.1041666666667));
#11694=DIRECTION('',(0.,1.,0.));
#11695=DIRECTION('center_axis',(-0.994559855189998,0.,0.1041666666667));
#11696=DIRECTION('ref_axis',(0.1041666666667,0.,0.994559855189998));
#11697=DIRECTION('',(-0.104166666702901,3.64325937485802E-11,-0.994559855186206));
#11698=DIRECTION('',(0.,1.,0.));
#11699=DIRECTION('center_axis',(0.,1.,0.));
#11700=DIRECTION('ref_axis',(0.,0.,1.));
#11701=DIRECTION('center_axis',(0.,-1.,0.));
#11702=DIRECTION('ref_axis',(0.994559855189997,0.,0.1041666666667));
#11703=DIRECTION('',(0.,1.,0.));
#11704=DIRECTION('center_axis',(0.994559855189998,0.,0.1041666666667));
#11705=DIRECTION('ref_axis',(0.1041666666667,0.,-0.994559855189998));
#11706=DIRECTION('',(-0.104166666719804,-5.34156116134119E-11,0.994559855184436));
#11707=DIRECTION('',(0.,1.,0.));
#11708=DIRECTION('center_axis',(0.,1.,0.));
#11709=DIRECTION('ref_axis',(0.,0.,1.));
#11710=DIRECTION('center_axis',(0.,-1.,0.));
#11711=DIRECTION('ref_axis',(0.999792747689993,0.,-0.0203583316235498));
#11712=DIRECTION('center_axis',(0.,1.,0.));
#11713=DIRECTION('ref_axis',(0.,0.,-1.));
#11714=DIRECTION('',(0.706960231672732,0.707106781186533,-0.0143955143450207));
#11715=DIRECTION('',(0.703260017900804,0.707106781186505,0.0736569563735905));
#11716=DIRECTION('center_axis',(0.703260017900804,-0.707106781186504,0.0736569563736004));
#11717=DIRECTION('ref_axis',(0.703260017900717,0.707106781186591,0.0736569563735913));
#11718=DIRECTION('',(0.703260017694341,0.707106781186541,0.0736569583445142));
#11719=DIRECTION('center_axis',(0.,1.,0.));
#11720=DIRECTION('ref_axis',(-1.31473733045604E-9,0.,1.));
#11721=DIRECTION('',(-0.703260017615727,0.707106781186527,0.0736569590952229));
#11722=DIRECTION('center_axis',(-0.703260017900804,-0.707106781186504,0.0736569563736004));
#11723=DIRECTION('ref_axis',(-0.703260017900717,0.707106781186591,0.0736569563735913));
#11724=DIRECTION('',(-0.703260017900709,0.707106781186509,0.0736569563744609));
#11725=DIRECTION('center_axis',(0.,1.,0.));
#11726=DIRECTION('ref_axis',(0.,0.,-1.));
#11727=DIRECTION('',(-0.706960231672737,0.707106781186537,-0.0143955143445808));
#11728=DIRECTION('center_axis',(-0.706960231672736,-0.707106781186536,-0.0143955143446507));
#11729=DIRECTION('ref_axis',(-0.706960231672714,0.707106781186559,-0.0143955143446503));
#11730=DIRECTION('',(-0.706960231378529,0.707106781186529,-0.0143955287933906));
#11731=DIRECTION('center_axis',(0.,-1.,0.));
#11732=DIRECTION('ref_axis',(0.,0.,-1.));
#11733=DIRECTION('',(-0.615963296534439,0.707106781186545,0.347259582045522));
#11734=DIRECTION('center_axis',(0.,1.,0.));
#11735=DIRECTION('ref_axis',(0.,0.,-1.));
#11736=DIRECTION('',(-0.707106781186548,0.707106781186548,4.69953009307432E-10));
#11737=DIRECTION('center_axis',(-0.707106781186548,-0.707106781186548,0.));
#11738=DIRECTION('ref_axis',(-0.707106781186548,0.707106781186548,0.));
#11739=DIRECTION('',(-0.707106781186548,0.707106781186548,-2.69533847142618E-10));
#11740=DIRECTION('center_axis',(0.,1.,0.));
#11741=DIRECTION('ref_axis',(0.,0.,-1.));
#11742=DIRECTION('',(-0.542143072478108,0.70710678118651,-0.453961329811306));
#11743=DIRECTION('center_axis',(-0.542143072167326,-0.707106781186534,-0.453961330182422));
#11744=DIRECTION('ref_axis',(-0.542143072167304,0.707106781186562,-0.453961330182404));
#11745=DIRECTION('',(-0.542143070933327,0.707106781186535,-0.453961331656122));
#11746=DIRECTION('center_axis',(0.,1.,0.));
#11747=DIRECTION('ref_axis',(0.,0.,-1.));
#11748=DIRECTION('',(0.542143070576028,0.707106781186537,-0.453961332082823));
#11749=DIRECTION('center_axis',(0.542143072167326,-0.707106781186534,-0.453961330182422));
#11750=DIRECTION('ref_axis',(0.542143072167304,0.707106781186562,-0.453961330182404));
#11751=DIRECTION('',(0.54214307234042,0.707106781186526,-0.453961329975716));
#11752=DIRECTION('center_axis',(0.,1.,0.));
#11753=DIRECTION('ref_axis',(0.,0.,-1.));
#11754=DIRECTION('',(0.707106781186548,0.707106781186548,-4.83986495701733E-10));
#11755=DIRECTION('center_axis',(0.707106781186548,-0.707106781186548,0.));
#11756=DIRECTION('ref_axis',(0.707106781186548,0.707106781186548,0.));
#11757=DIRECTION('',(0.707106781186547,0.707106781186547,3.07017449454421E-10));
#11758=DIRECTION('center_axis',(0.,1.,0.));
#11759=DIRECTION('ref_axis',(0.,0.,-1.));
#11760=DIRECTION('',(0.615963298389801,0.707106781186501,0.347259578754601));
#11761=DIRECTION('center_axis',(0.,-1.,0.));
#11762=DIRECTION('ref_axis',(0.,0.,-1.));
#11763=DIRECTION('',(0.706960231304932,0.707106781186532,-0.0143955324076206));
#11764=DIRECTION('center_axis',(0.706960231672736,-0.707106781186536,-0.0143955143446507));
#11765=DIRECTION('ref_axis',(0.706960231672714,0.707106781186559,-0.0143955143446503));
#11766=DIRECTION('axis',(0.,0.,1.));
#11767=DIRECTION('refdir',(1.,0.,0.));
#11768=DIRECTION('center_axis',(0.,0.,1.));
#11769=DIRECTION('ref_axis',(-1.,0.,0.));
#11770=DIRECTION('center_axis',(0.,0.,-1.));
#11771=DIRECTION('ref_axis',(-1.,0.,0.));
#11772=DIRECTION('center_axis',(0.,0.,1.));
#11773=DIRECTION('ref_axis',(-1.,0.,0.));
#11774=DIRECTION('center_axis',(0.,0.,1.));
#11775=DIRECTION('ref_axis',(-1.,0.,0.));
#11776=DIRECTION('',(0.,0.,1.));
#11777=DIRECTION('center_axis',(0.,0.,1.));
#11778=DIRECTION('ref_axis',(-1.,0.,0.));
#11779=DIRECTION('center_axis',(0.,0.,1.));
#11780=DIRECTION('ref_axis',(-1.,0.,0.));
#11781=DIRECTION('center_axis',(0.,0.,1.));
#11782=DIRECTION('ref_axis',(-1.,0.,0.));
#11783=DIRECTION('center_axis',(0.,0.,1.));
#11784=DIRECTION('ref_axis',(-1.,0.,0.));
#11785=DIRECTION('',(0.,0.,-1.));
#11786=DIRECTION('center_axis',(0.,0.,1.));
#11787=DIRECTION('ref_axis',(-1.,0.,0.));
#11788=DIRECTION('center_axis',(0.,0.,1.));
#11789=DIRECTION('ref_axis',(-1.,0.,0.));
#11790=DIRECTION('',(-0.371367835550235,-4.54794431112876E-17,-0.928485826880914));
#11791=DIRECTION('center_axis',(0.,0.,1.));
#11792=DIRECTION('ref_axis',(-1.,0.,0.));
#11793=DIRECTION('center_axis',(0.,0.,1.));
#11794=DIRECTION('ref_axis',(-1.,0.,0.));
#11795=DIRECTION('',(0.,0.,-1.));
#11796=DIRECTION('center_axis',(0.,0.,1.));
#11797=DIRECTION('ref_axis',(-1.,0.,0.));
#11798=DIRECTION('center_axis',(0.,0.,1.));
#11799=DIRECTION('ref_axis',(-1.,0.,0.));
#11800=DIRECTION('center_axis',(0.,0.,-1.));
#11801=DIRECTION('ref_axis',(1.,0.,0.));
#11802=DIRECTION('center_axis',(0.,0.,1.));
#11803=DIRECTION('ref_axis',(-1.,0.,0.));
#11804=DIRECTION('',(0.371367835550235,-4.54794431112876E-17,0.928485826880914));
#11805=DIRECTION('center_axis',(0.,0.,1.));
#11806=DIRECTION('ref_axis',(-1.,0.,0.));
#11807=DIRECTION('center_axis',(0.,0.,1.));
#11808=DIRECTION('ref_axis',(-1.,0.,0.));
#11809=DIRECTION('',(0.,0.,-1.));
#11810=DIRECTION('',(0.,0.,1.));
#11811=DIRECTION('',(1.,0.,0.));
#11812=DIRECTION('',(-0.958413184387229,0.,0.285384246223809));
#11813=DIRECTION('',(0.285384246223809,0.,0.958413184387229));
#11814=DIRECTION('',(-0.784174700510666,0.,-0.620540118831173));
#11815=DIRECTION('',(-0.620540118831173,0.,0.784174700510666));
#11816=DIRECTION('',(1.,0.,0.));
#11817=DIRECTION('',(0.,0.,-1.));
#11818=DIRECTION('',(0.,-1.,0.));
#11819=DIRECTION('',(1.,0.,0.));
#11820=DIRECTION('',(0.,0.,1.));
#11821=DIRECTION('',(1.,0.,0.));
#11822=DIRECTION('',(0.958413184387229,0.,0.285384246223809));
#11823=DIRECTION('',(0.285384246223809,0.,-0.958413184387229));
#11824=DIRECTION('',(0.784174700510666,0.,-0.620540118831173));
#11825=DIRECTION('',(-0.620540118831173,0.,-0.784174700510666));
#11826=DIRECTION('',(0.,-1.,0.));
#11827=DIRECTION('',(1.,0.,0.));
#11828=DIRECTION('',(0.,-1.,0.));
#11829=DIRECTION('',(1.,0.,0.));
#11830=DIRECTION('',(0.,-1.,0.));
#11831=DIRECTION('',(1.,0.,0.));
#11832=DIRECTION('',(0.,-1.,0.));
#11833=DIRECTION('',(1.,0.,0.));
#11834=DIRECTION('',(0.,-1.,0.));
#11835=DIRECTION('',(1.,0.,0.));
#11836=DIRECTION('',(0.,-1.,0.));
#11837=DIRECTION('',(1.,0.,0.));
#11838=DIRECTION('',(0.,-1.,0.));
#11839=DIRECTION('',(1.,0.,0.));
#11840=CARTESIAN_POINT('',(0.,0.,0.));
#11841=CARTESIAN_POINT('',(0.,0.,0.));
#11842=CARTESIAN_POINT('Origin',(0.,0.,0.));
#11843=CARTESIAN_POINT('',(17.5,0.,-71.));
#11844=CARTESIAN_POINT('',(14.5,0.,-74.));
#11845=CARTESIAN_POINT('Origin',(14.5,0.,-71.));
#11846=CARTESIAN_POINT('',(17.5,0.,-51.85021269077));
#11847=CARTESIAN_POINT('',(17.5,0.,-51.85021269077));
#11848=CARTESIAN_POINT('',(31.81679811857,0.,-40.07598462785));
#11849=CARTESIAN_POINT('Origin',(29.5,0.,-51.85021269077));
#11850=CARTESIAN_POINT('',(36.28725720597,0.,-26.94095695581));
#11851=CARTESIAN_POINT('Origin',(33.16826368774,0.,-33.20768492448));
#11852=CARTESIAN_POINT('',(25.54429497397,0.,-21.59411092457));
#11853=CARTESIAN_POINT('',(25.54429497397,0.,-21.59411092457));
#11854=CARTESIAN_POINT('',(20.,0.,-12.6416423979));
#11855=CARTESIAN_POINT('Origin',(30.,0.,-12.6416423979));
#11856=CARTESIAN_POINT('',(20.,0.,14.73348866133));
#11857=CARTESIAN_POINT('',(20.,0.,14.73348866133));
#11858=CARTESIAN_POINT('',(22.74818687729,0.,21.61906826172));
#11859=CARTESIAN_POINT('Origin',(30.,0.,14.73348866133));
#11860=CARTESIAN_POINT('',(37.89646199815,0.,37.57305713167));
#11861=CARTESIAN_POINT('',(37.89646199815,0.,37.57305713167));
#11862=CARTESIAN_POINT('',(29.4041028332,0.,48.50281794475));
#11863=CARTESIAN_POINT('Origin',(32.82019281226,0.,42.39296285195));
#11864=CARTESIAN_POINT('',(17.5,0.,55.48550947938));
#11865=CARTESIAN_POINT('Origin',(25.5,0.,55.48550947938));
#11866=CARTESIAN_POINT('',(17.5,0.,71.));
#11867=CARTESIAN_POINT('',(17.5,0.,71.));
#11868=CARTESIAN_POINT('',(14.5,0.,74.));
#11869=CARTESIAN_POINT('Origin',(14.5,0.,71.));
#11870=CARTESIAN_POINT('',(-14.5,0.,74.));
#11871=CARTESIAN_POINT('',(-14.5,0.,74.));
#11872=CARTESIAN_POINT('',(-17.5,0.,71.));
#11873=CARTESIAN_POINT('Origin',(-14.5,0.,71.));
#11874=CARTESIAN_POINT('',(-17.5,0.,55.48550947938));
#11875=CARTESIAN_POINT('',(-17.5,0.,55.48550947938));
#11876=CARTESIAN_POINT('',(-29.4041028332,0.,48.50281794475));
#11877=CARTESIAN_POINT('Origin',(-25.5,0.,55.48550947938));
#11878=CARTESIAN_POINT('',(-37.89646199815,0.,37.57305713167));
#11879=CARTESIAN_POINT('Origin',(-32.82019281226,0.,42.39296285195));
#11880=CARTESIAN_POINT('',(-22.74818687729,0.,21.61906826172));
#11881=CARTESIAN_POINT('',(-22.74818687729,0.,21.61906826172));
#11882=CARTESIAN_POINT('',(-20.,0.,14.73348866133));
#11883=CARTESIAN_POINT('Origin',(-30.,0.,14.73348866133));
#11884=CARTESIAN_POINT('',(-20.,0.,-12.6416423979));
#11885=CARTESIAN_POINT('',(-20.,0.,-12.6416423979));
#11886=CARTESIAN_POINT('',(-25.54429497397,0.,-21.59411092457));
#11887=CARTESIAN_POINT('Origin',(-30.,0.,-12.6416423979));
#11888=CARTESIAN_POINT('',(-36.28725720597,0.,-26.94095695581));
#11889=CARTESIAN_POINT('',(-36.28725720597,0.,-26.94095695581));
#11890=CARTESIAN_POINT('',(-31.81679811857,0.,-40.07598462785));
#11891=CARTESIAN_POINT('Origin',(-33.16826368774,0.,-33.20768492448));
#11892=CARTESIAN_POINT('',(-17.5,0.,-51.85021269077));
#11893=CARTESIAN_POINT('Origin',(-29.5,0.,-51.85021269077));
#11894=CARTESIAN_POINT('',(-17.5,0.,-71.));
#11895=CARTESIAN_POINT('',(-17.5,0.,-71.));
#11896=CARTESIAN_POINT('',(-14.5,0.,-74.));
#11897=CARTESIAN_POINT('Origin',(-14.5,0.,-71.));
#11898=CARTESIAN_POINT('',(14.5,0.,-74.));
#11899=CARTESIAN_POINT('',(12.5,0.,-70.5));
#11900=CARTESIAN_POINT('Origin',(14.,0.,-70.5));
#11901=CARTESIAN_POINT('',(-15.5,0.,70.5));
#11902=CARTESIAN_POINT('Origin',(-14.,0.,70.5));
#11903=CARTESIAN_POINT('',(12.5,0.,70.5));
#11904=CARTESIAN_POINT('Origin',(14.,0.,70.5));
#11905=CARTESIAN_POINT('',(-15.5,0.,-27.5));
#11906=CARTESIAN_POINT('Origin',(-14.,0.,-27.5));
#11907=CARTESIAN_POINT('',(12.5,0.,-27.5));
#11908=CARTESIAN_POINT('Origin',(14.,0.,-27.5));
#11909=CARTESIAN_POINT('',(12.5,0.,27.5));
#11910=CARTESIAN_POINT('Origin',(14.,0.,27.5));
#11911=CARTESIAN_POINT('',(-15.5,0.,27.5));
#11912=CARTESIAN_POINT('Origin',(-14.,0.,27.5));
#11913=CARTESIAN_POINT('',(-16.75,0.,-15.25));
#11914=CARTESIAN_POINT('Origin',(-15.25,0.,-15.25));
#11915=CARTESIAN_POINT('',(13.75,0.,-15.25));
#11916=CARTESIAN_POINT('Origin',(15.25,0.,-15.25));
#11917=CARTESIAN_POINT('',(13.75,0.,15.25));
#11918=CARTESIAN_POINT('Origin',(15.25,0.,15.25));
#11919=CARTESIAN_POINT('',(-16.75,0.,15.25));
#11920=CARTESIAN_POINT('Origin',(-15.25,0.,15.25));
#11921=CARTESIAN_POINT('',(30.91826368774,0.,-33.20768492448));
#11922=CARTESIAN_POINT('Origin',(33.16826368774,0.,-33.20768492448));
#11923=CARTESIAN_POINT('',(30.57019281226,0.,42.39296285195));
#11924=CARTESIAN_POINT('Origin',(32.82019281226,0.,42.39296285195));
#11925=CARTESIAN_POINT('',(-35.41826368774,0.,-33.20768492448));
#11926=CARTESIAN_POINT('Origin',(-33.16826368774,0.,-33.20768492448));
#11927=CARTESIAN_POINT('',(11.9,0.,37.75));
#11928=CARTESIAN_POINT('Origin',(12.75,0.,37.75));
#11929=CARTESIAN_POINT('',(11.9,0.,63.25));
#11930=CARTESIAN_POINT('Origin',(12.75,0.,63.25));
#11931=CARTESIAN_POINT('',(-13.6,0.,37.75));
#11932=CARTESIAN_POINT('Origin',(-12.75,0.,37.75));
#11933=CARTESIAN_POINT('',(-13.6,0.,63.25));
#11934=CARTESIAN_POINT('Origin',(-12.75,0.,63.25));
#11935=CARTESIAN_POINT('',(-35.07019281226,0.,42.39296285195));
#11936=CARTESIAN_POINT('Origin',(-32.82019281226,0.,42.39296285195));
#11937=CARTESIAN_POINT('',(-15.5,0.,-70.5));
#11938=CARTESIAN_POINT('Origin',(-14.,0.,-70.5));
#11939=CARTESIAN_POINT('',(-7.,0.,-62.));
#11940=CARTESIAN_POINT('',(-7.,0.,-42.));
#11941=CARTESIAN_POINT('',(-7.,0.,-62.));
#11942=CARTESIAN_POINT('',(-9.,0.,-62.));
#11943=CARTESIAN_POINT('Origin',(-8.,0.,-62.));
#11944=CARTESIAN_POINT('',(-9.,0.,-42.));
#11945=CARTESIAN_POINT('',(-9.,0.,-42.));
#11946=CARTESIAN_POINT('Origin',(-8.,0.,-42.));
#11947=CARTESIAN_POINT('',(9.,0.,-62.));
#11948=CARTESIAN_POINT('',(9.,0.,-42.));
#11949=CARTESIAN_POINT('',(9.,0.,-62.));
#11950=CARTESIAN_POINT('',(7.,0.,-62.));
#11951=CARTESIAN_POINT('Origin',(8.,0.,-62.));
#11952=CARTESIAN_POINT('',(7.,0.,-42.));
#11953=CARTESIAN_POINT('',(7.,0.,-42.));
#11954=CARTESIAN_POINT('Origin',(8.,0.,-42.));
#11955=CARTESIAN_POINT('',(1.,0.,-62.));
#11956=CARTESIAN_POINT('',(1.,0.,-42.));
#11957=CARTESIAN_POINT('',(1.,0.,-62.));
#11958=CARTESIAN_POINT('',(-1.,0.,-62.));
#11959=CARTESIAN_POINT('Origin',(2.057406622568E-14,0.,-62.));
#11960=CARTESIAN_POINT('',(-1.,0.,-42.));
#11961=CARTESIAN_POINT('',(-1.,0.,-42.));
#11962=CARTESIAN_POINT('Origin',(2.056880585787E-14,0.,-42.));
#11963=CARTESIAN_POINT('',(-8.,0.,58.));
#11964=CARTESIAN_POINT('',(-10.,0.,58.));
#11965=CARTESIAN_POINT('Origin',(-9.,0.,58.));
#11966=CARTESIAN_POINT('',(-8.,0.,43.));
#11967=CARTESIAN_POINT('',(-8.,0.,43.));
#11968=CARTESIAN_POINT('',(-10.,0.,43.));
#11969=CARTESIAN_POINT('Origin',(-9.,0.,43.));
#11970=CARTESIAN_POINT('',(-10.,0.,58.));
#11971=CARTESIAN_POINT('',(8.,0.,58.));
#11972=CARTESIAN_POINT('',(8.,0.,43.));
#11973=CARTESIAN_POINT('',(8.,0.,58.));
#11974=CARTESIAN_POINT('',(10.,0.,58.));
#11975=CARTESIAN_POINT('Origin',(9.,0.,58.));
#11976=CARTESIAN_POINT('',(10.,0.,43.));
#11977=CARTESIAN_POINT('',(10.,0.,43.));
#11978=CARTESIAN_POINT('Origin',(9.,0.,43.));
#11979=CARTESIAN_POINT('',(-2.,0.,43.));
#11980=CARTESIAN_POINT('',(-2.,0.,67.));
#11981=CARTESIAN_POINT('',(-2.,0.,43.));
#11982=CARTESIAN_POINT('',(-4.,0.,43.));
#11983=CARTESIAN_POINT('Origin',(-3.,0.,43.));
#11984=CARTESIAN_POINT('',(-4.,0.,67.));
#11985=CARTESIAN_POINT('',(-4.,0.,67.));
#11986=CARTESIAN_POINT('Origin',(-3.,0.,67.));
#11987=CARTESIAN_POINT('',(2.,0.,43.));
#11988=CARTESIAN_POINT('',(4.,0.,43.));
#11989=CARTESIAN_POINT('Origin',(3.,0.,43.));
#11990=CARTESIAN_POINT('',(2.,0.,67.));
#11991=CARTESIAN_POINT('',(2.,0.,67.));
#11992=CARTESIAN_POINT('',(4.,0.,67.));
#11993=CARTESIAN_POINT('Origin',(3.,0.,67.));
#11994=CARTESIAN_POINT('',(4.,0.,43.));
#11995=CARTESIAN_POINT('',(-5.5,0.,-1.5));
#11996=CARTESIAN_POINT('',(-5.5,0.,1.5));
#11997=CARTESIAN_POINT('',(-5.5,0.,-1.5));
#11998=CARTESIAN_POINT('',(-7.1,0.,-1.5));
#11999=CARTESIAN_POINT('Origin',(-6.3,0.,-1.5));
#12000=CARTESIAN_POINT('',(-7.1,0.,1.5));
#12001=CARTESIAN_POINT('',(-7.1,0.,1.5));
#12002=CARTESIAN_POINT('Origin',(-6.3,0.,1.5));
#12003=CARTESIAN_POINT('',(5.5,0.,-1.5));
#12004=CARTESIAN_POINT('',(7.1,0.,-1.5));
#12005=CARTESIAN_POINT('Origin',(6.3,0.,-1.5));
#12006=CARTESIAN_POINT('',(5.5,0.,1.5));
#12007=CARTESIAN_POINT('',(5.5,0.,1.5));
#12008=CARTESIAN_POINT('',(7.1,0.,1.5));
#12009=CARTESIAN_POINT('Origin',(6.3,0.,1.5));
#12010=CARTESIAN_POINT('',(7.1,0.,-1.5));
#12011=CARTESIAN_POINT('',(-9.1,0.,-1.5));
#12012=CARTESIAN_POINT('',(-9.1,0.,1.5));
#12013=CARTESIAN_POINT('',(-9.1,0.,-1.5));
#12014=CARTESIAN_POINT('',(-10.7,0.,-1.5));
#12015=CARTESIAN_POINT('Origin',(-9.9,0.,-1.5));
#12016=CARTESIAN_POINT('',(-10.7,0.,1.5));
#12017=CARTESIAN_POINT('',(-10.7,0.,1.5));
#12018=CARTESIAN_POINT('Origin',(-9.9,0.,1.5));
#12019=CARTESIAN_POINT('',(9.1,0.,-1.5));
#12020=CARTESIAN_POINT('',(10.7,0.,-1.5));
#12021=CARTESIAN_POINT('Origin',(9.9,0.,-1.5));
#12022=CARTESIAN_POINT('',(9.1,0.,1.5));
#12023=CARTESIAN_POINT('',(9.1,0.,1.5));
#12024=CARTESIAN_POINT('',(10.7,0.,1.5));
#12025=CARTESIAN_POINT('Origin',(9.9,0.,1.5));
#12026=CARTESIAN_POINT('',(10.7,0.,-1.5));
#12027=CARTESIAN_POINT('',(-4.19999999999763,2.36761581830893E-12,16.0000000006533));
#12028=CARTESIAN_POINT('',(-2.,0.,18.2));
#12029=CARTESIAN_POINT('Origin',(-2.,0.,16.));
#12030=CARTESIAN_POINT('',(2.000000001955,7.06840141973E-12,18.19999999999));
#12031=CARTESIAN_POINT('',(-2.000000000005,4.669276632008E-10,18.19999999953));
#12032=CARTESIAN_POINT('',(4.2,0.,16.));
#12033=CARTESIAN_POINT('Origin',(2.,0.,16.));
#12034=CARTESIAN_POINT('',(4.199999999993,7.068438427164E-12,-16.00000000196));
#12035=CARTESIAN_POINT('',(4.199999999533,4.669280147714E-10,16.));
#12036=CARTESIAN_POINT('',(2.,0.,-18.2));
#12037=CARTESIAN_POINT('Origin',(2.,0.,-16.));
#12038=CARTESIAN_POINT('',(-2.000000001955,7.068253389993E-12,-18.19999999999));
#12039=CARTESIAN_POINT('',(2.000000000005,4.669270710818E-10,-18.19999999953));
#12040=CARTESIAN_POINT('',(-4.2,0.,-16.));
#12041=CARTESIAN_POINT('Origin',(-2.,0.,-16.));
#12042=CARTESIAN_POINT('',(-4.199999999533,4.669279037491E-10,-16.));
#12043=CARTESIAN_POINT('',(-5.50000000065167,1.8674048512675E-12,24.8000000000039));
#12044=CARTESIAN_POINT('',(-7.7,0.,27.));
#12045=CARTESIAN_POINT('Origin',(-5.5,0.,27.));
#12046=CARTESIAN_POINT('',(-7.699999999993,7.070769895516E-12,31.00000000196));
#12047=CARTESIAN_POINT('',(-7.699999999533,4.669284033495E-10,27.));
#12048=CARTESIAN_POINT('',(-5.5,0.,33.2));
#12049=CARTESIAN_POINT('Origin',(-5.5,0.,31.));
#12050=CARTESIAN_POINT('',(5.500000001955,7.06991872453E-12,33.19999999999));
#12051=CARTESIAN_POINT('',(-5.500000000005,4.669284403569E-10,33.19999999953));
#12052=CARTESIAN_POINT('',(7.699999999533,4.669296245948E-10,31.));
#12053=CARTESIAN_POINT('Origin',(5.5,0.,31.));
#12054=CARTESIAN_POINT('',(7.699999999993,7.068438427164E-12,26.99999999804));
#12055=CARTESIAN_POINT('',(7.699999999533,4.669296245948E-10,31.));
#12056=CARTESIAN_POINT('',(5.5,0.,24.8));
#12057=CARTESIAN_POINT('Origin',(5.5,0.,27.));
#12058=CARTESIAN_POINT('',(5.500000000005,4.66927977764E-10,24.80000000047));
#12059=CARTESIAN_POINT('',(7.69999999999763,2.36883712931856E-12,-31.0000000006533));
#12060=CARTESIAN_POINT('',(5.5,0.,-33.2));
#12061=CARTESIAN_POINT('Origin',(5.5,0.,-31.));
#12062=CARTESIAN_POINT('',(-5.500000001955,7.069456131603E-12,-33.19999999999));
#12063=CARTESIAN_POINT('',(5.500000000005,4.669288659424E-10,-33.19999999953));
#12064=CARTESIAN_POINT('',(-7.7,0.,-31.));
#12065=CARTESIAN_POINT('Origin',(-5.5,0.,-31.));
#12066=CARTESIAN_POINT('',(-7.699999999993,7.068697479203E-12,-26.99999999804));
#12067=CARTESIAN_POINT('',(-7.699999999533,4.669300316766E-10,-31.));
#12068=CARTESIAN_POINT('',(-5.5,0.,-24.8));
#12069=CARTESIAN_POINT('Origin',(-5.5,0.,-27.));
#12070=CARTESIAN_POINT('',(5.500000001955,7.068438427164E-12,-24.80000000001));
#12071=CARTESIAN_POINT('',(-5.500000000005,4.669277002082E-10,-24.80000000047));
#12072=CARTESIAN_POINT('',(7.7,0.,-27.));
#12073=CARTESIAN_POINT('Origin',(5.5,0.,-27.));
#12074=CARTESIAN_POINT('',(7.699999999533,4.669279592603E-10,-27.));
#12075=CARTESIAN_POINT('Origin',(-14.,0.,-70.5));
#12076=CARTESIAN_POINT('',(-15.5,2.5,-70.5));
#12077=CARTESIAN_POINT('',(-15.5,0.,-70.5));
#12078=CARTESIAN_POINT('Origin',(-14.,2.5,-70.5));
#12079=CARTESIAN_POINT('Origin',(0.,2.5,0.));
#12080=CARTESIAN_POINT('',(17.5,2.5,-71.));
#12081=CARTESIAN_POINT('',(14.5,2.5,-74.));
#12082=CARTESIAN_POINT('Origin',(14.5,2.5,-71.));
#12083=CARTESIAN_POINT('',(-14.5,2.5,-74.));
#12084=CARTESIAN_POINT('',(14.5,2.5,-74.));
#12085=CARTESIAN_POINT('',(-17.5,2.5,-71.));
#12086=CARTESIAN_POINT('Origin',(-14.5,2.5,-71.));
#12087=CARTESIAN_POINT('',(-17.5,2.5,-51.85021269077));
#12088=CARTESIAN_POINT('',(-17.5,2.5,-71.));
#12089=CARTESIAN_POINT('',(-31.81679811857,2.5,-40.07598462785));
#12090=CARTESIAN_POINT('Origin',(-29.5,2.5,-51.85021269077));
#12091=CARTESIAN_POINT('',(-36.28725720597,2.5,-26.94095695581));
#12092=CARTESIAN_POINT('Origin',(-33.16826368774,2.5,-33.20768492448));
#12093=CARTESIAN_POINT('',(-25.54429497397,2.5,-21.59411092457));
#12094=CARTESIAN_POINT('',(-36.28725720597,2.5,-26.94095695581));
#12095=CARTESIAN_POINT('',(-20.,2.5,-12.6416423979));
#12096=CARTESIAN_POINT('Origin',(-30.,2.5,-12.6416423979));
#12097=CARTESIAN_POINT('',(-20.,2.5,14.73348866133));
#12098=CARTESIAN_POINT('',(-20.,2.5,-12.6416423979));
#12099=CARTESIAN_POINT('',(-22.74818687729,2.5,21.61906826172));
#12100=CARTESIAN_POINT('Origin',(-30.,2.5,14.73348866133));
#12101=CARTESIAN_POINT('',(-37.89646199815,2.5,37.57305713167));
#12102=CARTESIAN_POINT('',(-22.74818687729,2.5,21.61906826172));
#12103=CARTESIAN_POINT('',(-29.4041028332,2.5,48.50281794475));
#12104=CARTESIAN_POINT('Origin',(-32.82019281226,2.5,42.39296285195));
#12105=CARTESIAN_POINT('',(-17.5,2.5,55.48550947938));
#12106=CARTESIAN_POINT('Origin',(-25.5,2.5,55.48550947938));
#12107=CARTESIAN_POINT('',(-17.5,2.5,71.));
#12108=CARTESIAN_POINT('',(-17.5,2.5,55.48550947938));
#12109=CARTESIAN_POINT('',(-14.5,2.5,74.));
#12110=CARTESIAN_POINT('Origin',(-14.5,2.5,71.));
#12111=CARTESIAN_POINT('',(14.5,2.5,74.));
#12112=CARTESIAN_POINT('',(-14.5,2.5,74.));
#12113=CARTESIAN_POINT('',(17.5,2.5,71.));
#12114=CARTESIAN_POINT('Origin',(14.5,2.5,71.));
#12115=CARTESIAN_POINT('',(17.5,2.5,55.48550947938));
#12116=CARTESIAN_POINT('',(17.5,2.5,71.));
#12117=CARTESIAN_POINT('',(29.4041028332,2.5,48.50281794475));
#12118=CARTESIAN_POINT('Origin',(25.5,2.5,55.48550947938));
#12119=CARTESIAN_POINT('',(37.89646199815,2.5,37.57305713167));
#12120=CARTESIAN_POINT('Origin',(32.82019281226,2.5,42.39296285195));
#12121=CARTESIAN_POINT('',(22.74818687729,2.5,21.61906826172));
#12122=CARTESIAN_POINT('',(37.89646199815,2.5,37.57305713167));
#12123=CARTESIAN_POINT('',(20.,2.5,14.73348866133));
#12124=CARTESIAN_POINT('Origin',(30.,2.5,14.73348866133));
#12125=CARTESIAN_POINT('',(20.,2.5,-12.6416423979));
#12126=CARTESIAN_POINT('',(20.,2.5,14.73348866133));
#12127=CARTESIAN_POINT('',(25.54429497397,2.5,-21.59411092457));
#12128=CARTESIAN_POINT('Origin',(30.,2.5,-12.6416423979));
#12129=CARTESIAN_POINT('',(36.28725720597,2.5,-26.94095695581));
#12130=CARTESIAN_POINT('',(25.54429497397,2.5,-21.59411092457));
#12131=CARTESIAN_POINT('',(31.81679811857,2.5,-40.07598462785));
#12132=CARTESIAN_POINT('Origin',(33.16826368774,2.5,-33.20768492448));
#12133=CARTESIAN_POINT('',(17.5,2.5,-51.85021269077));
#12134=CARTESIAN_POINT('Origin',(29.5,2.5,-51.85021269077));
#12135=CARTESIAN_POINT('',(17.5,2.5,-51.85021269077));
#12136=CARTESIAN_POINT('',(12.5,2.5,-70.5));
#12137=CARTESIAN_POINT('Origin',(14.,2.5,-70.5));
#12138=CARTESIAN_POINT('',(-15.5,2.5,70.5));
#12139=CARTESIAN_POINT('Origin',(-14.,2.5,70.5));
#12140=CARTESIAN_POINT('',(12.5,2.5,70.5));
#12141=CARTESIAN_POINT('Origin',(14.,2.5,70.5));
#12142=CARTESIAN_POINT('',(-15.5,2.5,-27.5));
#12143=CARTESIAN_POINT('Origin',(-14.,2.5,-27.5));
#12144=CARTESIAN_POINT('',(12.5,2.5,-27.5));
#12145=CARTESIAN_POINT('Origin',(14.,2.5,-27.5));
#12146=CARTESIAN_POINT('',(12.5,2.5,27.5));
#12147=CARTESIAN_POINT('Origin',(14.,2.5,27.5));
#12148=CARTESIAN_POINT('',(-15.5,2.5,27.5));
#12149=CARTESIAN_POINT('Origin',(-14.,2.5,27.5));
#12150=CARTESIAN_POINT('',(-16.75,2.5,-15.25));
#12151=CARTESIAN_POINT('Origin',(-15.25,2.5,-15.25));
#12152=CARTESIAN_POINT('',(13.75,2.5,-15.25));
#12153=CARTESIAN_POINT('Origin',(15.25,2.5,-15.25));
#12154=CARTESIAN_POINT('',(13.75,2.5,15.25));
#12155=CARTESIAN_POINT('Origin',(15.25,2.5,15.25));
#12156=CARTESIAN_POINT('',(-16.75,2.5,15.25));
#12157=CARTESIAN_POINT('Origin',(-15.25,2.5,15.25));
#12158=CARTESIAN_POINT('',(30.91826368774,2.5,-33.20768492448));
#12159=CARTESIAN_POINT('Origin',(33.16826368774,2.5,-33.20768492448));
#12160=CARTESIAN_POINT('',(30.57019281226,2.5,42.39296285195));
#12161=CARTESIAN_POINT('Origin',(32.82019281226,2.5,42.39296285195));
#12162=CARTESIAN_POINT('',(-35.41826368774,2.5,-33.20768492448));
#12163=CARTESIAN_POINT('Origin',(-33.16826368774,2.5,-33.20768492448));
#12164=CARTESIAN_POINT('',(11.9,2.5,37.75));
#12165=CARTESIAN_POINT('Origin',(12.75,2.5,37.75));
#12166=CARTESIAN_POINT('',(11.9,2.5,63.25));
#12167=CARTESIAN_POINT('Origin',(12.75,2.5,63.25));
#12168=CARTESIAN_POINT('',(-13.6,2.5,37.75));
#12169=CARTESIAN_POINT('Origin',(-12.75,2.5,37.75));
#12170=CARTESIAN_POINT('',(-13.6,2.5,63.25));
#12171=CARTESIAN_POINT('Origin',(-12.75,2.5,63.25));
#12172=CARTESIAN_POINT('',(-35.07019281226,2.5,42.39296285195));
#12173=CARTESIAN_POINT('Origin',(-32.82019281226,2.5,42.39296285195));
#12174=CARTESIAN_POINT('',(-7.,2.5,-62.));
#12175=CARTESIAN_POINT('',(-7.,2.5,-42.));
#12176=CARTESIAN_POINT('',(-7.,2.5,-62.));
#12177=CARTESIAN_POINT('',(-9.,2.5,-42.));
#12178=CARTESIAN_POINT('Origin',(-8.,2.5,-42.));
#12179=CARTESIAN_POINT('',(-9.,2.5,-62.));
#12180=CARTESIAN_POINT('',(-9.,2.5,-42.));
#12181=CARTESIAN_POINT('Origin',(-8.,2.5,-62.));
#12182=CARTESIAN_POINT('',(9.,2.5,-62.));
#12183=CARTESIAN_POINT('',(9.,2.5,-42.));
#12184=CARTESIAN_POINT('',(9.,2.5,-62.));
#12185=CARTESIAN_POINT('',(7.,2.5,-42.));
#12186=CARTESIAN_POINT('Origin',(8.,2.5,-42.));
#12187=CARTESIAN_POINT('',(7.,2.5,-62.));
#12188=CARTESIAN_POINT('',(7.,2.5,-42.));
#12189=CARTESIAN_POINT('Origin',(8.,2.5,-62.));
#12190=CARTESIAN_POINT('',(1.,2.5,-62.));
#12191=CARTESIAN_POINT('',(1.,2.5,-42.));
#12192=CARTESIAN_POINT('',(1.,2.5,-62.));
#12193=CARTESIAN_POINT('',(-1.,2.5,-42.));
#12194=CARTESIAN_POINT('Origin',(2.056880585787E-14,2.5,-42.));
#12195=CARTESIAN_POINT('',(-1.,2.5,-62.));
#12196=CARTESIAN_POINT('',(-1.,2.5,-42.));
#12197=CARTESIAN_POINT('Origin',(2.057406622568E-14,2.5,-62.));
#12198=CARTESIAN_POINT('',(-8.,2.5,58.));
#12199=CARTESIAN_POINT('',(-10.,2.5,58.));
#12200=CARTESIAN_POINT('Origin',(-9.,2.5,58.));
#12201=CARTESIAN_POINT('',(-10.,2.5,43.));
#12202=CARTESIAN_POINT('',(-10.,2.5,58.));
#12203=CARTESIAN_POINT('',(-8.,2.5,43.));
#12204=CARTESIAN_POINT('Origin',(-9.,2.5,43.));
#12205=CARTESIAN_POINT('',(-8.,2.5,43.));
#12206=CARTESIAN_POINT('',(8.,2.5,58.));
#12207=CARTESIAN_POINT('',(8.,2.5,43.));
#12208=CARTESIAN_POINT('',(8.,2.5,58.));
#12209=CARTESIAN_POINT('',(10.,2.5,43.));
#12210=CARTESIAN_POINT('Origin',(9.,2.5,43.));
#12211=CARTESIAN_POINT('',(10.,2.5,58.));
#12212=CARTESIAN_POINT('',(10.,2.5,43.));
#12213=CARTESIAN_POINT('Origin',(9.,2.5,58.));
#12214=CARTESIAN_POINT('',(-2.,2.5,43.));
#12215=CARTESIAN_POINT('',(-2.,2.5,67.));
#12216=CARTESIAN_POINT('',(-2.,2.5,43.));
#12217=CARTESIAN_POINT('',(-4.,2.5,67.));
#12218=CARTESIAN_POINT('Origin',(-3.,2.5,67.));
#12219=CARTESIAN_POINT('',(-4.,2.5,43.));
#12220=CARTESIAN_POINT('',(-4.,2.5,67.));
#12221=CARTESIAN_POINT('Origin',(-3.,2.5,43.));
#12222=CARTESIAN_POINT('',(2.,2.5,43.));
#12223=CARTESIAN_POINT('',(4.,2.5,43.));
#12224=CARTESIAN_POINT('Origin',(3.,2.5,43.));
#12225=CARTESIAN_POINT('',(4.,2.5,67.));
#12226=CARTESIAN_POINT('',(4.,2.5,43.));
#12227=CARTESIAN_POINT('',(2.,2.5,67.));
#12228=CARTESIAN_POINT('Origin',(3.,2.5,67.));
#12229=CARTESIAN_POINT('',(2.,2.5,67.));
#12230=CARTESIAN_POINT('',(-2.,2.5,-17.5));
#12231=CARTESIAN_POINT('',(2.,2.5,-17.5));
#12232=CARTESIAN_POINT('',(-2.,2.5,-17.5));
#12233=CARTESIAN_POINT('',(3.5,2.5,-16.));
#12234=CARTESIAN_POINT('Origin',(2.,2.5,-16.));
#12235=CARTESIAN_POINT('',(3.5,2.5,16.));
#12236=CARTESIAN_POINT('',(3.5,2.5,-16.));
#12237=CARTESIAN_POINT('',(2.,2.5,17.5));
#12238=CARTESIAN_POINT('Origin',(2.,2.5,16.));
#12239=CARTESIAN_POINT('',(-2.,2.5,17.5));
#12240=CARTESIAN_POINT('',(2.,2.5,17.5));
#12241=CARTESIAN_POINT('',(-3.5,2.5,16.));
#12242=CARTESIAN_POINT('Origin',(-2.,2.5,16.));
#12243=CARTESIAN_POINT('',(-3.5,2.5,-16.));
#12244=CARTESIAN_POINT('',(-3.5,2.5,16.));
#12245=CARTESIAN_POINT('Origin',(-2.,2.5,-16.));
#12246=CARTESIAN_POINT('',(-5.5,2.5,-1.5));
#12247=CARTESIAN_POINT('',(-5.5,2.5,1.5));
#12248=CARTESIAN_POINT('',(-5.5,2.5,-1.5));
#12249=CARTESIAN_POINT('',(-7.1,2.5,1.5));
#12250=CARTESIAN_POINT('Origin',(-6.3,2.5,1.5));
#12251=CARTESIAN_POINT('',(-7.1,2.5,-1.5));
#12252=CARTESIAN_POINT('',(-7.1,2.5,1.5));
#12253=CARTESIAN_POINT('Origin',(-6.3,2.5,-1.5));
#12254=CARTESIAN_POINT('',(5.5,2.5,-1.5));
#12255=CARTESIAN_POINT('',(7.1,2.5,-1.5));
#12256=CARTESIAN_POINT('Origin',(6.3,2.5,-1.5));
#12257=CARTESIAN_POINT('',(7.1,2.5,1.5));
#12258=CARTESIAN_POINT('',(7.1,2.5,-1.5));
#12259=CARTESIAN_POINT('',(5.5,2.5,1.5));
#12260=CARTESIAN_POINT('Origin',(6.3,2.5,1.5));
#12261=CARTESIAN_POINT('',(5.5,2.5,1.5));
#12262=CARTESIAN_POINT('',(-9.1,2.5,-1.5));
#12263=CARTESIAN_POINT('',(-9.1,2.5,1.5));
#12264=CARTESIAN_POINT('',(-9.1,2.5,-1.5));
#12265=CARTESIAN_POINT('',(-10.7,2.5,1.5));
#12266=CARTESIAN_POINT('Origin',(-9.9,2.5,1.5));
#12267=CARTESIAN_POINT('',(-10.7,2.5,-1.5));
#12268=CARTESIAN_POINT('',(-10.7,2.5,1.5));
#12269=CARTESIAN_POINT('Origin',(-9.9,2.5,-1.5));
#12270=CARTESIAN_POINT('',(9.1,2.5,-1.5));
#12271=CARTESIAN_POINT('',(10.7,2.5,-1.5));
#12272=CARTESIAN_POINT('Origin',(9.9,2.5,-1.5));
#12273=CARTESIAN_POINT('',(10.7,2.5,1.5));
#12274=CARTESIAN_POINT('',(10.7,2.5,-1.5));
#12275=CARTESIAN_POINT('',(9.1,2.5,1.5));
#12276=CARTESIAN_POINT('Origin',(9.9,2.5,1.5));
#12277=CARTESIAN_POINT('',(9.1,2.5,1.5));
#12278=CARTESIAN_POINT('',(5.5,2.5,24.8));
#12279=CARTESIAN_POINT('',(7.69999999999767,2.49999999999767,26.9999999993467));
#12280=CARTESIAN_POINT('Origin',(5.5,2.5,27.));
#12281=CARTESIAN_POINT('',(7.699999999533,2.499999999533,31.));
#12282=CARTESIAN_POINT('',(7.699999999993,2.499999999993,26.99999999804));
#12283=CARTESIAN_POINT('',(5.50000000065167,2.49999999999817,33.1999999999962));
#12284=CARTESIAN_POINT('Origin',(5.5,2.5,31.));
#12285=CARTESIAN_POINT('',(-5.500000000005,2.499999999533,33.19999999953));
#12286=CARTESIAN_POINT('',(5.500000001955,2.499999999993,33.19999999999));
#12287=CARTESIAN_POINT('',(-7.69999999999767,2.49999999999767,31.0000000006533));
#12288=CARTESIAN_POINT('Origin',(-5.5,2.5,31.));
#12289=CARTESIAN_POINT('',(-7.699999999533,2.499999999533,27.));
#12290=CARTESIAN_POINT('',(-7.699999999993,2.499999999993,31.00000000196));
#12291=CARTESIAN_POINT('',(-5.50000000065167,2.49999999999817,24.8000000000038));
#12292=CARTESIAN_POINT('Origin',(-5.5,2.5,27.));
#12293=CARTESIAN_POINT('',(-5.500000001955,2.499999999993,24.80000000001));
#12294=CARTESIAN_POINT('',(7.7,2.5,-27.));
#12295=CARTESIAN_POINT('',(5.50000000065167,2.49999999999817,-24.8000000000038));
#12296=CARTESIAN_POINT('Origin',(5.5,2.5,-27.));
#12297=CARTESIAN_POINT('',(-5.500000000005,2.499999999533,-24.80000000047));
#12298=CARTESIAN_POINT('',(5.500000001955,2.499999999993,-24.80000000001));
#12299=CARTESIAN_POINT('',(-7.69999999999767,2.49999999999767,-26.9999999993467));
#12300=CARTESIAN_POINT('Origin',(-5.5,2.5,-27.));
#12301=CARTESIAN_POINT('',(-7.699999999533,2.499999999533,-31.));
#12302=CARTESIAN_POINT('',(-7.699999999993,2.499999999993,-26.99999999804));
#12303=CARTESIAN_POINT('',(-5.50000000065167,2.49999999999817,-33.1999999999962));
#12304=CARTESIAN_POINT('Origin',(-5.5,2.5,-31.));
#12305=CARTESIAN_POINT('',(5.500000000005,2.499999999533,-33.19999999953));
#12306=CARTESIAN_POINT('',(-5.500000001955,2.499999999993,-33.19999999999));
#12307=CARTESIAN_POINT('',(7.69999999999767,2.49999999999767,-31.0000000006533));
#12308=CARTESIAN_POINT('Origin',(5.5,2.5,-31.));
#12309=CARTESIAN_POINT('',(7.699999999993,2.499999999993,-31.00000000196));
#12310=CARTESIAN_POINT('Origin',(14.,0.,-70.5));
#12311=CARTESIAN_POINT('',(12.5,0.,-70.5));
#12312=CARTESIAN_POINT('Origin',(-14.,0.,70.5));
#12313=CARTESIAN_POINT('',(-15.5,0.,70.5));
#12314=CARTESIAN_POINT('Origin',(14.,0.,70.5));
#12315=CARTESIAN_POINT('',(12.5,0.,70.5));
#12316=CARTESIAN_POINT('Origin',(-14.,0.,-27.5));
#12317=CARTESIAN_POINT('',(-15.5,0.,-27.5));
#12318=CARTESIAN_POINT('Origin',(14.,0.,-27.5));
#12319=CARTESIAN_POINT('',(12.5,0.,-27.5));
#12320=CARTESIAN_POINT('Origin',(14.,0.,27.5));
#12321=CARTESIAN_POINT('',(12.5,0.,27.5));
#12322=CARTESIAN_POINT('Origin',(-14.,0.,27.5));
#12323=CARTESIAN_POINT('',(-15.5,0.,27.5));
#12324=CARTESIAN_POINT('Origin',(-15.25,0.,-15.25));
#12325=CARTESIAN_POINT('',(-16.75,0.,-15.25));
#12326=CARTESIAN_POINT('Origin',(15.25,0.,-15.25));
#12327=CARTESIAN_POINT('',(13.75,0.,-15.25));
#12328=CARTESIAN_POINT('Origin',(15.25,0.,15.25));
#12329=CARTESIAN_POINT('',(13.75,0.,15.25));
#12330=CARTESIAN_POINT('Origin',(-15.25,0.,15.25));
#12331=CARTESIAN_POINT('',(-16.75,0.,15.25));
#12332=CARTESIAN_POINT('Origin',(33.16826368774,0.,-33.20768492448));
#12333=CARTESIAN_POINT('',(30.91826368774,0.,-33.20768492448));
#12334=CARTESIAN_POINT('Origin',(32.82019281226,0.,42.39296285195));
#12335=CARTESIAN_POINT('',(30.57019281226,0.,42.39296285195));
#12336=CARTESIAN_POINT('Origin',(-33.16826368774,0.,-33.20768492448));
#12337=CARTESIAN_POINT('',(-35.41826368774,0.,-33.20768492448));
#12338=CARTESIAN_POINT('Origin',(12.75,0.,37.75));
#12339=CARTESIAN_POINT('',(11.9,0.,37.75));
#12340=CARTESIAN_POINT('Origin',(12.75,0.,63.25));
#12341=CARTESIAN_POINT('',(11.9,0.,63.25));
#12342=CARTESIAN_POINT('Origin',(-12.75,0.,37.75));
#12343=CARTESIAN_POINT('',(-13.6,0.,37.75));
#12344=CARTESIAN_POINT('Origin',(-12.75,0.,63.25));
#12345=CARTESIAN_POINT('',(-13.6,0.,63.25));
#12346=CARTESIAN_POINT('Origin',(-32.82019281226,0.,42.39296285195));
#12347=CARTESIAN_POINT('',(-35.07019281226,0.,42.39296285195));
#12348=CARTESIAN_POINT('Origin',(14.5,0.,-71.));
#12349=CARTESIAN_POINT('',(14.5,0.,-74.));
#12350=CARTESIAN_POINT('',(17.5,0.,-71.));
#12351=CARTESIAN_POINT('Origin',(17.5,0.,-51.85021269077));
#12352=CARTESIAN_POINT('',(17.5,0.,-51.85021269077));
#12353=CARTESIAN_POINT('Origin',(29.5,0.,-51.85021269077));
#12354=CARTESIAN_POINT('',(31.81679811858,0.,-40.07598462785));
#12355=CARTESIAN_POINT('Origin',(33.16826368774,0.,-33.20768492448));
#12356=CARTESIAN_POINT('',(36.28725720597,0.,-26.94095695581));
#12357=CARTESIAN_POINT('Origin',(25.54429497397,0.,-21.59411092457));
#12358=CARTESIAN_POINT('',(25.54429497397,0.,-21.59411092457));
#12359=CARTESIAN_POINT('Origin',(30.,0.,-12.6416423979));
#12360=CARTESIAN_POINT('',(20.,0.,-12.6416423979));
#12361=CARTESIAN_POINT('Origin',(20.,0.,14.73348866133));
#12362=CARTESIAN_POINT('',(20.,0.,14.73348866133));
#12363=CARTESIAN_POINT('Origin',(30.,0.,14.73348866133));
#12364=CARTESIAN_POINT('',(22.74818687729,0.,21.61906826172));
#12365=CARTESIAN_POINT('Origin',(37.89646199815,0.,37.57305713167));
#12366=CARTESIAN_POINT('',(37.89646199815,0.,37.57305713167));
#12367=CARTESIAN_POINT('Origin',(32.82019281226,0.,42.39296285195));
#12368=CARTESIAN_POINT('',(29.4041028332,0.,48.50281794475));
#12369=CARTESIAN_POINT('Origin',(25.5,0.,55.48550947938));
#12370=CARTESIAN_POINT('',(17.5,0.,55.48550947938));
#12371=CARTESIAN_POINT('Origin',(17.5,0.,71.));
#12372=CARTESIAN_POINT('',(17.5,0.,71.));
#12373=CARTESIAN_POINT('Origin',(14.5,0.,71.));
#12374=CARTESIAN_POINT('',(14.5,0.,74.));
#12375=CARTESIAN_POINT('Origin',(-14.5,0.,74.));
#12376=CARTESIAN_POINT('',(-14.5,0.,74.));
#12377=CARTESIAN_POINT('Origin',(-14.5,0.,71.));
#12378=CARTESIAN_POINT('',(-17.5,0.,71.));
#12379=CARTESIAN_POINT('Origin',(-17.5,0.,55.48550947938));
#12380=CARTESIAN_POINT('',(-17.5,0.,55.48550947938));
#12381=CARTESIAN_POINT('Origin',(-25.5,0.,55.48550947938));
#12382=CARTESIAN_POINT('',(-29.4041028332,0.,48.50281794475));
#12383=CARTESIAN_POINT('Origin',(-32.82019281226,0.,42.39296285195));
#12384=CARTESIAN_POINT('',(-37.89646199815,0.,37.57305713167));
#12385=CARTESIAN_POINT('Origin',(-22.74818687729,0.,21.61906826172));
#12386=CARTESIAN_POINT('',(-22.74818687729,0.,21.61906826172));
#12387=CARTESIAN_POINT('Origin',(-30.,0.,14.73348866133));
#12388=CARTESIAN_POINT('',(-20.,0.,14.73348866133));
#12389=CARTESIAN_POINT('Origin',(-20.,0.,-12.6416423979));
#12390=CARTESIAN_POINT('',(-20.,0.,-12.6416423979));
#12391=CARTESIAN_POINT('Origin',(-30.,0.,-12.6416423979));
#12392=CARTESIAN_POINT('',(-25.54429497397,0.,-21.59411092457));
#12393=CARTESIAN_POINT('Origin',(-36.28725720597,0.,-26.94095695581));
#12394=CARTESIAN_POINT('',(-36.28725720597,0.,-26.94095695581));
#12395=CARTESIAN_POINT('Origin',(-33.16826368774,0.,-33.20768492448));
#12396=CARTESIAN_POINT('',(-31.81679811857,0.,-40.07598462785));
#12397=CARTESIAN_POINT('Origin',(-29.5,0.,-51.85021269077));
#12398=CARTESIAN_POINT('',(-17.5,0.,-51.85021269077));
#12399=CARTESIAN_POINT('Origin',(-17.5,0.,-71.));
#12400=CARTESIAN_POINT('',(-17.5,0.,-71.));
#12401=CARTESIAN_POINT('Origin',(-14.5,0.,-71.));
#12402=CARTESIAN_POINT('',(-14.5,0.,-74.));
#12403=CARTESIAN_POINT('Origin',(14.5,0.,-74.));
#12404=CARTESIAN_POINT('Origin',(-7.,0.,-62.));
#12405=CARTESIAN_POINT('',(-7.,0.,-42.));
#12406=CARTESIAN_POINT('',(-7.,0.,-62.));
#12407=CARTESIAN_POINT('Origin',(-8.,0.,-62.));
#12408=CARTESIAN_POINT('',(-9.,0.,-62.));
#12409=CARTESIAN_POINT('Origin',(-9.,0.,-42.));
#12410=CARTESIAN_POINT('',(-9.,0.,-42.));
#12411=CARTESIAN_POINT('Origin',(-8.,0.,-42.));
#12412=CARTESIAN_POINT('Origin',(9.,0.,-62.));
#12413=CARTESIAN_POINT('',(9.,0.,-42.));
#12414=CARTESIAN_POINT('',(9.,0.,-62.));
#12415=CARTESIAN_POINT('Origin',(8.,0.,-62.));
#12416=CARTESIAN_POINT('',(7.,0.,-62.));
#12417=CARTESIAN_POINT('Origin',(7.,0.,-42.));
#12418=CARTESIAN_POINT('',(7.,0.,-42.));
#12419=CARTESIAN_POINT('Origin',(8.,0.,-42.));
#12420=CARTESIAN_POINT('Origin',(1.,0.,-62.));
#12421=CARTESIAN_POINT('',(1.,0.,-42.));
#12422=CARTESIAN_POINT('',(1.,0.,-62.));
#12423=CARTESIAN_POINT('Origin',(2.057406622568E-14,0.,-62.));
#12424=CARTESIAN_POINT('',(-1.,0.,-62.));
#12425=CARTESIAN_POINT('Origin',(-1.,0.,-42.));
#12426=CARTESIAN_POINT('',(-1.,0.,-42.));
#12427=CARTESIAN_POINT('Origin',(2.056880585787E-14,0.,-42.));
#12428=CARTESIAN_POINT('Origin',(-9.,0.,58.));
#12429=CARTESIAN_POINT('',(-10.,0.,58.));
#12430=CARTESIAN_POINT('',(-8.,0.,58.));
#12431=CARTESIAN_POINT('Origin',(-8.,0.,43.));
#12432=CARTESIAN_POINT('',(-8.,0.,43.));
#12433=CARTESIAN_POINT('Origin',(-9.,0.,43.));
#12434=CARTESIAN_POINT('',(-10.,0.,43.));
#12435=CARTESIAN_POINT('Origin',(-10.,0.,58.));
#12436=CARTESIAN_POINT('Origin',(8.,0.,58.));
#12437=CARTESIAN_POINT('',(8.,0.,43.));
#12438=CARTESIAN_POINT('',(8.,0.,58.));
#12439=CARTESIAN_POINT('Origin',(9.,0.,58.));
#12440=CARTESIAN_POINT('',(10.,0.,58.));
#12441=CARTESIAN_POINT('Origin',(10.,0.,43.));
#12442=CARTESIAN_POINT('',(10.,0.,43.));
#12443=CARTESIAN_POINT('Origin',(9.,0.,43.));
#12444=CARTESIAN_POINT('Origin',(-2.,0.,43.));
#12445=CARTESIAN_POINT('',(-2.,0.,67.));
#12446=CARTESIAN_POINT('',(-2.,0.,43.));
#12447=CARTESIAN_POINT('Origin',(-3.,0.,43.));
#12448=CARTESIAN_POINT('',(-4.,0.,43.));
#12449=CARTESIAN_POINT('Origin',(-4.,0.,67.));
#12450=CARTESIAN_POINT('',(-4.,0.,67.));
#12451=CARTESIAN_POINT('Origin',(-3.,0.,67.));
#12452=CARTESIAN_POINT('Origin',(3.,0.,43.));
#12453=CARTESIAN_POINT('',(4.,0.,43.));
#12454=CARTESIAN_POINT('',(2.,0.,43.));
#12455=CARTESIAN_POINT('Origin',(2.,0.,67.));
#12456=CARTESIAN_POINT('',(2.,0.,67.));
#12457=CARTESIAN_POINT('Origin',(3.,0.,67.));
#12458=CARTESIAN_POINT('',(4.,0.,67.));
#12459=CARTESIAN_POINT('Origin',(4.,0.,43.));
#12460=CARTESIAN_POINT('Origin',(-2.,0.,-17.5));
#12461=CARTESIAN_POINT('',(2.,0.7,-17.5));
#12462=CARTESIAN_POINT('',(-2.000000001,0.7000000000036,-17.5));
#12463=CARTESIAN_POINT('',(2.000000000002,0.7000000002388,-17.49999999976));
#12464=CARTESIAN_POINT('',(2.000000000002,0.7000000002388,-17.49999999976));
#12465=CARTESIAN_POINT('',(-2.000000001,0.7000000000036,-17.5));
#12466=CARTESIAN_POINT('Origin',(1.298960938811E-14,0.35,-17.85));
#12467=CARTESIAN_POINT('',(2.000000000005,4.669270710818E-10,-18.19999999953));
#12468=CARTESIAN_POINT('',(-2.000000001955,7.068253389993E-12,-18.19999999999));
#12469=CARTESIAN_POINT('Origin',(-2.,0.3500000004101,-16.));
#12470=CARTESIAN_POINT('',(-3.5,0.7,-16.));
#12471=CARTESIAN_POINT('Origin',(-2.,0.7,-16.));
#12472=CARTESIAN_POINT('',(-4.199999999533,4.669279037491E-10,-16.));
#12473=CARTESIAN_POINT('Origin',(-3.85,0.35,0.));
#12474=CARTESIAN_POINT('',(-3.49999999999805,0.70000000000092,16.0000000005011));
#12475=CARTESIAN_POINT('',(-3.499999999761,0.7000000002388,-16.));
#12476=CARTESIAN_POINT('',(-4.199999999993,7.068549449466E-12,16.00000000196));
#12477=CARTESIAN_POINT('Origin',(-2.,0.3500000004101,16.));
#12478=CARTESIAN_POINT('',(-2.,0.7,17.5));
#12479=CARTESIAN_POINT('Origin',(-2.,0.7,16.));
#12480=CARTESIAN_POINT('',(-2.000000000005,4.669276632008E-10,18.19999999953));
#12481=CARTESIAN_POINT('Origin',(1.165734175856E-14,0.35,17.85));
#12482=CARTESIAN_POINT('',(2.000000001,0.7000000000036,17.5));
#12483=CARTESIAN_POINT('',(-2.000000000002,0.7000000002388,17.49999999976));
#12484=CARTESIAN_POINT('',(2.000000001955,7.06840141973E-12,18.19999999999));
#12485=CARTESIAN_POINT('Origin',(2.,0.3500000004101,16.));
#12486=CARTESIAN_POINT('',(3.5,0.7,16.));
#12487=CARTESIAN_POINT('Origin',(2.,0.7,16.));
#12488=CARTESIAN_POINT('',(4.199999999533,4.669280147714E-10,16.));
#12489=CARTESIAN_POINT('Origin',(3.85,0.35,3.819167204711E-14));
#12490=CARTESIAN_POINT('',(3.499999999996,0.7000000000036,-16.000000001));
#12491=CARTESIAN_POINT('',(3.499999999761,0.7000000002388,16.));
#12492=CARTESIAN_POINT('',(4.199999999993,7.068438427164E-12,-16.00000000196));
#12493=CARTESIAN_POINT('Origin',(2.,0.3500000004101,-16.));
#12494=CARTESIAN_POINT('Origin',(2.,0.7,-16.));
#12495=CARTESIAN_POINT('Origin',(2.,0.,-16.));
#12496=CARTESIAN_POINT('',(3.499999999996,0.7000000000036,-16.000000001));
#12497=CARTESIAN_POINT('Origin',(3.5,0.,-16.));
#12498=CARTESIAN_POINT('',(3.499999999761,0.7000000002388,16.));
#12499=CARTESIAN_POINT('Origin',(2.,0.,16.));
#12500=CARTESIAN_POINT('',(2.000000001,0.7000000000036,17.5));
#12501=CARTESIAN_POINT('Origin',(2.,0.,17.5));
#12502=CARTESIAN_POINT('',(-2.000000000002,0.7000000002388,17.49999999976));
#12503=CARTESIAN_POINT('Origin',(-2.,0.,16.));
#12504=CARTESIAN_POINT('',(-3.499999999996,0.7000000000036,16.000000001));
#12505=CARTESIAN_POINT('Origin',(-3.5,0.,16.));
#12506=CARTESIAN_POINT('',(-3.499999999761,0.7000000002388,-16.));
#12507=CARTESIAN_POINT('Origin',(-2.,0.,-16.));
#12508=CARTESIAN_POINT('Origin',(-5.5,0.,-1.5));
#12509=CARTESIAN_POINT('',(-5.5,0.,1.5));
#12510=CARTESIAN_POINT('',(-5.5,0.,-1.5));
#12511=CARTESIAN_POINT('Origin',(-6.3,0.,-1.5));
#12512=CARTESIAN_POINT('',(-7.1,0.,-1.5));
#12513=CARTESIAN_POINT('Origin',(-7.1,0.,1.5));
#12514=CARTESIAN_POINT('',(-7.1,0.,1.5));
#12515=CARTESIAN_POINT('Origin',(-6.3,0.,1.5));
#12516=CARTESIAN_POINT('Origin',(6.3,0.,-1.5));
#12517=CARTESIAN_POINT('',(7.1,0.,-1.5));
#12518=CARTESIAN_POINT('',(5.5,0.,-1.5));
#12519=CARTESIAN_POINT('Origin',(5.5,0.,1.5));
#12520=CARTESIAN_POINT('',(5.5,0.,1.5));
#12521=CARTESIAN_POINT('Origin',(6.3,0.,1.5));
#12522=CARTESIAN_POINT('',(7.1,0.,1.5));
#12523=CARTESIAN_POINT('Origin',(7.1,0.,-1.5));
#12524=CARTESIAN_POINT('Origin',(-9.1,0.,-1.5));
#12525=CARTESIAN_POINT('',(-9.1,0.,1.5));
#12526=CARTESIAN_POINT('',(-9.1,0.,-1.5));
#12527=CARTESIAN_POINT('Origin',(-9.9,0.,-1.5));
#12528=CARTESIAN_POINT('',(-10.7,0.,-1.5));
#12529=CARTESIAN_POINT('Origin',(-10.7,0.,1.5));
#12530=CARTESIAN_POINT('',(-10.7,0.,1.5));
#12531=CARTESIAN_POINT('Origin',(-9.9,0.,1.5));
#12532=CARTESIAN_POINT('Origin',(9.9,0.,-1.5));
#12533=CARTESIAN_POINT('',(10.7,0.,-1.5));
#12534=CARTESIAN_POINT('',(9.1,0.,-1.5));
#12535=CARTESIAN_POINT('Origin',(9.1,0.,1.5));
#12536=CARTESIAN_POINT('',(9.1,0.,1.5));
#12537=CARTESIAN_POINT('Origin',(9.9,0.,1.5));
#12538=CARTESIAN_POINT('',(10.7,0.,1.5));
#12539=CARTESIAN_POINT('Origin',(10.7,0.,-1.5));
#12540=CARTESIAN_POINT('Origin',(5.5,2.14999999959,27.));
#12541=CARTESIAN_POINT('',(5.5,1.8,25.5));
#12542=CARTESIAN_POINT('',(5.500000000005,2.499999999533,24.80000000047));
#12543=CARTESIAN_POINT('',(6.999999999996,1.799999999996,26.999999999));
#12544=CARTESIAN_POINT('Origin',(5.5,1.8,27.));
#12545=CARTESIAN_POINT('',(7.699999999993,2.499999999993,26.99999999804));
#12546=CARTESIAN_POINT('Origin',(7.35,2.15,29.));
#12547=CARTESIAN_POINT('',(6.999999999761,1.799999999761,31.));
#12548=CARTESIAN_POINT('',(6.999999999996,1.799999999996,26.999999999));
#12549=CARTESIAN_POINT('',(7.699999999533,2.499999999533,31.));
#12550=CARTESIAN_POINT('Origin',(5.5,2.14999999959,31.));
#12551=CARTESIAN_POINT('',(5.500000001,1.799999999996,32.5));
#12552=CARTESIAN_POINT('Origin',(5.5,1.8,31.));
#12553=CARTESIAN_POINT('',(5.500000001955,2.499999999993,33.19999999999));
#12554=CARTESIAN_POINT('Origin',(0.,2.15,32.85));
#12555=CARTESIAN_POINT('',(-5.500000000002,1.799999999761,32.49999999976));
#12556=CARTESIAN_POINT('',(5.500000001,1.799999999996,32.5));
#12557=CARTESIAN_POINT('',(-5.500000000005,2.499999999533,33.19999999953));
#12558=CARTESIAN_POINT('Origin',(-5.5,2.14999999959,31.));
#12559=CARTESIAN_POINT('',(-6.999999999996,1.799999999996,31.000000001));
#12560=CARTESIAN_POINT('Origin',(-5.5,1.8,31.));
#12561=CARTESIAN_POINT('',(-7.699999999993,2.499999999993,31.00000000196));
#12562=CARTESIAN_POINT('Origin',(-7.35,2.15,29.));
#12563=CARTESIAN_POINT('',(-6.999999999761,1.799999999761,27.));
#12564=CARTESIAN_POINT('',(-6.999999999996,1.799999999996,31.000000001));
#12565=CARTESIAN_POINT('',(-7.699999999533,2.499999999533,27.));
#12566=CARTESIAN_POINT('Origin',(-5.5,2.14999999959,27.));
#12567=CARTESIAN_POINT('',(-5.5000000004999,1.79999999999939,25.5000000000004));
#12568=CARTESIAN_POINT('Origin',(-5.5,1.8,27.));
#12569=CARTESIAN_POINT('',(-5.500000001955,2.499999999993,24.80000000001));
#12570=CARTESIAN_POINT('Origin',(0.,2.15,25.15));
#12571=CARTESIAN_POINT('',(-5.500000001,1.799999999996,25.5));
#12572=CARTESIAN_POINT('Origin',(-5.5,0.,25.5));
#12573=CARTESIAN_POINT('',(5.5,0.7,25.5));
#12574=CARTESIAN_POINT('',(-5.5000000004999,0.700000000000544,25.5000000000016));
#12575=CARTESIAN_POINT('',(5.500000000002,0.7000000002388,25.50000000024));
#12576=CARTESIAN_POINT('',(5.500000000002,0.7000000002388,25.50000000024));
#12577=CARTESIAN_POINT('',(-5.500000001,0.7000000000036,25.5));
#12578=CARTESIAN_POINT('Origin',(0.,0.35,25.15));
#12579=CARTESIAN_POINT('',(5.500000000005,4.66927977764E-10,24.80000000047));
#12580=CARTESIAN_POINT('',(-5.500000001955,7.068438427164E-12,24.80000000001));
#12581=CARTESIAN_POINT('Origin',(-5.5,0.3500000004101,27.));
#12582=CARTESIAN_POINT('',(-7.,0.7,27.));
#12583=CARTESIAN_POINT('Origin',(-5.5,0.7,27.));
#12584=CARTESIAN_POINT('',(-7.699999999533,4.669284033495E-10,27.));
#12585=CARTESIAN_POINT('Origin',(-7.35,0.35,29.));
#12586=CARTESIAN_POINT('',(-6.999999999996,0.7000000000036,31.000000001));
#12587=CARTESIAN_POINT('',(-6.999999999761,0.7000000002388,27.));
#12588=CARTESIAN_POINT('',(-7.699999999993,7.070769895516E-12,31.00000000196));
#12589=CARTESIAN_POINT('Origin',(-5.5,0.3500000004101,31.));
#12590=CARTESIAN_POINT('',(-5.5,0.7,32.5));
#12591=CARTESIAN_POINT('Origin',(-5.5,0.7,31.));
#12592=CARTESIAN_POINT('',(-5.500000000005,4.669284403569E-10,33.19999999953));
#12593=CARTESIAN_POINT('Origin',(0.,0.35,32.85));
#12594=CARTESIAN_POINT('',(5.500000001,0.7000000000036,32.5));
#12595=CARTESIAN_POINT('',(-5.500000000002,0.7000000002388,32.49999999976));
#12596=CARTESIAN_POINT('',(5.500000001955,7.06991872453E-12,33.19999999999));
#12597=CARTESIAN_POINT('Origin',(5.5,0.3500000004101,31.));
#12598=CARTESIAN_POINT('',(6.999999999761,0.7000000002388,31.));
#12599=CARTESIAN_POINT('',(7.699999999533,4.669296245948E-10,31.));
#12600=CARTESIAN_POINT('Origin',(5.5,0.7,31.));
#12601=CARTESIAN_POINT('Origin',(7.35,0.35,29.));
#12602=CARTESIAN_POINT('',(6.999999999996,0.7000000000036,26.999999999));
#12603=CARTESIAN_POINT('',(6.999999999761,0.7000000002388,31.));
#12604=CARTESIAN_POINT('',(7.699999999993,7.068438427164E-12,26.99999999804));
#12605=CARTESIAN_POINT('Origin',(5.5,0.3500000004101,27.));
#12606=CARTESIAN_POINT('Origin',(5.5,0.7,27.));
#12607=CARTESIAN_POINT('Origin',(5.5,0.,27.));
#12608=CARTESIAN_POINT('',(6.999999999996,0.7000000000036,26.999999999));
#12609=CARTESIAN_POINT('Origin',(7.,0.,27.));
#12610=CARTESIAN_POINT('',(6.999999999761,0.7000000002388,31.));
#12611=CARTESIAN_POINT('Origin',(5.5,0.,31.));
#12612=CARTESIAN_POINT('',(5.500000001,0.7000000000036,32.5));
#12613=CARTESIAN_POINT('Origin',(5.5,0.,32.5));
#12614=CARTESIAN_POINT('',(-5.500000000002,0.7000000002388,32.49999999976));
#12615=CARTESIAN_POINT('Origin',(-5.5,0.,31.));
#12616=CARTESIAN_POINT('',(-6.999999999996,0.7000000000036,31.000000001));
#12617=CARTESIAN_POINT('Origin',(-7.,0.,31.));
#12618=CARTESIAN_POINT('',(-6.999999999761,0.7000000002388,27.));
#12619=CARTESIAN_POINT('Origin',(-5.5,0.,27.));
#12620=CARTESIAN_POINT('Origin',(5.5,2.14999999959,-27.));
#12621=CARTESIAN_POINT('',(7.,1.8,-27.));
#12622=CARTESIAN_POINT('',(7.699999999533,2.499999999533,-27.));
#12623=CARTESIAN_POINT('',(5.5000000004999,1.79999999999938,-25.5000000000004));
#12624=CARTESIAN_POINT('Origin',(5.5,1.8,-27.));
#12625=CARTESIAN_POINT('',(5.500000001955,2.499999999993,-24.80000000001));
#12626=CARTESIAN_POINT('Origin',(0.,2.15,-25.15));
#12627=CARTESIAN_POINT('',(-5.500000000002,1.799999999761,-25.50000000024));
#12628=CARTESIAN_POINT('',(5.500000001,1.799999999996,-25.5));
#12629=CARTESIAN_POINT('',(-5.500000000005,2.499999999533,-24.80000000047));
#12630=CARTESIAN_POINT('Origin',(-5.5,2.14999999959,-27.));
#12631=CARTESIAN_POINT('',(-6.999999999998,1.799999999999,-26.9999999994989));
#12632=CARTESIAN_POINT('Origin',(-5.5,1.8,-27.));
#12633=CARTESIAN_POINT('',(-7.699999999993,2.499999999993,-26.99999999804));
#12634=CARTESIAN_POINT('Origin',(-7.35,2.15,-29.));
#12635=CARTESIAN_POINT('',(-6.999999999761,1.799999999761,-31.));
#12636=CARTESIAN_POINT('',(-6.999999999996,1.799999999996,-26.999999999));
#12637=CARTESIAN_POINT('',(-7.699999999533,2.499999999533,-31.));
#12638=CARTESIAN_POINT('Origin',(-5.5,2.14999999959,-31.));
#12639=CARTESIAN_POINT('',(-5.5000000004999,1.79999999999938,-32.4999999999996));
#12640=CARTESIAN_POINT('Origin',(-5.5,1.8,-31.));
#12641=CARTESIAN_POINT('',(-5.500000001955,2.499999999993,-33.19999999999));
#12642=CARTESIAN_POINT('Origin',(0.,2.15,-32.85));
#12643=CARTESIAN_POINT('',(5.500000000002,1.799999999761,-32.49999999976));
#12644=CARTESIAN_POINT('',(-5.500000001,1.799999999996,-32.5));
#12645=CARTESIAN_POINT('',(5.500000000005,2.499999999533,-33.19999999953));
#12646=CARTESIAN_POINT('Origin',(5.5,2.14999999959,-31.));
#12647=CARTESIAN_POINT('',(6.999999999998,1.799999999999,-31.0000000005011));
#12648=CARTESIAN_POINT('Origin',(5.5,1.8,-31.));
#12649=CARTESIAN_POINT('',(7.699999999993,2.499999999993,-31.00000000196));
#12650=CARTESIAN_POINT('Origin',(7.35,2.15,-29.));
#12651=CARTESIAN_POINT('',(6.999999999996,1.799999999996,-31.000000001));
#12652=CARTESIAN_POINT('Origin',(7.,0.,-31.));
#12653=CARTESIAN_POINT('',(6.99999999999805,0.70000000000092,-31.0000000005011));
#12654=CARTESIAN_POINT('',(6.999999999996,0.7000000000036,-31.000000001));
#12655=CARTESIAN_POINT('',(7.,0.7,-27.));
#12656=CARTESIAN_POINT('',(6.999999999761,0.7000000002388,-27.));
#12657=CARTESIAN_POINT('',(6.999999999761,0.7000000002388,-27.));
#12658=CARTESIAN_POINT('Origin',(5.5,0.,-27.));
#12659=CARTESIAN_POINT('',(5.500000001,0.7000000000036,-25.5));
#12660=CARTESIAN_POINT('Origin',(5.5,0.7,-27.));
#12661=CARTESIAN_POINT('',(5.500000001,0.7000000000036,-25.5));
#12662=CARTESIAN_POINT('Origin',(5.5,0.,-25.5));
#12663=CARTESIAN_POINT('',(-5.5,0.7,-25.5));
#12664=CARTESIAN_POINT('',(-5.500000000002,0.7000000002388,-25.50000000024));
#12665=CARTESIAN_POINT('',(-5.500000000002,0.7000000002388,-25.50000000024));
#12666=CARTESIAN_POINT('Origin',(-5.5,0.,-27.));
#12667=CARTESIAN_POINT('',(-6.999999999996,0.7000000000036,-26.999999999));
#12668=CARTESIAN_POINT('Origin',(-5.5,0.7,-27.));
#12669=CARTESIAN_POINT('',(-6.999999999996,0.7000000000036,-26.999999999));
#12670=CARTESIAN_POINT('Origin',(-7.,0.,-27.));
#12671=CARTESIAN_POINT('',(-7.,0.7,-31.));
#12672=CARTESIAN_POINT('',(-6.999999999761,0.7000000002388,-31.));
#12673=CARTESIAN_POINT('',(-6.999999999761,0.7000000002388,-31.));
#12674=CARTESIAN_POINT('Origin',(-5.5,0.,-31.));
#12675=CARTESIAN_POINT('',(-5.500000001,0.7000000000036,-32.5));
#12676=CARTESIAN_POINT('Origin',(-5.5,0.7,-31.));
#12677=CARTESIAN_POINT('',(-5.500000001,0.7000000000036,-32.5));
#12678=CARTESIAN_POINT('Origin',(-5.5,0.,-32.5));
#12679=CARTESIAN_POINT('',(5.5,0.7,-32.5));
#12680=CARTESIAN_POINT('',(5.500000000002,0.7000000002388,-32.49999999976));
#12681=CARTESIAN_POINT('',(5.500000000002,0.7000000002388,-32.49999999976));
#12682=CARTESIAN_POINT('Origin',(5.5,0.,-31.));
#12683=CARTESIAN_POINT('Origin',(5.5,0.7,-31.));
#12684=CARTESIAN_POINT('Origin',(5.5,0.3500000004101,-31.));
#12685=CARTESIAN_POINT('',(7.699999999993,7.070621865779E-12,-31.00000000196));
#12686=CARTESIAN_POINT('',(5.500000000005,4.669288659424E-10,-33.19999999953));
#12687=CARTESIAN_POINT('Origin',(0.,0.35,-32.85));
#12688=CARTESIAN_POINT('',(-5.500000001955,7.069456131603E-12,-33.19999999999));
#12689=CARTESIAN_POINT('Origin',(-5.5,0.3500000004101,-31.));
#12690=CARTESIAN_POINT('',(-7.699999999533,4.669300316766E-10,-31.));
#12691=CARTESIAN_POINT('Origin',(-7.35,0.35,-29.));
#12692=CARTESIAN_POINT('',(-7.699999999993,7.068697479203E-12,-26.99999999804));
#12693=CARTESIAN_POINT('Origin',(-5.5,0.3500000004101,-27.));
#12694=CARTESIAN_POINT('',(-5.500000000005,4.669277002082E-10,-24.80000000047));
#12695=CARTESIAN_POINT('Origin',(0.,0.35,-25.15));
#12696=CARTESIAN_POINT('',(5.500000001955,7.068438427164E-12,-24.80000000001));
#12697=CARTESIAN_POINT('Origin',(5.5,0.3500000004101,-27.));
#12698=CARTESIAN_POINT('',(7.699999999533,4.669279592603E-10,-27.));
#12699=CARTESIAN_POINT('Origin',(7.35,0.35,-29.));
#12700=CARTESIAN_POINT('',(0.,0.,0.));
#12701=CARTESIAN_POINT('Origin',(0.,0.,0.));
#12702=CARTESIAN_POINT('',(39.87086655575,0.,-31.02303396841));
#12703=CARTESIAN_POINT('',(26.94095695581,0.,-36.28725720597));
#12704=CARTESIAN_POINT('Origin',(33.20768492448,0.,-33.16826368774));
#12705=CARTESIAN_POINT('',(39.87086655575,0.,31.02303396842));
#12706=CARTESIAN_POINT('Origin',(136.2298290584,0.,0.));
#12707=CARTESIAN_POINT('',(26.94095695581,0.,36.28725720597));
#12708=CARTESIAN_POINT('Origin',(33.20768492448,0.,33.16826368774));
#12709=CARTESIAN_POINT('',(21.59411092457,0.,25.54429497397));
#12710=CARTESIAN_POINT('',(21.59411092457,0.,25.54429497397));
#12711=CARTESIAN_POINT('',(12.6416423979,0.,20.));
#12712=CARTESIAN_POINT('Origin',(12.6416423979,0.,30.));
#12713=CARTESIAN_POINT('',(-14.73348866133,0.,20.));
#12714=CARTESIAN_POINT('',(-14.73348866133,0.,20.));
#12715=CARTESIAN_POINT('',(-21.61906826172,0.,22.74818687729));
#12716=CARTESIAN_POINT('Origin',(-14.73348866133,0.,30.));
#12717=CARTESIAN_POINT('',(-37.57305713167,0.,37.89646199815));
#12718=CARTESIAN_POINT('',(-37.57305713167,0.,37.89646199815));
#12719=CARTESIAN_POINT('',(-48.11704434819,0.,28.79093841171));
#12720=CARTESIAN_POINT('Origin',(-42.39296285195,0.,32.82019281226));
#12721=CARTESIAN_POINT('',(-48.11704434819,0.,-28.79093841171));
#12722=CARTESIAN_POINT('Origin',(-89.01832816874,0.,6.072224106063E-14));
#12723=CARTESIAN_POINT('',(-37.57305713167,0.,-37.89646199815));
#12724=CARTESIAN_POINT('Origin',(-42.39296285195,0.,-32.82019281226));
#12725=CARTESIAN_POINT('',(-21.61906826172,0.,-22.74818687729));
#12726=CARTESIAN_POINT('',(-21.61906826172,0.,-22.74818687729));
#12727=CARTESIAN_POINT('',(-14.73348866133,0.,-20.));
#12728=CARTESIAN_POINT('Origin',(-14.73348866133,0.,-30.));
#12729=CARTESIAN_POINT('',(12.6416423979,0.,-20.));
#12730=CARTESIAN_POINT('',(12.6416423979,0.,-20.));
#12731=CARTESIAN_POINT('',(21.59411092457,0.,-25.54429497397));
#12732=CARTESIAN_POINT('Origin',(12.6416423979,0.,-30.));
#12733=CARTESIAN_POINT('',(26.94095695581,0.,-36.28725720597));
#12734=CARTESIAN_POINT('',(26.,0.,-14.));
#12735=CARTESIAN_POINT('Origin',(27.5,0.,-14.));
#12736=CARTESIAN_POINT('',(26.,0.,14.));
#12737=CARTESIAN_POINT('Origin',(27.5,0.,14.));
#12738=CARTESIAN_POINT('',(-29.,0.,14.));
#12739=CARTESIAN_POINT('Origin',(-27.5,0.,14.));
#12740=CARTESIAN_POINT('',(31.70768492448,0.,-33.16826368774));
#12741=CARTESIAN_POINT('Origin',(33.20768492448,0.,-33.16826368774));
#12742=CARTESIAN_POINT('',(31.70768492448,0.,33.16826368774));
#12743=CARTESIAN_POINT('Origin',(33.20768492448,0.,33.16826368774));
#12744=CARTESIAN_POINT('',(-43.89296285195,0.,-32.82019281226));
#12745=CARTESIAN_POINT('Origin',(-42.39296285195,0.,-32.82019281226));
#12746=CARTESIAN_POINT('',(-43.89296285195,0.,32.82019281226));
#12747=CARTESIAN_POINT('Origin',(-42.39296285195,0.,32.82019281226));
#12748=CARTESIAN_POINT('',(-29.,0.,-14.));
#12749=CARTESIAN_POINT('Origin',(-27.5,0.,-14.));
#12750=CARTESIAN_POINT('',(-17.5,0.,-4.5));
#12751=CARTESIAN_POINT('',(-16.,0.,-6.));
#12752=CARTESIAN_POINT('Origin',(-16.,0.,-4.5));
#12753=CARTESIAN_POINT('',(-17.5,0.,4.5));
#12754=CARTESIAN_POINT('',(-17.5,0.,4.5));
#12755=CARTESIAN_POINT('',(-16.,0.,6.));
#12756=CARTESIAN_POINT('Origin',(-16.,0.,4.5));
#12757=CARTESIAN_POINT('',(-4.,0.,6.));
#12758=CARTESIAN_POINT('',(-4.,0.,6.));
#12759=CARTESIAN_POINT('',(-2.5,0.,7.5));
#12760=CARTESIAN_POINT('Origin',(-4.,0.,7.5));
#12761=CARTESIAN_POINT('',(-2.5,0.,8.));
#12762=CARTESIAN_POINT('',(-2.5,0.,8.));
#12763=CARTESIAN_POINT('',(-1.,0.,9.5));
#12764=CARTESIAN_POINT('Origin',(-1.,0.,8.));
#12765=CARTESIAN_POINT('',(1.,0.,9.5));
#12766=CARTESIAN_POINT('',(1.,0.,9.5));
#12767=CARTESIAN_POINT('',(2.5,0.,8.));
#12768=CARTESIAN_POINT('Origin',(1.,0.,8.));
#12769=CARTESIAN_POINT('',(2.5,0.,7.5));
#12770=CARTESIAN_POINT('',(2.5,0.,7.5));
#12771=CARTESIAN_POINT('',(4.,0.,6.));
#12772=CARTESIAN_POINT('Origin',(4.,0.,7.5));
#12773=CARTESIAN_POINT('',(16.,0.,6.));
#12774=CARTESIAN_POINT('',(16.,0.,6.));
#12775=CARTESIAN_POINT('',(17.5,0.,4.5));
#12776=CARTESIAN_POINT('Origin',(16.,0.,4.5));
#12777=CARTESIAN_POINT('',(17.5,0.,-4.5));
#12778=CARTESIAN_POINT('',(17.5,0.,-4.5));
#12779=CARTESIAN_POINT('',(16.,0.,-6.));
#12780=CARTESIAN_POINT('Origin',(16.,0.,-4.5));
#12781=CARTESIAN_POINT('',(4.,0.,-6.));
#12782=CARTESIAN_POINT('',(4.,0.,-6.));
#12783=CARTESIAN_POINT('',(2.5,0.,-7.5));
#12784=CARTESIAN_POINT('Origin',(4.,0.,-7.5));
#12785=CARTESIAN_POINT('',(2.5,0.,-8.));
#12786=CARTESIAN_POINT('',(2.5,0.,-8.));
#12787=CARTESIAN_POINT('',(1.,0.,-9.5));
#12788=CARTESIAN_POINT('Origin',(1.,0.,-8.));
#12789=CARTESIAN_POINT('',(-1.,0.,-9.5));
#12790=CARTESIAN_POINT('',(-1.,0.,-9.5));
#12791=CARTESIAN_POINT('',(-2.5,0.,-8.));
#12792=CARTESIAN_POINT('Origin',(-1.,0.,-8.));
#12793=CARTESIAN_POINT('',(-2.5,0.,-7.5));
#12794=CARTESIAN_POINT('',(-2.5,0.,-7.5));
#12795=CARTESIAN_POINT('',(-4.,0.,-6.));
#12796=CARTESIAN_POINT('Origin',(-4.,0.,-7.5));
#12797=CARTESIAN_POINT('',(-16.,0.,-6.));
#12798=CARTESIAN_POINT('',(-16.75,0.,15.25));
#12799=CARTESIAN_POINT('Origin',(-15.25,0.,15.25));
#12800=CARTESIAN_POINT('',(13.75,0.,15.25));
#12801=CARTESIAN_POINT('Origin',(15.25,0.,15.25));
#12802=CARTESIAN_POINT('',(13.75,0.,-15.25));
#12803=CARTESIAN_POINT('Origin',(15.25,0.,-15.25));
#12804=CARTESIAN_POINT('',(-16.75,0.,-15.25));
#12805=CARTESIAN_POINT('Origin',(-15.25,0.,-15.25));
#12806=CARTESIAN_POINT('',(-39.25,0.,12.75));
#12807=CARTESIAN_POINT('Origin',(-37.75,0.,12.75));
#12808=CARTESIAN_POINT('',(-39.25,0.,-12.75));
#12809=CARTESIAN_POINT('Origin',(-37.75,0.,-12.75));
#12810=CARTESIAN_POINT('Origin',(-27.5,0.,-14.));
#12811=CARTESIAN_POINT('',(-29.,3.,-14.));
#12812=CARTESIAN_POINT('',(-29.,0.,-14.));
#12813=CARTESIAN_POINT('Origin',(-27.5,3.,-14.));
#12814=CARTESIAN_POINT('Origin',(0.,3.,0.));
#12815=CARTESIAN_POINT('',(39.87086655575,3.,-31.02303396841));
#12816=CARTESIAN_POINT('',(26.94095695581,3.,-36.28725720597));
#12817=CARTESIAN_POINT('Origin',(33.20768492448,3.,-33.16826368774));
#12818=CARTESIAN_POINT('',(21.59411092457,3.,-25.54429497397));
#12819=CARTESIAN_POINT('',(26.94095695581,3.,-36.28725720597));
#12820=CARTESIAN_POINT('',(12.6416423979,3.,-20.));
#12821=CARTESIAN_POINT('Origin',(12.6416423979,3.,-30.));
#12822=CARTESIAN_POINT('',(-14.73348866133,3.,-20.));
#12823=CARTESIAN_POINT('',(12.6416423979,3.,-20.));
#12824=CARTESIAN_POINT('',(-21.61906826172,3.,-22.74818687729));
#12825=CARTESIAN_POINT('Origin',(-14.73348866133,3.,-30.));
#12826=CARTESIAN_POINT('',(-37.57305713167,3.,-37.89646199815));
#12827=CARTESIAN_POINT('',(-21.61906826172,3.,-22.74818687729));
#12828=CARTESIAN_POINT('',(-48.11704434819,3.,-28.79093841171));
#12829=CARTESIAN_POINT('Origin',(-42.39296285195,3.,-32.82019281226));
#12830=CARTESIAN_POINT('',(-48.11704434819,3.,28.79093841171));
#12831=CARTESIAN_POINT('Origin',(-89.01832816874,3.,6.072224106063E-14));
#12832=CARTESIAN_POINT('',(-37.57305713167,3.,37.89646199815));
#12833=CARTESIAN_POINT('Origin',(-42.39296285195,3.,32.82019281226));
#12834=CARTESIAN_POINT('',(-21.61906826172,3.,22.74818687729));
#12835=CARTESIAN_POINT('',(-37.57305713167,3.,37.89646199815));
#12836=CARTESIAN_POINT('',(-14.73348866133,3.,20.));
#12837=CARTESIAN_POINT('Origin',(-14.73348866133,3.,30.));
#12838=CARTESIAN_POINT('',(12.6416423979,3.,20.));
#12839=CARTESIAN_POINT('',(-14.73348866133,3.,20.));
#12840=CARTESIAN_POINT('',(21.59411092457,3.,25.54429497397));
#12841=CARTESIAN_POINT('Origin',(12.6416423979,3.,30.));
#12842=CARTESIAN_POINT('',(26.94095695581,3.,36.28725720597));
#12843=CARTESIAN_POINT('',(21.59411092457,3.,25.54429497397));
#12844=CARTESIAN_POINT('',(39.87086655575,3.,31.02303396842));
#12845=CARTESIAN_POINT('Origin',(33.20768492448,3.,33.16826368774));
#12846=CARTESIAN_POINT('Origin',(136.2298290584,3.,0.));
#12847=CARTESIAN_POINT('',(26.,3.,-14.));
#12848=CARTESIAN_POINT('Origin',(27.5,3.,-14.));
#12849=CARTESIAN_POINT('',(26.,3.,14.));
#12850=CARTESIAN_POINT('Origin',(27.5,3.,14.));
#12851=CARTESIAN_POINT('',(-29.,3.,14.));
#12852=CARTESIAN_POINT('Origin',(-27.5,3.,14.));
#12853=CARTESIAN_POINT('',(31.70768492448,3.,-33.16826368774));
#12854=CARTESIAN_POINT('Origin',(33.20768492448,3.,-33.16826368774));
#12855=CARTESIAN_POINT('',(31.70768492448,3.,33.16826368774));
#12856=CARTESIAN_POINT('Origin',(33.20768492448,3.,33.16826368774));
#12857=CARTESIAN_POINT('',(-43.89296285195,3.,-32.82019281226));
#12858=CARTESIAN_POINT('Origin',(-42.39296285195,3.,-32.82019281226));
#12859=CARTESIAN_POINT('',(-43.89296285195,3.,32.82019281226));
#12860=CARTESIAN_POINT('Origin',(-42.39296285195,3.,32.82019281226));
#12861=CARTESIAN_POINT('',(-16.75,3.,15.25));
#12862=CARTESIAN_POINT('Origin',(-15.25,3.,15.25));
#12863=CARTESIAN_POINT('',(13.75,3.,15.25));
#12864=CARTESIAN_POINT('Origin',(15.25,3.,15.25));
#12865=CARTESIAN_POINT('',(13.75,3.,-15.25));
#12866=CARTESIAN_POINT('Origin',(15.25,3.,-15.25));
#12867=CARTESIAN_POINT('',(-16.75,3.,-15.25));
#12868=CARTESIAN_POINT('Origin',(-15.25,3.,-15.25));
#12869=CARTESIAN_POINT('',(-39.25,3.,12.75));
#12870=CARTESIAN_POINT('Origin',(-37.75,3.,12.75));
#12871=CARTESIAN_POINT('',(-39.25,3.,-12.75));
#12872=CARTESIAN_POINT('Origin',(-37.75,3.,-12.75));
#12873=CARTESIAN_POINT('',(-3.99999999776611,3.00000000014299,-7.00000000014299));
#12874=CARTESIAN_POINT('',(-3.50000000005644,3.00000000005644,-7.49999999750667));
#12875=CARTESIAN_POINT('Origin',(-4.,3.,-7.5));
#12876=CARTESIAN_POINT('',(-3.499999999987,2.999999999987,-8.000000001601));
#12877=CARTESIAN_POINT('',(-3.500000000127,3.000000000127,-7.499999995512));
#12878=CARTESIAN_POINT('',(-1.00000003013276,2.99999999919095,-10.4999999991903));
#12879=CARTESIAN_POINT('Origin',(-1.,3.,-8.));
#12880=CARTESIAN_POINT('',(1.000000001601,2.999999999987,-10.49999999999));
#12881=CARTESIAN_POINT('',(-1.000000032006,2.999999998381,-10.49999999838));
#12882=CARTESIAN_POINT('',(3.49999999919087,2.99999999919087,-8.00000003013276));
#12883=CARTESIAN_POINT('Origin',(1.,3.,-8.));
#12884=CARTESIAN_POINT('',(3.500000000322,3.000000000322,-7.499999995979));
#12885=CARTESIAN_POINT('',(3.499999998381,2.999999998381,-8.000000032006));
#12886=CARTESIAN_POINT('',(3.99999999750667,3.00000000005644,-7.00000000005644));
#12887=CARTESIAN_POINT('Origin',(4.,3.,-7.5));
#12888=CARTESIAN_POINT('',(16.0000000016,2.999999999987,-6.999999999987));
#12889=CARTESIAN_POINT('',(3.999999995512,3.000000000127,-7.000000000127));
#12890=CARTESIAN_POINT('',(18.4999999991903,2.99999999919095,-4.50000003013276));
#12891=CARTESIAN_POINT('Origin',(16.,3.,-4.5));
#12892=CARTESIAN_POINT('',(18.49999999999,2.999999999987,4.500000001601));
#12893=CARTESIAN_POINT('',(18.49999999838,2.999999998381,-4.500000032006));
#12894=CARTESIAN_POINT('',(16.0000000301365,2.99999999919087,6.99999999919087));
#12895=CARTESIAN_POINT('Origin',(16.,3.,4.5));
#12896=CARTESIAN_POINT('',(3.999999995979,3.000000000322,7.000000000322));
#12897=CARTESIAN_POINT('',(16.00000003201,2.999999998381,6.999999998381));
#12898=CARTESIAN_POINT('',(3.50000000005644,3.00000000005644,7.49999999750667));
#12899=CARTESIAN_POINT('Origin',(4.,3.,7.5));
#12900=CARTESIAN_POINT('',(3.499999999987,2.999999999987,8.000000001601));
#12901=CARTESIAN_POINT('',(3.500000000127,3.000000000127,7.499999995512));
#12902=CARTESIAN_POINT('',(1.00000003013276,2.99999999919095,10.4999999991903));
#12903=CARTESIAN_POINT('Origin',(1.,3.,8.));
#12904=CARTESIAN_POINT('',(-1.000000001601,2.999999999987,10.49999999999));
#12905=CARTESIAN_POINT('',(1.000000032006,2.999999998381,10.49999999838));
#12906=CARTESIAN_POINT('',(-3.49999999919087,2.99999999919087,8.00000003013276));
#12907=CARTESIAN_POINT('Origin',(-1.,3.,8.));
#12908=CARTESIAN_POINT('',(-3.500000000322,3.000000000322,7.499999995979));
#12909=CARTESIAN_POINT('',(-3.499999998381,2.999999998381,8.000000032006));
#12910=CARTESIAN_POINT('',(-3.99999999750667,3.00000000005644,7.00000000005644));
#12911=CARTESIAN_POINT('Origin',(-4.,3.,7.5));
#12912=CARTESIAN_POINT('',(-16.0000000016,2.999999999987,6.999999999987));
#12913=CARTESIAN_POINT('',(-3.999999995512,3.000000000127,7.000000000127));
#12914=CARTESIAN_POINT('',(-18.4999999991903,2.99999999919095,4.50000003013276));
#12915=CARTESIAN_POINT('Origin',(-16.,3.,4.5));
#12916=CARTESIAN_POINT('',(-18.49999999999,2.999999999987,-4.500000001601));
#12917=CARTESIAN_POINT('',(-18.49999999838,2.999999998381,4.500000032006));
#12918=CARTESIAN_POINT('',(-16.0000000301365,2.99999999919087,-6.99999999919087));
#12919=CARTESIAN_POINT('Origin',(-16.,3.,-4.5));
#12920=CARTESIAN_POINT('',(-16.00000003201,2.999999998381,-6.999999998381));
#12921=CARTESIAN_POINT('Origin',(27.5,0.,-14.));
#12922=CARTESIAN_POINT('',(26.,0.,-14.));
#12923=CARTESIAN_POINT('Origin',(27.5,0.,14.));
#12924=CARTESIAN_POINT('',(26.,0.,14.));
#12925=CARTESIAN_POINT('Origin',(-27.5,0.,14.));
#12926=CARTESIAN_POINT('',(-29.,0.,14.));
#12927=CARTESIAN_POINT('Origin',(33.20768492448,0.,-33.16826368774));
#12928=CARTESIAN_POINT('',(31.70768492448,0.,-33.16826368774));
#12929=CARTESIAN_POINT('Origin',(33.20768492448,0.,33.16826368774));
#12930=CARTESIAN_POINT('',(31.70768492448,0.,33.16826368774));
#12931=CARTESIAN_POINT('Origin',(-42.39296285195,0.,-32.82019281226));
#12932=CARTESIAN_POINT('',(-43.89296285195,0.,-32.82019281226));
#12933=CARTESIAN_POINT('Origin',(-42.39296285195,0.,32.82019281226));
#12934=CARTESIAN_POINT('',(-43.89296285195,0.,32.82019281226));
#12935=CARTESIAN_POINT('Origin',(33.20768492448,0.,-33.16826368774));
#12936=CARTESIAN_POINT('',(26.94095695581,0.,-36.28725720597));
#12937=CARTESIAN_POINT('',(39.87086655575,0.,-31.02303396841));
#12938=CARTESIAN_POINT('Origin',(136.2298290584,0.,0.));
#12939=CARTESIAN_POINT('',(39.87086655575,0.,31.02303396841));
#12940=CARTESIAN_POINT('Origin',(33.20768492448,0.,33.16826368774));
#12941=CARTESIAN_POINT('',(26.94095695581,0.,36.28725720597));
#12942=CARTESIAN_POINT('Origin',(21.59411092457,0.,25.54429497397));
#12943=CARTESIAN_POINT('',(21.59411092457,0.,25.54429497397));
#12944=CARTESIAN_POINT('Origin',(12.6416423979,0.,30.));
#12945=CARTESIAN_POINT('',(12.6416423979,0.,20.));
#12946=CARTESIAN_POINT('Origin',(-14.73348866133,0.,20.));
#12947=CARTESIAN_POINT('',(-14.73348866133,0.,20.));
#12948=CARTESIAN_POINT('Origin',(-14.73348866133,0.,30.));
#12949=CARTESIAN_POINT('',(-21.61906826172,0.,22.74818687729));
#12950=CARTESIAN_POINT('Origin',(-37.57305713167,0.,37.89646199815));
#12951=CARTESIAN_POINT('',(-37.57305713167,0.,37.89646199815));
#12952=CARTESIAN_POINT('Origin',(-42.39296285195,0.,32.82019281226));
#12953=CARTESIAN_POINT('',(-48.11704434819,0.,28.79093841171));
#12954=CARTESIAN_POINT('Origin',(-89.01832816874,0.,6.072224106063E-14));
#12955=CARTESIAN_POINT('',(-48.11704434819,0.,-28.79093841171));
#12956=CARTESIAN_POINT('Origin',(-42.39296285195,0.,-32.82019281226));
#12957=CARTESIAN_POINT('',(-37.57305713167,0.,-37.89646199815));
#12958=CARTESIAN_POINT('Origin',(-21.61906826172,0.,-22.74818687729));
#12959=CARTESIAN_POINT('',(-21.61906826172,0.,-22.74818687729));
#12960=CARTESIAN_POINT('Origin',(-14.73348866133,0.,-30.));
#12961=CARTESIAN_POINT('',(-14.73348866133,0.,-20.));
#12962=CARTESIAN_POINT('Origin',(12.6416423979,0.,-20.));
#12963=CARTESIAN_POINT('',(12.6416423979,0.,-20.));
#12964=CARTESIAN_POINT('Origin',(12.6416423979,0.,-30.));
#12965=CARTESIAN_POINT('',(21.59411092457,0.,-25.54429497397));
#12966=CARTESIAN_POINT('Origin',(26.94095695581,0.,-36.28725720597));
#12967=CARTESIAN_POINT('Origin',(-15.25,0.,15.25));
#12968=CARTESIAN_POINT('',(-16.75,0.,15.25));
#12969=CARTESIAN_POINT('Origin',(15.25,0.,15.25));
#12970=CARTESIAN_POINT('',(13.75,0.,15.25));
#12971=CARTESIAN_POINT('Origin',(15.25,0.,-15.25));
#12972=CARTESIAN_POINT('',(13.75,0.,-15.25));
#12973=CARTESIAN_POINT('Origin',(-15.25,0.,-15.25));
#12974=CARTESIAN_POINT('',(-16.75,0.,-15.25));
#12975=CARTESIAN_POINT('Origin',(-37.75,0.,12.75));
#12976=CARTESIAN_POINT('',(-39.25,0.,12.75));
#12977=CARTESIAN_POINT('Origin',(-37.75,0.,-12.75));
#12978=CARTESIAN_POINT('',(-39.25,0.,-12.75));
#12979=CARTESIAN_POINT('Origin',(-4.,2.500000000344,-7.5));
#12980=CARTESIAN_POINT('',(-3.99999999151873,2.00000000036744,-6.00000000046222));
#12981=CARTESIAN_POINT('',(-3.999999995979,3.000000000322,-7.000000000322));
#12982=CARTESIAN_POINT('',(-2.50000000018231,2.00000000014494,-7.49999999053248));
#12983=CARTESIAN_POINT('Origin',(-4.,2.,-7.5));
#12984=CARTESIAN_POINT('',(-3.500000000127,3.000000000127,-7.499999995512));
#12985=CARTESIAN_POINT('Origin',(-3.,2.5,-7.75));
#12986=CARTESIAN_POINT('',(-2.499999999994,1.999999999994,-8.00000000072));
#12987=CARTESIAN_POINT('',(-2.500000000286,2.000000000286,-7.499999989901));
#12988=CARTESIAN_POINT('',(-3.499999999987,2.999999999987,-8.000000001601));
#12989=CARTESIAN_POINT('Origin',(-1.,2.499999998777,-8.));
#12990=CARTESIAN_POINT('',(-1.00000001350252,1.99999999963118,-9.49999999953552));
#12991=CARTESIAN_POINT('Origin',(-1.,2.,-8.));
#12992=CARTESIAN_POINT('',(-1.000000032006,2.999999998381,-10.49999999838));
#12993=CARTESIAN_POINT('Origin',(0.,2.5,-10.));
#12994=CARTESIAN_POINT('',(1.00000000072,1.999999999994,-9.499999999994));
#12995=CARTESIAN_POINT('',(-1.000000014403,1.999999999272,-9.499999999272));
#12996=CARTESIAN_POINT('',(1.000000001601,2.999999999987,-10.49999999999));
#12997=CARTESIAN_POINT('Origin',(1.,2.499999998777,-8.));
#12998=CARTESIAN_POINT('',(2.49999999953564,1.999999999631,-8.00000001350252));
#12999=CARTESIAN_POINT('Origin',(1.,2.,-8.));
#13000=CARTESIAN_POINT('',(3.499999998381,2.999999998381,-8.000000032006));
#13001=CARTESIAN_POINT('Origin',(3.,2.5,-7.75));
#13002=CARTESIAN_POINT('',(2.50000000054366,2.00000000054376,-7.49999999095316));
#13003=CARTESIAN_POINT('',(2.499999999272,1.999999999272,-8.000000014403));
#13004=CARTESIAN_POINT('',(3.500000000322,3.000000000322,-7.499999995979));
#13005=CARTESIAN_POINT('Origin',(4.,2.500000000344,-7.5));
#13006=CARTESIAN_POINT('',(3.99999999053249,2.00000000014494,-6.00000000018231));
#13007=CARTESIAN_POINT('Origin',(4.,2.,-7.5));
#13008=CARTESIAN_POINT('',(3.999999995512,3.000000000127,-7.000000000127));
#13009=CARTESIAN_POINT('Origin',(10.,2.5,-6.5));
#13010=CARTESIAN_POINT('',(16.00000000072,1.999999999994,-5.999999999994));
#13011=CARTESIAN_POINT('',(3.999999989901,2.000000000286,-6.000000000286));
#13012=CARTESIAN_POINT('',(16.0000000016,2.999999999987,-6.999999999987));
#13013=CARTESIAN_POINT('Origin',(16.,2.499999998777,-4.5));
#13014=CARTESIAN_POINT('',(17.4999999995349,1.99999999963107,-4.50000001350252));
#13015=CARTESIAN_POINT('Origin',(16.,2.,-4.5));
#13016=CARTESIAN_POINT('',(18.49999999838,2.999999998381,-4.500000032006));
#13017=CARTESIAN_POINT('Origin',(18.,2.5,0.));
#13018=CARTESIAN_POINT('',(17.49999999999,1.999999999994,4.50000000072));
#13019=CARTESIAN_POINT('',(17.49999999927,1.999999999272,-4.500000014403));
#13020=CARTESIAN_POINT('',(18.49999999999,2.999999999987,4.500000001601));
#13021=CARTESIAN_POINT('Origin',(16.,2.499999998777,4.5));
#13022=CARTESIAN_POINT('',(16.0000000135044,1.999999999631,5.99999999953564));
#13023=CARTESIAN_POINT('Origin',(16.,2.,4.5));
#13024=CARTESIAN_POINT('',(16.00000003201,2.999999998381,6.999999998381));
#13025=CARTESIAN_POINT('Origin',(10.,2.5,6.5));
#13026=CARTESIAN_POINT('',(3.99999999095316,2.00000000054376,6.00000000054366));
#13027=CARTESIAN_POINT('',(16.0000000144,1.999999999272,5.999999999272));
#13028=CARTESIAN_POINT('',(3.999999995979,3.000000000322,7.000000000322));
#13029=CARTESIAN_POINT('Origin',(4.,2.500000000344,7.5));
#13030=CARTESIAN_POINT('',(2.50000000018231,2.00000000014494,7.4999999905325));
#13031=CARTESIAN_POINT('Origin',(4.,2.,7.5));
#13032=CARTESIAN_POINT('',(3.500000000127,3.000000000127,7.499999995512));
#13033=CARTESIAN_POINT('Origin',(3.,2.5,7.75));
#13034=CARTESIAN_POINT('',(2.499999999994,1.999999999994,8.00000000072));
#13035=CARTESIAN_POINT('',(2.500000000286,2.000000000286,7.499999989901));
#13036=CARTESIAN_POINT('',(3.499999999987,2.999999999987,8.000000001601));
#13037=CARTESIAN_POINT('Origin',(1.,2.499999998777,8.));
#13038=CARTESIAN_POINT('',(1.00000001350252,1.99999999963118,9.49999999953552));
#13039=CARTESIAN_POINT('Origin',(1.,2.,8.));
#13040=CARTESIAN_POINT('',(1.000000032006,2.999999998381,10.49999999838));
#13041=CARTESIAN_POINT('Origin',(0.,2.5,10.));
#13042=CARTESIAN_POINT('',(-1.00000000072,1.999999999994,9.499999999994));
#13043=CARTESIAN_POINT('',(1.000000014403,1.999999999272,9.499999999272));
#13044=CARTESIAN_POINT('',(-1.000000001601,2.999999999987,10.49999999999));
#13045=CARTESIAN_POINT('Origin',(-1.,2.499999998777,8.));
#13046=CARTESIAN_POINT('',(-2.49999999953564,1.999999999631,8.00000001350252));
#13047=CARTESIAN_POINT('Origin',(-1.,2.,8.));
#13048=CARTESIAN_POINT('',(-3.499999998381,2.999999998381,8.000000032006));
#13049=CARTESIAN_POINT('Origin',(-3.,2.5,7.75));
#13050=CARTESIAN_POINT('',(-2.50000000054366,2.00000000054375,7.49999999095316));
#13051=CARTESIAN_POINT('',(-2.499999999272,1.999999999272,8.000000014403));
#13052=CARTESIAN_POINT('',(-3.500000000322,3.000000000322,7.499999995979));
#13053=CARTESIAN_POINT('Origin',(-4.,2.500000000344,7.5));
#13054=CARTESIAN_POINT('',(-3.99999999053249,2.00000000014494,6.00000000018231));
#13055=CARTESIAN_POINT('Origin',(-4.,2.,7.5));
#13056=CARTESIAN_POINT('',(-3.999999995512,3.000000000127,7.000000000127));
#13057=CARTESIAN_POINT('Origin',(-10.,2.5,6.5));
#13058=CARTESIAN_POINT('',(-16.00000000072,1.999999999994,5.999999999994));
#13059=CARTESIAN_POINT('',(-3.999999989901,2.000000000286,6.000000000286));
#13060=CARTESIAN_POINT('',(-16.0000000016,2.999999999987,6.999999999987));
#13061=CARTESIAN_POINT('Origin',(-16.,2.499999998777,4.5));
#13062=CARTESIAN_POINT('',(-17.4999999995349,1.99999999963107,4.50000001350251));
#13063=CARTESIAN_POINT('Origin',(-16.,2.,4.5));
#13064=CARTESIAN_POINT('',(-18.49999999838,2.999999998381,4.500000032006));
#13065=CARTESIAN_POINT('Origin',(-18.,2.5,0.));
#13066=CARTESIAN_POINT('',(-17.49999999999,1.999999999994,-4.50000000072));
#13067=CARTESIAN_POINT('',(-17.49999999927,1.999999999272,4.500000014403));
#13068=CARTESIAN_POINT('',(-18.49999999999,2.999999999987,-4.500000001601));
#13069=CARTESIAN_POINT('Origin',(-16.,2.499999998777,-4.5));
#13070=CARTESIAN_POINT('',(-16.0000000135044,1.999999999631,-5.99999999953564));
#13071=CARTESIAN_POINT('Origin',(-16.,2.,-4.5));
#13072=CARTESIAN_POINT('',(-16.00000003201,2.999999998381,-6.999999998381));
#13073=CARTESIAN_POINT('Origin',(-10.,2.5,-6.5));
#13074=CARTESIAN_POINT('',(-16.0000000144,1.999999999272,-5.999999999272));
#13075=CARTESIAN_POINT('Origin',(-16.,0.,-6.));
#13076=CARTESIAN_POINT('',(-16.,0.,-6.));
#13077=CARTESIAN_POINT('',(-4.,0.,-6.));
#13078=CARTESIAN_POINT('Origin',(-4.,0.,-7.5));
#13079=CARTESIAN_POINT('',(-2.5,0.,-7.5));
#13080=CARTESIAN_POINT('Origin',(-2.5,0.,-7.5));
#13081=CARTESIAN_POINT('',(-2.5,0.,-8.));
#13082=CARTESIAN_POINT('Origin',(-1.,0.,-8.));
#13083=CARTESIAN_POINT('',(-1.,0.,-9.5));
#13084=CARTESIAN_POINT('Origin',(-1.,0.,-9.5));
#13085=CARTESIAN_POINT('',(1.,0.,-9.5));
#13086=CARTESIAN_POINT('Origin',(1.,0.,-8.));
#13087=CARTESIAN_POINT('',(2.5,0.,-8.));
#13088=CARTESIAN_POINT('Origin',(2.5,0.,-8.));
#13089=CARTESIAN_POINT('',(2.5,0.,-7.5));
#13090=CARTESIAN_POINT('Origin',(4.,0.,-7.5));
#13091=CARTESIAN_POINT('',(4.,0.,-6.));
#13092=CARTESIAN_POINT('Origin',(4.,0.,-6.));
#13093=CARTESIAN_POINT('',(16.,0.,-6.));
#13094=CARTESIAN_POINT('Origin',(16.,0.,-4.5));
#13095=CARTESIAN_POINT('',(17.5,0.,-4.5));
#13096=CARTESIAN_POINT('Origin',(17.5,0.,-4.5));
#13097=CARTESIAN_POINT('',(17.5,0.,4.5));
#13098=CARTESIAN_POINT('Origin',(16.,0.,4.5));
#13099=CARTESIAN_POINT('',(16.,0.,6.));
#13100=CARTESIAN_POINT('Origin',(16.,0.,6.));
#13101=CARTESIAN_POINT('',(4.,0.,6.));
#13102=CARTESIAN_POINT('Origin',(4.,0.,7.5));
#13103=CARTESIAN_POINT('',(2.5,0.,7.5));
#13104=CARTESIAN_POINT('Origin',(2.5,0.,7.5));
#13105=CARTESIAN_POINT('',(2.5,0.,8.));
#13106=CARTESIAN_POINT('Origin',(1.,0.,8.));
#13107=CARTESIAN_POINT('',(1.,0.,9.5));
#13108=CARTESIAN_POINT('Origin',(1.,0.,9.5));
#13109=CARTESIAN_POINT('',(-1.,0.,9.5));
#13110=CARTESIAN_POINT('Origin',(-1.,0.,8.));
#13111=CARTESIAN_POINT('',(-2.5,0.,8.));
#13112=CARTESIAN_POINT('Origin',(-2.5,0.,8.));
#13113=CARTESIAN_POINT('',(-2.5,0.,7.5));
#13114=CARTESIAN_POINT('Origin',(-4.,0.,7.5));
#13115=CARTESIAN_POINT('',(-4.,0.,6.));
#13116=CARTESIAN_POINT('Origin',(-4.,0.,6.));
#13117=CARTESIAN_POINT('',(-16.,0.,6.));
#13118=CARTESIAN_POINT('Origin',(-16.,0.,4.5));
#13119=CARTESIAN_POINT('',(-17.5,0.,4.5));
#13120=CARTESIAN_POINT('Origin',(-17.5,0.,4.5));
#13121=CARTESIAN_POINT('',(-17.5,0.,-4.5));
#13122=CARTESIAN_POINT('Origin',(-16.,0.,-4.5));
#13123=CARTESIAN_POINT('',(0.,0.,0.));
#13124=CARTESIAN_POINT('Origin',(0.,0.,0.));
#13125=CARTESIAN_POINT('',(14.5,0.,74.));
#13126=CARTESIAN_POINT('',(17.5,0.,71.));
#13127=CARTESIAN_POINT('Origin',(14.5,0.,71.));
#13128=CARTESIAN_POINT('',(-14.5,0.,74.));
#13129=CARTESIAN_POINT('',(-14.5,0.,74.));
#13130=CARTESIAN_POINT('',(-17.5,0.,71.));
#13131=CARTESIAN_POINT('Origin',(-14.5,0.,71.));
#13132=CARTESIAN_POINT('',(-17.5,0.,-71.));
#13133=CARTESIAN_POINT('',(-17.5,0.,-71.));
#13134=CARTESIAN_POINT('',(-14.5,0.,-74.));
#13135=CARTESIAN_POINT('Origin',(-14.5,0.,-71.));
#13136=CARTESIAN_POINT('',(14.5,0.,-74.));
#13137=CARTESIAN_POINT('',(14.5,0.,-74.));
#13138=CARTESIAN_POINT('',(17.5,0.,-71.));
#13139=CARTESIAN_POINT('Origin',(14.5,0.,-71.));
#13140=CARTESIAN_POINT('',(17.5,0.,71.));
#13141=CARTESIAN_POINT('',(-15.5,0.,-70.5));
#13142=CARTESIAN_POINT('Origin',(-14.,0.,-70.5));
#13143=CARTESIAN_POINT('',(12.5,0.,-70.5));
#13144=CARTESIAN_POINT('Origin',(14.,0.,-70.5));
#13145=CARTESIAN_POINT('',(-15.5,0.,70.5));
#13146=CARTESIAN_POINT('Origin',(-14.,0.,70.5));
#13147=CARTESIAN_POINT('',(12.5,0.,70.5));
#13148=CARTESIAN_POINT('Origin',(14.,0.,70.5));
#13149=CARTESIAN_POINT('',(-15.5,0.,-27.5));
#13150=CARTESIAN_POINT('Origin',(-14.,0.,-27.5));
#13151=CARTESIAN_POINT('',(12.5,0.,-27.5));
#13152=CARTESIAN_POINT('Origin',(14.,0.,-27.5));
#13153=CARTESIAN_POINT('',(12.5,0.,27.5));
#13154=CARTESIAN_POINT('Origin',(14.,0.,27.5));
#13155=CARTESIAN_POINT('',(-15.5,0.,27.5));
#13156=CARTESIAN_POINT('Origin',(-14.,0.,27.5));
#13157=CARTESIAN_POINT('',(-11.4,0.,-49.));
#13158=CARTESIAN_POINT('Origin',(-10.3,0.,-49.));
#13159=CARTESIAN_POINT('',(9.2,0.,-49.));
#13160=CARTESIAN_POINT('Origin',(10.3,0.,-49.));
#13161=CARTESIAN_POINT('',(-9.,0.,53.5));
#13162=CARTESIAN_POINT('',(-9.,0.,44.5));
#13163=CARTESIAN_POINT('',(-9.,0.,53.5));
#13164=CARTESIAN_POINT('',(-6.43933982822,0.,54.56066017178));
#13165=CARTESIAN_POINT('Origin',(-7.5,0.,53.5));
#13166=CARTESIAN_POINT('',(-1.93933982822,0.,50.06066017178));
#13167=CARTESIAN_POINT('',(-1.93933982822,0.,50.06066017178));
#13168=CARTESIAN_POINT('',(-1.93933982822,0.,47.93933982822));
#13169=CARTESIAN_POINT('Origin',(-3.,0.,49.));
#13170=CARTESIAN_POINT('',(-6.43933982822,0.,43.43933982822));
#13171=CARTESIAN_POINT('',(-6.43933982822,0.,43.43933982822));
#13172=CARTESIAN_POINT('Origin',(-7.5,0.,44.5));
#13173=CARTESIAN_POINT('',(-4.5,0.,61.5));
#13174=CARTESIAN_POINT('',(-5.56066017178,0.,58.93933982822));
#13175=CARTESIAN_POINT('Origin',(-4.5,0.,60.));
#13176=CARTESIAN_POINT('',(4.5,0.,61.5));
#13177=CARTESIAN_POINT('',(4.5,0.,61.5));
#13178=CARTESIAN_POINT('',(5.56066017178,0.,58.93933982822));
#13179=CARTESIAN_POINT('Origin',(4.5,0.,60.));
#13180=CARTESIAN_POINT('',(1.06066017178,0.,54.43933982822));
#13181=CARTESIAN_POINT('',(1.06066017178,0.,54.43933982822));
#13182=CARTESIAN_POINT('',(-1.06066017178,0.,54.43933982822));
#13183=CARTESIAN_POINT('Origin',(0.,0.,55.5));
#13184=CARTESIAN_POINT('',(-5.56066017178,0.,58.93933982822));
#13185=CARTESIAN_POINT('',(9.,0.,53.5));
#13186=CARTESIAN_POINT('',(6.43933982822,0.,54.56066017178));
#13187=CARTESIAN_POINT('Origin',(7.5,0.,53.5));
#13188=CARTESIAN_POINT('',(9.,0.,44.5));
#13189=CARTESIAN_POINT('',(9.,0.,44.5));
#13190=CARTESIAN_POINT('',(6.43933982822,0.,43.43933982822));
#13191=CARTESIAN_POINT('Origin',(7.5,0.,44.5));
#13192=CARTESIAN_POINT('',(1.93933982822,0.,47.93933982822));
#13193=CARTESIAN_POINT('',(1.93933982822,0.,47.93933982822));
#13194=CARTESIAN_POINT('',(1.93933982822,0.,50.06066017178));
#13195=CARTESIAN_POINT('Origin',(3.,0.,49.));
#13196=CARTESIAN_POINT('',(6.43933982822,0.,54.56066017178));
#13197=CARTESIAN_POINT('',(-4.5,0.,36.5));
#13198=CARTESIAN_POINT('',(4.5,0.,36.5));
#13199=CARTESIAN_POINT('',(-4.5,0.,36.5));
#13200=CARTESIAN_POINT('',(-5.56066017178,0.,39.06066017178));
#13201=CARTESIAN_POINT('Origin',(-4.5,0.,38.));
#13202=CARTESIAN_POINT('',(-1.06066017178,0.,43.56066017178));
#13203=CARTESIAN_POINT('',(-1.06066017178,0.,43.56066017178));
#13204=CARTESIAN_POINT('',(1.06066017178,0.,43.56066017178));
#13205=CARTESIAN_POINT('Origin',(0.,0.,42.5));
#13206=CARTESIAN_POINT('',(5.56066017178,0.,39.06066017178));
#13207=CARTESIAN_POINT('',(5.56066017178,0.,39.06066017178));
#13208=CARTESIAN_POINT('Origin',(4.5,0.,38.));
#13209=CARTESIAN_POINT('',(-11.3000000006235,6.25067214392978E-10,-10.0000000219928));
#13210=CARTESIAN_POINT('',(-15.1999999999955,6.95158558669034E-12,-9.99999999624645));
#13211=CARTESIAN_POINT('Origin',(-13.25,0.,-10.));
#13212=CARTESIAN_POINT('',(-15.1999999992371,7.64497085937909E-10,10.00000002336));
#13213=CARTESIAN_POINT('',(-15.19999999999,1.372196800631E-11,-9.999999994666));
#13214=CARTESIAN_POINT('',(-11.3000000000045,6.95120523250779E-12,9.99999999624645));
#13215=CARTESIAN_POINT('Origin',(-13.25,0.,10.));
#13216=CARTESIAN_POINT('',(-11.30000000001,1.372122785763E-11,9.999999994666));
#13217=CARTESIAN_POINT('',(15.1999999993765,6.25066770313261E-10,-10.0000000219928));
#13218=CARTESIAN_POINT('',(11.3000000000045,6.95155885909699E-12,-9.99999999624645));
#13219=CARTESIAN_POINT('Origin',(13.25,0.,-10.));
#13220=CARTESIAN_POINT('',(11.3000000007629,7.64496453144196E-10,10.00000002336));
#13221=CARTESIAN_POINT('',(11.30000000001,1.372181997657E-11,-9.999999994666));
#13222=CARTESIAN_POINT('',(15.1999999999955,6.95149718004007E-12,9.99999999624645));
#13223=CARTESIAN_POINT('Origin',(13.25,0.,10.));
#13224=CARTESIAN_POINT('',(15.19999999999,1.372181997657E-11,9.999999994666));
#13225=CARTESIAN_POINT('',(8.05,0.,-52.25));
#13226=CARTESIAN_POINT('',(8.05,0.,-45.75));
#13227=CARTESIAN_POINT('',(8.05,0.,-52.25));
#13228=CARTESIAN_POINT('',(7.05,0.,-53.25));
#13229=CARTESIAN_POINT('Origin',(7.05,0.,-52.25));
#13230=CARTESIAN_POINT('',(-7.05,0.,-53.25));
#13231=CARTESIAN_POINT('',(-7.05,0.,-53.25));
#13232=CARTESIAN_POINT('',(-8.05,0.,-52.25));
#13233=CARTESIAN_POINT('Origin',(-7.05,0.,-52.25));
#13234=CARTESIAN_POINT('',(-8.05,0.,-45.75));
#13235=CARTESIAN_POINT('',(-8.05,0.,-45.75));
#13236=CARTESIAN_POINT('',(-7.05,0.,-44.75));
#13237=CARTESIAN_POINT('Origin',(-7.05,0.,-45.75));
#13238=CARTESIAN_POINT('',(7.05,0.,-44.75));
#13239=CARTESIAN_POINT('',(7.05,0.,-44.75));
#13240=CARTESIAN_POINT('Origin',(7.05,0.,-45.75));
#13241=CARTESIAN_POINT('Origin',(14.5,0.,71.));
#13242=CARTESIAN_POINT('',(17.5,2.,71.));
#13243=CARTESIAN_POINT('',(17.5,0.,71.));
#13244=CARTESIAN_POINT('',(14.5,2.,74.));
#13245=CARTESIAN_POINT('Origin',(14.5,2.,71.));
#13246=CARTESIAN_POINT('',(14.5,0.,74.));
#13247=CARTESIAN_POINT('Origin',(-14.5,0.,74.));
#13248=CARTESIAN_POINT('',(-14.5,2.,74.));
#13249=CARTESIAN_POINT('',(-14.5,2.,74.));
#13250=CARTESIAN_POINT('',(-14.5,0.,74.));
#13251=CARTESIAN_POINT('Origin',(-14.5,0.,71.));
#13252=CARTESIAN_POINT('',(-17.5,2.,71.));
#13253=CARTESIAN_POINT('Origin',(-14.5,2.,71.));
#13254=CARTESIAN_POINT('',(-17.5,0.,71.));
#13255=CARTESIAN_POINT('Origin',(-17.5,0.,-71.));
#13256=CARTESIAN_POINT('',(-17.5,2.,-71.));
#13257=CARTESIAN_POINT('',(-17.5,2.,-71.));
#13258=CARTESIAN_POINT('',(-17.5,0.,-71.));
#13259=CARTESIAN_POINT('Origin',(-14.5,0.,-71.));
#13260=CARTESIAN_POINT('',(-14.5,2.,-74.));
#13261=CARTESIAN_POINT('Origin',(-14.5,2.,-71.));
#13262=CARTESIAN_POINT('',(-14.5,0.,-74.));
#13263=CARTESIAN_POINT('Origin',(14.5,0.,-74.));
#13264=CARTESIAN_POINT('',(14.5,2.,-74.));
#13265=CARTESIAN_POINT('',(14.5,2.,-74.));
#13266=CARTESIAN_POINT('',(14.5,0.,-74.));
#13267=CARTESIAN_POINT('Origin',(14.5,0.,-71.));
#13268=CARTESIAN_POINT('',(17.5,2.,-71.));
#13269=CARTESIAN_POINT('Origin',(14.5,2.,-71.));
#13270=CARTESIAN_POINT('',(17.5,0.,-71.));
#13271=CARTESIAN_POINT('Origin',(17.5,0.,71.));
#13272=CARTESIAN_POINT('',(17.5,2.,71.));
#13273=CARTESIAN_POINT('Origin',(0.,2.,0.));
#13274=CARTESIAN_POINT('',(-15.5,2.,-70.5));
#13275=CARTESIAN_POINT('Origin',(-14.,2.,-70.5));
#13276=CARTESIAN_POINT('',(12.5,2.,-70.5));
#13277=CARTESIAN_POINT('Origin',(14.,2.,-70.5));
#13278=CARTESIAN_POINT('',(-15.5,2.,70.5));
#13279=CARTESIAN_POINT('Origin',(-14.,2.,70.5));
#13280=CARTESIAN_POINT('',(12.5,2.,70.5));
#13281=CARTESIAN_POINT('Origin',(14.,2.,70.5));
#13282=CARTESIAN_POINT('',(-15.5,2.,-27.5));
#13283=CARTESIAN_POINT('Origin',(-14.,2.,-27.5));
#13284=CARTESIAN_POINT('',(12.5,2.,-27.5));
#13285=CARTESIAN_POINT('Origin',(14.,2.,-27.5));
#13286=CARTESIAN_POINT('',(12.5,2.,27.5));
#13287=CARTESIAN_POINT('Origin',(14.,2.,27.5));
#13288=CARTESIAN_POINT('',(-15.5,2.,27.5));
#13289=CARTESIAN_POINT('Origin',(-14.,2.,27.5));
#13290=CARTESIAN_POINT('',(-11.4,2.,-49.));
#13291=CARTESIAN_POINT('Origin',(-10.3,2.,-49.));
#13292=CARTESIAN_POINT('',(9.2,2.,-49.));
#13293=CARTESIAN_POINT('Origin',(10.3,2.,-49.));
#13294=CARTESIAN_POINT('',(-9.,2.,53.5));
#13295=CARTESIAN_POINT('',(-9.,2.,44.5));
#13296=CARTESIAN_POINT('',(-9.,2.,53.5));
#13297=CARTESIAN_POINT('',(-6.43933982822,2.,43.43933982822));
#13298=CARTESIAN_POINT('Origin',(-7.5,2.,44.5));
#13299=CARTESIAN_POINT('',(-1.93933982822,2.,47.93933982822));
#13300=CARTESIAN_POINT('',(-6.43933982822,2.,43.43933982822));
#13301=CARTESIAN_POINT('',(-1.93933982822,2.,50.06066017178));
#13302=CARTESIAN_POINT('Origin',(-3.,2.,49.));
#13303=CARTESIAN_POINT('',(-6.43933982822,2.,54.56066017178));
#13304=CARTESIAN_POINT('',(-1.93933982822,2.,50.06066017178));
#13305=CARTESIAN_POINT('Origin',(-7.5,2.,53.5));
#13306=CARTESIAN_POINT('',(-4.5,2.,61.5));
#13307=CARTESIAN_POINT('',(-5.56066017178,2.,58.93933982822));
#13308=CARTESIAN_POINT('Origin',(-4.5,2.,60.));
#13309=CARTESIAN_POINT('',(-1.06066017178,2.,54.43933982822));
#13310=CARTESIAN_POINT('',(-5.56066017178,2.,58.93933982822));
#13311=CARTESIAN_POINT('',(1.06066017178,2.,54.43933982822));
#13312=CARTESIAN_POINT('Origin',(0.,2.,55.5));
#13313=CARTESIAN_POINT('',(5.56066017178,2.,58.93933982822));
#13314=CARTESIAN_POINT('',(1.06066017178,2.,54.43933982822));
#13315=CARTESIAN_POINT('',(4.5,2.,61.5));
#13316=CARTESIAN_POINT('Origin',(4.5,2.,60.));
#13317=CARTESIAN_POINT('',(4.5,2.,61.5));
#13318=CARTESIAN_POINT('',(9.,2.,53.5));
#13319=CARTESIAN_POINT('',(6.43933982822,2.,54.56066017178));
#13320=CARTESIAN_POINT('Origin',(7.5,2.,53.5));
#13321=CARTESIAN_POINT('',(1.93933982822,2.,50.06066017178));
#13322=CARTESIAN_POINT('',(6.43933982822,2.,54.56066017178));
#13323=CARTESIAN_POINT('',(1.93933982822,2.,47.93933982822));
#13324=CARTESIAN_POINT('Origin',(3.,2.,49.));
#13325=CARTESIAN_POINT('',(6.43933982822,2.,43.43933982822));
#13326=CARTESIAN_POINT('',(1.93933982822,2.,47.93933982822));
#13327=CARTESIAN_POINT('',(9.,2.,44.5));
#13328=CARTESIAN_POINT('Origin',(7.5,2.,44.5));
#13329=CARTESIAN_POINT('',(9.,2.,44.5));
#13330=CARTESIAN_POINT('',(-4.5,2.,36.5));
#13331=CARTESIAN_POINT('',(4.5,2.,36.5));
#13332=CARTESIAN_POINT('',(-4.5,2.,36.5));
#13333=CARTESIAN_POINT('',(5.56066017178,2.,39.06066017178));
#13334=CARTESIAN_POINT('Origin',(4.5,2.,38.));
#13335=CARTESIAN_POINT('',(1.06066017178,2.,43.56066017178));
#13336=CARTESIAN_POINT('',(5.56066017178,2.,39.06066017178));
#13337=CARTESIAN_POINT('',(-1.06066017178,2.,43.56066017178));
#13338=CARTESIAN_POINT('Origin',(0.,2.,42.5));
#13339=CARTESIAN_POINT('',(-5.56066017178,2.,39.06066017178));
#13340=CARTESIAN_POINT('',(-1.06066017178,2.,43.56066017178));
#13341=CARTESIAN_POINT('Origin',(-4.5,2.,38.));
#13342=CARTESIAN_POINT('',(-11.3000000000055,1.9999999999928,9.99999999624644));
#13343=CARTESIAN_POINT('',(-15.1999999993754,1.9999999993747,10.0000000219928));
#13344=CARTESIAN_POINT('Origin',(-13.25,2.,10.));
#13345=CARTESIAN_POINT('',(-15.19999999999,1.999999999986,-9.999999994666));
#13346=CARTESIAN_POINT('',(-15.19999999875,1.999999998749,10.00000002336));
#13347=CARTESIAN_POINT('',(-11.3000000006246,1.9999999993747,-10.0000000219928));
#13348=CARTESIAN_POINT('Origin',(-13.25,2.,-10.));
#13349=CARTESIAN_POINT('',(-11.30000000125,1.999999998749,-10.00000002336));
#13350=CARTESIAN_POINT('',(15.1999999999945,1.9999999999928,9.99999999624644));
#13351=CARTESIAN_POINT('',(11.3000000006246,1.9999999993747,10.0000000219928));
#13352=CARTESIAN_POINT('Origin',(13.25,2.,10.));
#13353=CARTESIAN_POINT('',(11.30000000001,1.999999999986,-9.999999994666));
#13354=CARTESIAN_POINT('',(11.30000000125,1.999999998749,10.00000002336));
#13355=CARTESIAN_POINT('',(15.1999999993754,1.9999999993747,-10.0000000219928));
#13356=CARTESIAN_POINT('Origin',(13.25,2.,-10.));
#13357=CARTESIAN_POINT('',(15.19999999875,1.999999998749,-10.00000002336));
#13358=CARTESIAN_POINT('',(7.05,2.,-44.75));
#13359=CARTESIAN_POINT('',(-7.05,2.,-44.75));
#13360=CARTESIAN_POINT('',(7.05,2.,-44.75));
#13361=CARTESIAN_POINT('',(-8.05,2.,-45.75));
#13362=CARTESIAN_POINT('Origin',(-7.05,2.,-45.75));
#13363=CARTESIAN_POINT('',(-8.05,2.,-52.25));
#13364=CARTESIAN_POINT('',(-8.05,2.,-45.75));
#13365=CARTESIAN_POINT('',(-7.05,2.,-53.25));
#13366=CARTESIAN_POINT('Origin',(-7.05,2.,-52.25));
#13367=CARTESIAN_POINT('',(7.05,2.,-53.25));
#13368=CARTESIAN_POINT('',(-7.05,2.,-53.25));
#13369=CARTESIAN_POINT('',(8.05,2.,-52.25));
#13370=CARTESIAN_POINT('Origin',(7.05,2.,-52.25));
#13371=CARTESIAN_POINT('',(8.05,2.,-45.75));
#13372=CARTESIAN_POINT('',(8.05,2.,-52.25));
#13373=CARTESIAN_POINT('Origin',(7.05,2.,-45.75));
#13374=CARTESIAN_POINT('Origin',(-14.,0.,-70.5));
#13375=CARTESIAN_POINT('',(-15.5,0.,-70.5));
#13376=CARTESIAN_POINT('Origin',(14.,0.,-70.5));
#13377=CARTESIAN_POINT('',(12.5,0.,-70.5));
#13378=CARTESIAN_POINT('Origin',(-14.,0.,70.5));
#13379=CARTESIAN_POINT('',(-15.5,0.,70.5));
#13380=CARTESIAN_POINT('Origin',(14.,0.,70.5));
#13381=CARTESIAN_POINT('',(12.5,0.,70.5));
#13382=CARTESIAN_POINT('Origin',(-14.,0.,-27.5));
#13383=CARTESIAN_POINT('',(-15.5,0.,-27.5));
#13384=CARTESIAN_POINT('Origin',(14.,0.,-27.5));
#13385=CARTESIAN_POINT('',(12.5,0.,-27.5));
#13386=CARTESIAN_POINT('Origin',(14.,0.,27.5));
#13387=CARTESIAN_POINT('',(12.5,0.,27.5));
#13388=CARTESIAN_POINT('Origin',(-14.,0.,27.5));
#13389=CARTESIAN_POINT('',(-15.5,0.,27.5));
#13390=CARTESIAN_POINT('Origin',(-10.3,0.,-49.));
#13391=CARTESIAN_POINT('',(-11.4,0.,-49.));
#13392=CARTESIAN_POINT('Origin',(10.3,0.,-49.));
#13393=CARTESIAN_POINT('',(9.2,0.,-49.));
#13394=CARTESIAN_POINT('Origin',(-9.,0.,53.5));
#13395=CARTESIAN_POINT('',(-9.,0.,44.5));
#13396=CARTESIAN_POINT('',(-9.,0.,53.5));
#13397=CARTESIAN_POINT('Origin',(-7.5,0.,53.5));
#13398=CARTESIAN_POINT('',(-6.43933982822,0.,54.56066017178));
#13399=CARTESIAN_POINT('Origin',(-1.93933982822,0.,50.06066017178));
#13400=CARTESIAN_POINT('',(-1.93933982822,0.,50.06066017178));
#13401=CARTESIAN_POINT('Origin',(-3.,0.,49.));
#13402=CARTESIAN_POINT('',(-1.93933982822,0.,47.93933982822));
#13403=CARTESIAN_POINT('Origin',(-6.43933982822,0.,43.43933982822));
#13404=CARTESIAN_POINT('',(-6.43933982822,0.,43.43933982822));
#13405=CARTESIAN_POINT('Origin',(-7.5,0.,44.5));
#13406=CARTESIAN_POINT('Origin',(-4.5,0.,60.));
#13407=CARTESIAN_POINT('',(-5.56066017178,0.,58.93933982822));
#13408=CARTESIAN_POINT('',(-4.5,0.,61.5));
#13409=CARTESIAN_POINT('Origin',(4.5,0.,61.5));
#13410=CARTESIAN_POINT('',(4.5,0.,61.5));
#13411=CARTESIAN_POINT('Origin',(4.5,0.,60.));
#13412=CARTESIAN_POINT('',(5.56066017178,0.,58.93933982822));
#13413=CARTESIAN_POINT('Origin',(1.06066017178,0.,54.43933982822));
#13414=CARTESIAN_POINT('',(1.06066017178,0.,54.43933982822));
#13415=CARTESIAN_POINT('Origin',(0.,0.,55.5));
#13416=CARTESIAN_POINT('',(-1.06066017178,0.,54.43933982822));
#13417=CARTESIAN_POINT('Origin',(-5.56066017178,0.,58.93933982822));
#13418=CARTESIAN_POINT('Origin',(7.5,0.,53.5));
#13419=CARTESIAN_POINT('',(6.43933982822,0.,54.56066017178));
#13420=CARTESIAN_POINT('',(9.,0.,53.5));
#13421=CARTESIAN_POINT('Origin',(9.,0.,44.5));
#13422=CARTESIAN_POINT('',(9.,0.,44.5));
#13423=CARTESIAN_POINT('Origin',(7.5,0.,44.5));
#13424=CARTESIAN_POINT('',(6.43933982822,0.,43.43933982822));
#13425=CARTESIAN_POINT('Origin',(1.93933982822,0.,47.93933982822));
#13426=CARTESIAN_POINT('',(1.93933982822,0.,47.93933982822));
#13427=CARTESIAN_POINT('Origin',(3.,0.,49.));
#13428=CARTESIAN_POINT('',(1.93933982822,0.,50.06066017178));
#13429=CARTESIAN_POINT('Origin',(6.43933982822,0.,54.56066017178));
#13430=CARTESIAN_POINT('Origin',(-4.5,0.,36.5));
#13431=CARTESIAN_POINT('',(4.5,0.,36.5));
#13432=CARTESIAN_POINT('',(-4.5,0.,36.5));
#13433=CARTESIAN_POINT('Origin',(-4.5,0.,38.));
#13434=CARTESIAN_POINT('',(-5.56066017178,0.,39.06066017178));
#13435=CARTESIAN_POINT('Origin',(-1.06066017178,0.,43.56066017178));
#13436=CARTESIAN_POINT('',(-1.06066017178,0.,43.56066017178));
#13437=CARTESIAN_POINT('Origin',(0.,0.,42.5));
#13438=CARTESIAN_POINT('',(1.06066017178,0.,43.56066017178));
#13439=CARTESIAN_POINT('Origin',(5.56066017178,0.,39.06066017178));
#13440=CARTESIAN_POINT('',(5.56066017178,0.,39.06066017178));
#13441=CARTESIAN_POINT('Origin',(4.5,0.,38.));
#13442=CARTESIAN_POINT('Origin',(-13.25,1.649999998978,10.));
#13443=CARTESIAN_POINT('',(-12.00000000001,1.299999999993,9.999999997435));
#13444=CARTESIAN_POINT('',(-11.30000000001,1.999999999986,9.999999994666));
#13445=CARTESIAN_POINT('',(-14.4999999994,1.299999999399,10.00000001123));
#13446=CARTESIAN_POINT('Origin',(-13.25,1.3,10.));
#13447=CARTESIAN_POINT('',(-15.19999999875,1.999999998749,10.00000002336));
#13448=CARTESIAN_POINT('Origin',(-14.85,1.65,0.));
#13449=CARTESIAN_POINT('',(-14.49999999999,1.299999999993,-9.999999997435));
#13450=CARTESIAN_POINT('',(-14.4999999994,1.299999999399,10.00000001123));
#13451=CARTESIAN_POINT('',(-15.19999999999,1.999999999986,-9.999999994666));
#13452=CARTESIAN_POINT('Origin',(-13.25,1.649999998978,-10.));
#13453=CARTESIAN_POINT('',(-12.0000000006,1.299999999399,-10.00000001123));
#13454=CARTESIAN_POINT('Origin',(-13.25,1.3,-10.));
#13455=CARTESIAN_POINT('',(-11.30000000125,1.999999998749,-10.00000002336));
#13456=CARTESIAN_POINT('Origin',(-11.65,1.65,0.));
#13457=CARTESIAN_POINT('',(-12.0000000006,1.299999999399,-10.00000001123));
#13458=CARTESIAN_POINT('Origin',(-12.,0.,-10.));
#13459=CARTESIAN_POINT('',(-12.0000000000054,0.700000000003476,9.99999999807656));
#13460=CARTESIAN_POINT('',(-12.000000000384,0.70000000030511,-10.0000000105287));
#13461=CARTESIAN_POINT('',(-12.00000000001,0.7000000000066,9.999999997435));
#13462=CARTESIAN_POINT('',(-12.00000000001,0.7000000000066,9.999999997435));
#13463=CARTESIAN_POINT('',(-12.0000000006,0.7000000006014,-10.00000001123));
#13464=CARTESIAN_POINT('Origin',(-11.65,0.35,0.));
#13465=CARTESIAN_POINT('',(-11.30000000001,1.372122785763E-11,9.999999994666));
#13466=CARTESIAN_POINT('',(-11.30000000125,1.250994474677E-9,-10.00000002336));
#13467=CARTESIAN_POINT('Origin',(-13.25,0.3500000010222,-10.));
#13468=CARTESIAN_POINT('',(-14.4999999999946,0.700000000003476,-9.99999999807656));
#13469=CARTESIAN_POINT('Origin',(-13.25,0.7,-10.));
#13470=CARTESIAN_POINT('',(-15.19999999999,1.372196800631E-11,-9.999999994666));
#13471=CARTESIAN_POINT('Origin',(-14.85,0.35,0.));
#13472=CARTESIAN_POINT('',(-14.4999999994,0.7000000006014,10.00000001123));
#13473=CARTESIAN_POINT('',(-14.49999999999,0.7000000000066,-9.999999997435));
#13474=CARTESIAN_POINT('',(-15.19999999875,1.250994770737E-9,10.00000002336));
#13475=CARTESIAN_POINT('Origin',(-13.25,0.3500000010222,10.));
#13476=CARTESIAN_POINT('Origin',(-13.25,0.7,10.));
#13477=CARTESIAN_POINT('Origin',(-13.25,0.,10.));
#13478=CARTESIAN_POINT('',(-14.4999999994,0.7000000006014,10.00000001123));
#13479=CARTESIAN_POINT('Origin',(-14.5,0.,10.));
#13480=CARTESIAN_POINT('',(-14.49999999999,0.7000000000066,-9.999999997435));
#13481=CARTESIAN_POINT('Origin',(-13.25,0.,-10.));
#13482=CARTESIAN_POINT('Origin',(13.25,1.649999998978,10.));
#13483=CARTESIAN_POINT('',(14.49999999999,1.299999999993,9.999999997435));
#13484=CARTESIAN_POINT('',(15.19999999999,1.999999999986,9.999999994666));
#13485=CARTESIAN_POINT('',(12.0000000006,1.299999999399,10.00000001123));
#13486=CARTESIAN_POINT('Origin',(13.25,1.3,10.));
#13487=CARTESIAN_POINT('',(11.30000000125,1.999999998749,10.00000002336));
#13488=CARTESIAN_POINT('Origin',(11.65,1.65,0.));
#13489=CARTESIAN_POINT('',(12.00000000001,1.299999999993,-9.999999997435));
#13490=CARTESIAN_POINT('',(12.0000000006,1.299999999399,10.00000001123));
#13491=CARTESIAN_POINT('',(11.30000000001,1.999999999986,-9.999999994666));
#13492=CARTESIAN_POINT('Origin',(13.25,1.649999998978,-10.));
#13493=CARTESIAN_POINT('',(14.4999999994,1.299999999399,-10.00000001123));
#13494=CARTESIAN_POINT('Origin',(13.25,1.3,-10.));
#13495=CARTESIAN_POINT('',(15.19999999875,1.999999998749,-10.00000002336));
#13496=CARTESIAN_POINT('Origin',(14.85,1.65,0.));
#13497=CARTESIAN_POINT('',(14.4999999994,1.299999999399,-10.00000001123));
#13498=CARTESIAN_POINT('Origin',(14.5,0.,-10.));
#13499=CARTESIAN_POINT('',(14.4999999999946,0.700000000003476,9.99999999807656));
#13500=CARTESIAN_POINT('',(14.499999999616,0.700000000305109,-10.0000000105287));
#13501=CARTESIAN_POINT('',(14.49999999999,0.7000000000066,9.999999997435));
#13502=CARTESIAN_POINT('',(14.49999999999,0.7000000000066,9.999999997435));
#13503=CARTESIAN_POINT('',(14.4999999994,0.7000000006014,-10.00000001123));
#13504=CARTESIAN_POINT('Origin',(14.85,0.35,0.));
#13505=CARTESIAN_POINT('',(15.19999999999,1.372181997657E-11,9.999999994666));
#13506=CARTESIAN_POINT('',(15.19999999875,1.250994474677E-9,-10.00000002336));
#13507=CARTESIAN_POINT('Origin',(13.25,0.3500000010222,-10.));
#13508=CARTESIAN_POINT('',(12.0000000000054,0.700000000003476,-9.99999999807656));
#13509=CARTESIAN_POINT('Origin',(13.25,0.7,-10.));
#13510=CARTESIAN_POINT('',(11.30000000001,1.372181997657E-11,-9.999999994666));
#13511=CARTESIAN_POINT('Origin',(11.65,0.35,0.));
#13512=CARTESIAN_POINT('',(12.0000000006,0.7000000006014,10.00000001123));
#13513=CARTESIAN_POINT('',(12.00000000001,0.7000000000066,-9.999999997435));
#13514=CARTESIAN_POINT('',(11.30000000125,1.250994400663E-9,10.00000002336));
#13515=CARTESIAN_POINT('Origin',(13.25,0.3500000010222,10.));
#13516=CARTESIAN_POINT('Origin',(13.25,0.7,10.));
#13517=CARTESIAN_POINT('Origin',(13.25,0.,10.));
#13518=CARTESIAN_POINT('',(12.0000000006,0.7000000006014,10.00000001123));
#13519=CARTESIAN_POINT('Origin',(12.,0.,10.));
#13520=CARTESIAN_POINT('',(12.00000000001,0.7000000000066,-9.999999997435));
#13521=CARTESIAN_POINT('Origin',(13.25,0.,-10.));
#13522=CARTESIAN_POINT('Origin',(8.05,0.,-44.75));
#13523=CARTESIAN_POINT('',(7.05,0.,-44.75));
#13524=CARTESIAN_POINT('',(-7.05,0.,-44.75));
#13525=CARTESIAN_POINT('Origin',(7.05,-2.607200001304,-45.75));
#13526=CARTESIAN_POINT('',(8.05,0.,-45.75));
#13527=CARTESIAN_POINT('Origin',(8.05,0.,-53.25));
#13528=CARTESIAN_POINT('',(8.05,0.,-52.25));
#13529=CARTESIAN_POINT('Origin',(7.05,-2.607200001304,-52.25));
#13530=CARTESIAN_POINT('',(7.05,0.,-53.25));
#13531=CARTESIAN_POINT('Origin',(-8.05,0.,-53.25));
#13532=CARTESIAN_POINT('',(-7.05,0.,-53.25));
#13533=CARTESIAN_POINT('Origin',(-7.05,-2.607200001304,-52.25));
#13534=CARTESIAN_POINT('',(-8.05,0.,-52.25));
#13535=CARTESIAN_POINT('Origin',(-8.05,0.,-44.75));
#13536=CARTESIAN_POINT('',(-8.05,0.,-45.75));
#13537=CARTESIAN_POINT('Origin',(-7.05,-2.607200001304,-45.75));
#13538=CARTESIAN_POINT('',(0.,0.,0.));
#13539=CARTESIAN_POINT('Origin',(0.,0.,0.));
#13540=CARTESIAN_POINT('',(6.197630920103,0.,56.37862036823));
#13541=CARTESIAN_POINT('',(6.151371798225,0.,57.325));
#13542=CARTESIAN_POINT('Origin',(-2.895461648222E-13,0.,56.55));
#13543=CARTESIAN_POINT('',(3.67097994827011,-1.35113223555556E-9,77.0124999561075));
#13544=CARTESIAN_POINT('',(6.151371798224,-2.449707103835E-13,57.325));
#13545=CARTESIAN_POINT('',(-3.67097995027295,-7.37169762970711E-10,77.0124999451252));
#13546=CARTESIAN_POINT('Origin',(0.,0.,76.55));
#13547=CARTESIAN_POINT('',(-6.151371798226,-5.341838082984E-13,57.32499999999));
#13548=CARTESIAN_POINT('',(-3.670979949726,-1.474352010848E-9,77.01249994357));
#13549=CARTESIAN_POINT('',(-6.197630920103,0.,56.37862036823));
#13550=CARTESIAN_POINT('Origin',(2.895461648222E-13,0.,56.55));
#13551=CARTESIAN_POINT('',(-5.209858431268,2.206744231792E-10,20.6576349929));
#13552=CARTESIAN_POINT('',(-6.197630920102,-5.391428044751E-13,56.37862036822));
#13553=CARTESIAN_POINT('',(-8.52552560289728,2.34339163283005E-15,7.27411539112664));
#13554=CARTESIAN_POINT('Origin',(-31.,0.,19.94447452471));
#13555=CARTESIAN_POINT('',(-8.94999999987953,-1.20638462000749E-10,5.65685424319984));
#13556=CARTESIAN_POINT('Origin',(-5.656854249492,0.,5.656854249492));
#13557=CARTESIAN_POINT('',(-8.949999999628,-3.723547396343E-10,-5.656854244995));
#13558=CARTESIAN_POINT('',(-8.949999999756,-2.442490654175E-10,5.656854241651));
#13559=CARTESIAN_POINT('',(-8.18172913227124,-1.34046836884377E-10,-7.77104812885098));
#13560=CARTESIAN_POINT('Origin',(-5.656854249492,0.,-5.656854249492));
#13561=CARTESIAN_POINT('',(-3.22016557126593,-6.12565652523327E-10,-13.6963927177776));
#13562=CARTESIAN_POINT('',(-8.181729131142,-2.713450390305E-10,-7.771048129986));
#13563=CARTESIAN_POINT('',(3.22016557428952,-3.06195486239097E-10,-13.696392714642));
#13564=CARTESIAN_POINT('Origin',(0.,0.,-11.));
#13565=CARTESIAN_POINT('',(8.181729133362,-3.723543325525E-10,-7.771048127177));
#13566=CARTESIAN_POINT('',(3.220165575037,-6.130896531194E-10,-13.69639271327));
#13567=CARTESIAN_POINT('',(8.9499999998662,-1.3402693338598E-10,-5.65685424301206));
#13568=CARTESIAN_POINT('Origin',(5.656854249492,0.,-5.656854249492));
#13569=CARTESIAN_POINT('',(8.949999999651,-3.485469690645E-10,5.656854244369));
#13570=CARTESIAN_POINT('',(8.949999999729,-2.713441323484E-10,-5.656854241417));
#13571=CARTESIAN_POINT('',(8.52552559374615,5.35252202168937E-14,7.27411540735868));
#13572=CARTESIAN_POINT('Origin',(5.656854249492,0.,5.656854249492));
#13573=CARTESIAN_POINT('',(5.20985843166816,2.05632193465477E-10,20.6576350078937));
#13574=CARTESIAN_POINT('Origin',(31.,0.,19.94447452471));
#13575=CARTESIAN_POINT('',(5.209858431913,4.113515639226E-10,20.6576350093));
#13576=CARTESIAN_POINT('',(-2.75545529808154E-16,0.,-13.25));
#13577=CARTESIAN_POINT('Origin',(0.,0.,-11.));
#13578=CARTESIAN_POINT('',(5.656854249492,0.,4.156854249492));
#13579=CARTESIAN_POINT('Origin',(5.656854249492,0.,5.656854249492));
#13580=CARTESIAN_POINT('',(5.656854249492,0.,-7.156854249492));
#13581=CARTESIAN_POINT('Origin',(5.656854249492,0.,-5.656854249492));
#13582=CARTESIAN_POINT('',(-5.656854249492,0.,4.156854249492));
#13583=CARTESIAN_POINT('Origin',(-5.656854249492,0.,5.656854249492));
#13584=CARTESIAN_POINT('',(-5.656854249492,0.,-7.156854249492));
#13585=CARTESIAN_POINT('Origin',(-5.656854249492,0.,-5.656854249492));
#13586=CARTESIAN_POINT('',(-1.83697019872103E-16,0.,75.05));
#13587=CARTESIAN_POINT('Origin',(0.,0.,76.55));
#13588=CARTESIAN_POINT('',(-1.83697019872103E-16,0.,55.05));
#13589=CARTESIAN_POINT('Origin',(0.,0.,56.55));
#13590=CARTESIAN_POINT('',(-4.89858719658941E-16,0.,-4.));
#13591=CARTESIAN_POINT('Origin',(0.,0.,0.));
#13592=CARTESIAN_POINT('Origin',(0.,0.,0.));
#13593=CARTESIAN_POINT('',(-4.89858719658941E-16,6.,-4.));
#13594=CARTESIAN_POINT('',(-4.89858719658941E-16,0.,-4.));
#13595=CARTESIAN_POINT('Origin',(0.,6.,0.));
#13596=CARTESIAN_POINT('Origin',(0.,6.,0.));
#13597=CARTESIAN_POINT('',(5.20985843166823,5.99999999979433,20.6576350078937));
#13598=CARTESIAN_POINT('',(8.5255255937462,6.00000000000002,7.27411540735871));
#13599=CARTESIAN_POINT('Origin',(31.,6.,19.94447452471));
#13600=CARTESIAN_POINT('',(8.94999999983196,6.00000000016804,5.65685424588763));
#13601=CARTESIAN_POINT('Origin',(5.656854249492,6.,5.656854249492));
#13602=CARTESIAN_POINT('',(8.949999999729,6.000000000271,-5.656854241417));
#13603=CARTESIAN_POINT('',(8.949999999651,6.000000000349,5.65685424437));
#13604=CARTESIAN_POINT('',(8.18172913480355,6.00000000016534,-7.77104812577738));
#13605=CARTESIAN_POINT('Origin',(5.656854249492,6.,-5.656854249492));
#13606=CARTESIAN_POINT('',(3.220165575037,6.000000000613,-13.69639271327));
#13607=CARTESIAN_POINT('',(8.181729133362,6.000000000372,-7.771048127177));
#13608=CARTESIAN_POINT('',(-3.22016557023946,6.00000000045872,-13.696392719242));
#13609=CARTESIAN_POINT('Origin',(0.,6.,-11.));
#13610=CARTESIAN_POINT('',(-8.181729131142,6.000000000271,-7.771048129986));
#13611=CARTESIAN_POINT('',(-3.22016557103,6.000000000919,-13.69639271758));
#13612=CARTESIAN_POINT('',(-8.94999999983467,6.00000000016533,-5.65685424699367));
#13613=CARTESIAN_POINT('Origin',(-5.656854249492,6.,-5.656854249492));
#13614=CARTESIAN_POINT('',(-8.949999999756,6.000000000244,5.656854241651));
#13615=CARTESIAN_POINT('',(-8.949999999628,6.000000000372,-5.656854244995));
#13616=CARTESIAN_POINT('',(-8.52552560289725,5.99999999999997,7.27411539112663));
#13617=CARTESIAN_POINT('Origin',(-5.656854249492,6.,5.656854249492));
#13618=CARTESIAN_POINT('',(-5.20985843111102,5.99999999988946,20.6576349912118));
#13619=CARTESIAN_POINT('Origin',(-31.,6.,19.94447452471));
#13620=CARTESIAN_POINT('',(-6.197630920102,6.000000000001,56.37862036822));
#13621=CARTESIAN_POINT('',(-5.209858431268,5.999999999779,20.6576349929));
#13622=CARTESIAN_POINT('',(-6.151371798225,6.,57.325));
#13623=CARTESIAN_POINT('Origin',(5.329070518201E-14,6.,56.55));
#13624=CARTESIAN_POINT('',(-3.67097995029454,6.00000000090105,77.0124999436416));
#13625=CARTESIAN_POINT('',(-6.151371798226,6.000000000001,57.32499999999));
#13626=CARTESIAN_POINT('',(3.67097994829911,6.00000000110532,77.0124999578443));
#13627=CARTESIAN_POINT('Origin',(0.,6.,76.55));
#13628=CARTESIAN_POINT('',(6.151371798224,6.,57.325));
#13629=CARTESIAN_POINT('',(3.670979947417,6.000000002211,77.012499956));
#13630=CARTESIAN_POINT('',(6.197630920103,6.,56.37862036823));
#13631=CARTESIAN_POINT('Origin',(-5.329070518201E-14,6.,56.55));
#13632=CARTESIAN_POINT('',(6.197630920103,6.,56.37862036823));
#13633=CARTESIAN_POINT('',(-2.75545529808154E-16,6.,-13.25));
#13634=CARTESIAN_POINT('Origin',(0.,6.,-11.));
#13635=CARTESIAN_POINT('',(5.656854249492,6.,4.156854249492));
#13636=CARTESIAN_POINT('Origin',(5.656854249492,6.,5.656854249492));
#13637=CARTESIAN_POINT('',(5.656854249492,6.,-7.156854249492));
#13638=CARTESIAN_POINT('Origin',(5.656854249492,6.,-5.656854249492));
#13639=CARTESIAN_POINT('',(-5.656854249492,6.,4.156854249492));
#13640=CARTESIAN_POINT('Origin',(-5.656854249492,6.,5.656854249492));
#13641=CARTESIAN_POINT('',(-5.656854249492,6.,-7.156854249492));
#13642=CARTESIAN_POINT('Origin',(-5.656854249492,6.,-5.656854249492));
#13643=CARTESIAN_POINT('',(-1.83697019872103E-16,6.,75.05));
#13644=CARTESIAN_POINT('Origin',(0.,6.,76.55));
#13645=CARTESIAN_POINT('',(-1.83697019872103E-16,6.,55.05));
#13646=CARTESIAN_POINT('Origin',(0.,6.,56.55));
#13647=CARTESIAN_POINT('Origin',(0.,0.,-11.));
#13648=CARTESIAN_POINT('',(-2.75545529808154E-16,0.,-13.25));
#13649=CARTESIAN_POINT('Origin',(5.656854249492,0.,5.656854249492));
#13650=CARTESIAN_POINT('',(5.656854249492,0.,4.156854249492));
#13651=CARTESIAN_POINT('Origin',(5.656854249492,0.,-5.656854249492));
#13652=CARTESIAN_POINT('',(5.656854249492,0.,-7.156854249492));
#13653=CARTESIAN_POINT('Origin',(-5.656854249492,0.,5.656854249492));
#13654=CARTESIAN_POINT('',(-5.656854249492,0.,4.156854249492));
#13655=CARTESIAN_POINT('Origin',(-5.656854249492,0.,-5.656854249492));
#13656=CARTESIAN_POINT('',(-5.656854249492,0.,-7.156854249492));
#13657=CARTESIAN_POINT('Origin',(0.,0.,76.55));
#13658=CARTESIAN_POINT('',(-1.83697019872103E-16,0.,75.05));
#13659=CARTESIAN_POINT('Origin',(0.,0.,56.55));
#13660=CARTESIAN_POINT('',(-1.83697019872103E-16,0.,55.05));
#13661=CARTESIAN_POINT('Origin',(31.,5.599999999462,19.94447452471));
#13662=CARTESIAN_POINT('',(6.0095527433247,5.19999999984305,20.6355214852592));
#13663=CARTESIAN_POINT('',(5.209858431913,5.999999999589,20.6576350093));
#13664=CARTESIAN_POINT('',(9.22240851386077,5.20000000000394,7.66699477258542));
#13665=CARTESIAN_POINT('Origin',(31.,5.2,19.94447452471));
#13666=CARTESIAN_POINT('',(8.525525594456,6.000000000024,7.274115406051));
#13667=CARTESIAN_POINT('Origin',(5.656854249492,5.600000000432,5.656854249492));
#13668=CARTESIAN_POINT('',(9.74999999979687,5.20000000015488,5.65685424531403));
#13669=CARTESIAN_POINT('Origin',(5.656854249492,5.2,5.656854249492));
#13670=CARTESIAN_POINT('',(8.949999999651,6.000000000349,5.65685424437));
#13671=CARTESIAN_POINT('Origin',(9.35,5.6,0.));
#13672=CARTESIAN_POINT('',(9.749999999747,5.200000000253,-5.656854241964));
#13673=CARTESIAN_POINT('',(9.749999999675,5.200000000325,5.656854244717));
#13674=CARTESIAN_POINT('',(8.949999999729,6.000000000271,-5.656854241417));
#13675=CARTESIAN_POINT('Origin',(5.656854249492,5.60000000046,-5.656854249492));
#13676=CARTESIAN_POINT('',(8.79509400233744,5.20000000016538,-8.28464674259065));
#13677=CARTESIAN_POINT('Origin',(5.656854249492,5.2,-5.656854249492));
#13678=CARTESIAN_POINT('',(8.181729133362,6.000000000372,-7.771048127177));
#13679=CARTESIAN_POINT('Origin',(6.007629781781,5.6,-10.99051973683));
#13680=CARTESIAN_POINT('',(3.833530441612,5.200000000547,-14.20999133142));
#13681=CARTESIAN_POINT('',(8.795094001901,5.200000000347,-8.284646742909));
#13682=CARTESIAN_POINT('',(3.220165575037,6.000000000613,-13.69639271327));
#13683=CARTESIAN_POINT('Origin',(0.,5.60000000122,-11.));
#13684=CARTESIAN_POINT('',(-3.83353043789536,5.20000000042618,-14.2099913358826));
#13685=CARTESIAN_POINT('Origin',(0.,5.2,-11.));
#13686=CARTESIAN_POINT('',(-3.22016557103,6.000000000919,-13.69639271758));
#13687=CARTESIAN_POINT('Origin',(-6.007629781781,5.6,-10.99051973683));
#13688=CARTESIAN_POINT('',(-8.795093999832,5.200000000253,-8.284646745527));
#13689=CARTESIAN_POINT('',(-3.833530438034,5.20000000082,-14.20999133526));
#13690=CARTESIAN_POINT('',(-8.181729131142,6.000000000271,-7.771048129986));
#13691=CARTESIAN_POINT('Origin',(-5.656854249492,5.60000000046,-5.656854249492));
#13692=CARTESIAN_POINT('',(-9.74999999978312,5.20000000016537,-5.65685424582398));
#13693=CARTESIAN_POINT('Origin',(-5.656854249492,5.2,-5.656854249492));
#13694=CARTESIAN_POINT('',(-8.949999999628,6.000000000372,-5.656854244995));
#13695=CARTESIAN_POINT('Origin',(-9.35,5.6,0.));
#13696=CARTESIAN_POINT('',(-9.749999999772,5.200000000228,5.656854242182));
#13697=CARTESIAN_POINT('',(-9.749999999653,5.200000000347,-5.6568542453));
#13698=CARTESIAN_POINT('',(-8.949999999756,6.000000000244,5.656854241651));
#13699=CARTESIAN_POINT('Origin',(-5.656854249492,5.600000000432,5.656854249492));
#13700=CARTESIAN_POINT('',(-9.22240852086257,5.20000000000148,7.66699476019041));
#13701=CARTESIAN_POINT('Origin',(-5.656854249492,5.2,5.656854249492));
#13702=CARTESIAN_POINT('',(-8.525525603927,5.999999999937,7.274115389428));
#13703=CARTESIAN_POINT('Origin',(-31.,5.599999999462,19.94447452471));
#13704=CARTESIAN_POINT('',(-6.00955274291069,5.19999999991581,20.635521473525));
#13705=CARTESIAN_POINT('Origin',(-31.,5.2,19.94447452471));
#13706=CARTESIAN_POINT('',(-5.209858431268,5.999999999779,20.6576349929));
#13707=CARTESIAN_POINT('Origin',(-6.103591830812,5.6,38.50707089762));
#13708=CARTESIAN_POINT('',(-6.997325232373,5.2,56.35650686734));
#13709=CARTESIAN_POINT('',(-6.009552742988,5.19999999984,20.63552147426));
#13710=CARTESIAN_POINT('',(-6.197630920102,6.000000000001,56.37862036822));
#13711=CARTESIAN_POINT('Origin',(5.329070518201E-14,5.600000000001,56.55));
#13712=CARTESIAN_POINT('',(-6.945097191545,5.2,57.425));
#13713=CARTESIAN_POINT('Origin',(0.,5.2,56.55));
#13714=CARTESIAN_POINT('',(-6.151371798226,6.000000000001,57.32499999999));
#13715=CARTESIAN_POINT('Origin',(-5.308038567823,5.6,67.21875));
#13716=CARTESIAN_POINT('',(-4.46470534296785,5.20000000092445,77.1124999485817));
#13717=CARTESIAN_POINT('',(-6.945097191545,5.2,57.42499999999));
#13718=CARTESIAN_POINT('',(-3.670979949726,6.000000001474,77.01249994357));
#13719=CARTESIAN_POINT('Origin',(0.,5.600000002928,76.55));
#13720=CARTESIAN_POINT('',(4.46470534100223,5.20000000104845,77.1124999611989));
#13721=CARTESIAN_POINT('Origin',(0.,5.2,76.55));
#13722=CARTESIAN_POINT('',(3.670979947417,6.000000002211,77.012499956));
#13723=CARTESIAN_POINT('Origin',(5.308038567823,5.6,67.21875));
#13724=CARTESIAN_POINT('',(6.945097191544,5.2,57.425));
#13725=CARTESIAN_POINT('',(4.464705340445,5.200000002017,77.11249995986));
#13726=CARTESIAN_POINT('',(6.151371798224,6.,57.325));
#13727=CARTESIAN_POINT('Origin',(-5.329070518201E-14,5.6,56.55));
#13728=CARTESIAN_POINT('',(6.997325232374,5.2,56.35650686735));
#13729=CARTESIAN_POINT('Origin',(0.,5.2,56.55));
#13730=CARTESIAN_POINT('',(6.197630920103,6.,56.37862036823));
#13731=CARTESIAN_POINT('Origin',(6.103591830812,5.6,38.50707089762));
#13732=CARTESIAN_POINT('',(6.997325232374,5.2,56.35650686736));
#13733=CARTESIAN_POINT('Origin',(6.997325232374,0.,56.35650686735));
#13734=CARTESIAN_POINT('',(6.997325232374,0.8,56.35650686735));
#13735=CARTESIAN_POINT('',(6.997325232374,0.7999999999998,56.35650686736));
#13736=CARTESIAN_POINT('',(6.00955274332463,0.800000000156904,20.6355214852592));
#13737=CARTESIAN_POINT('',(6.009552743456,0.8000000002989,20.63552148618));
#13738=CARTESIAN_POINT('',(6.009552743456,0.8000000002989,20.63552148618));
#13739=CARTESIAN_POINT('Origin',(31.,0.,19.94447452471));
#13740=CARTESIAN_POINT('',(9.22240851386073,0.799999999996134,7.66699477258539));
#13741=CARTESIAN_POINT('Origin',(31.,0.8,19.94447452471));
#13742=CARTESIAN_POINT('',(9.222408514126,0.7999999999327,7.666994772018));
#13743=CARTESIAN_POINT('Origin',(5.656854249492,0.,5.656854249492));
#13744=CARTESIAN_POINT('',(9.749999999675,0.7999999996751,5.656854244717));
#13745=CARTESIAN_POINT('Origin',(5.656854249492,0.8,5.656854249492));
#13746=CARTESIAN_POINT('',(9.749999999675,0.7999999996751,5.656854244717));
#13747=CARTESIAN_POINT('Origin',(9.75,0.,5.656854249492));
#13748=CARTESIAN_POINT('',(9.74999999984192,0.79999999987941,-5.65685424290525));
#13749=CARTESIAN_POINT('',(9.749999999747,0.7999999997471,-5.656854241964));
#13750=CARTESIAN_POINT('',(9.749999999747,0.7999999997471,-5.656854241964));
#13751=CARTESIAN_POINT('Origin',(5.656854249492,0.,-5.656854249492));
#13752=CARTESIAN_POINT('',(8.795094001901,0.7999999996529,-8.284646742909));
#13753=CARTESIAN_POINT('Origin',(5.656854249492,0.8,-5.656854249492));
#13754=CARTESIAN_POINT('',(8.795094001901,0.7999999996529,-8.284646742909));
#13755=CARTESIAN_POINT('Origin',(8.795094004859,0.,-8.284646739918));
#13756=CARTESIAN_POINT('',(3.83353044129373,0.799999999716251,-14.2099913321019));
#13757=CARTESIAN_POINT('',(3.833530441612,0.7999999994526,-14.20999133142));
#13758=CARTESIAN_POINT('',(3.833530441612,0.7999999994526,-14.20999133142));
#13759=CARTESIAN_POINT('Origin',(0.,0.,-11.));
#13760=CARTESIAN_POINT('',(-3.83353043819185,0.799999999384718,-14.2099913353922));
#13761=CARTESIAN_POINT('Origin',(0.,0.8,-11.));
#13762=CARTESIAN_POINT('',(-3.833530438034,0.7999999991796,-14.20999133526));
#13763=CARTESIAN_POINT('Origin',(-3.833530427028,0.,-14.20999134968));
#13764=CARTESIAN_POINT('',(-8.7950940005088,0.799999999879389,-8.28464674486654));
#13765=CARTESIAN_POINT('',(-8.795093999832,0.7999999997471,-8.284646745527));
#13766=CARTESIAN_POINT('',(-8.795093999832,0.7999999997471,-8.284646745527));
#13767=CARTESIAN_POINT('Origin',(-5.656854249492,0.,-5.656854249492));
#13768=CARTESIAN_POINT('',(-9.749999999653,0.7999999996529,-5.6568542453));
#13769=CARTESIAN_POINT('Origin',(-5.656854249492,0.8,-5.656854249492));
#13770=CARTESIAN_POINT('',(-9.749999999653,0.7999999996529,-5.6568542453));
#13771=CARTESIAN_POINT('Origin',(-9.75,0.,-5.656854249492));
#13772=CARTESIAN_POINT('',(-9.74999999985754,0.799999999891416,5.65685424309605));
#13773=CARTESIAN_POINT('',(-9.749999999772,0.7999999997723,5.656854242182));
#13774=CARTESIAN_POINT('',(-9.749999999772,0.7999999997723,5.656854242182));
#13775=CARTESIAN_POINT('Origin',(-5.656854249492,0.,5.656854249492));
#13776=CARTESIAN_POINT('',(-9.22240852086259,0.799999999998487,7.66699476019042));
#13777=CARTESIAN_POINT('Origin',(-5.656854249492,0.8,5.656854249492));
#13778=CARTESIAN_POINT('',(-9.222408521264,0.799999999974,7.666994759441));
#13779=CARTESIAN_POINT('Origin',(-31.,0.,19.94447452471));
#13780=CARTESIAN_POINT('',(-6.009552742988,0.8000000001604,20.63552147426));
#13781=CARTESIAN_POINT('Origin',(-31.,0.8,19.94447452471));
#13782=CARTESIAN_POINT('',(-6.009552742988,0.8000000001604,20.63552147426));
#13783=CARTESIAN_POINT('Origin',(-6.009552741521,0.,20.63552142702));
#13784=CARTESIAN_POINT('',(-6.997325232374,0.8,56.35650686735));
#13785=CARTESIAN_POINT('',(-6.997325232373,0.7999999999995,56.35650686734));
#13786=CARTESIAN_POINT('',(-6.997325232373,0.7999999999995,56.35650686734));
#13787=CARTESIAN_POINT('Origin',(0.,0.,56.55));
#13788=CARTESIAN_POINT('',(-6.945097191545,0.7999999999995,57.42499999999));
#13789=CARTESIAN_POINT('Origin',(0.,0.8,56.55));
#13790=CARTESIAN_POINT('',(-6.945097191545,0.7999999999995,57.42499999999));
#13791=CARTESIAN_POINT('Origin',(-6.945097191545,0.,57.425));
#13792=CARTESIAN_POINT('',(-4.46470534292331,0.799999999293546,77.1124999493896));
#13793=CARTESIAN_POINT('',(-4.464705342551,0.7999999986552,77.11249994853));
#13794=CARTESIAN_POINT('',(-4.464705342551,0.7999999986552,77.11249994853));
#13795=CARTESIAN_POINT('Origin',(0.,0.,76.55));
#13796=CARTESIAN_POINT('',(4.46470534113334,0.799999998739454,77.112499959948));
#13797=CARTESIAN_POINT('Origin',(0.,0.8,76.55));
#13798=CARTESIAN_POINT('',(4.464705340445,0.7999999979833,77.11249995986));
#13799=CARTESIAN_POINT('Origin',(4.464705337421,0.,77.1125));
#13800=CARTESIAN_POINT('',(6.945097191545,0.8,57.425));
#13801=CARTESIAN_POINT('',(6.945097191544,0.7999999999998,57.425));
#13802=CARTESIAN_POINT('',(6.945097191544,0.7999999999998,57.425));
#13803=CARTESIAN_POINT('Origin',(0.,0.,56.55));
#13804=CARTESIAN_POINT('Origin',(0.,0.8,56.55));
#13805=CARTESIAN_POINT('Origin',(-2.895461648222E-13,0.3999999999996,56.55));
#13806=CARTESIAN_POINT('',(6.197630920103,-2.43397894432E-13,56.37862036823));
#13807=CARTESIAN_POINT('',(6.151371798224,-2.449707103835E-13,57.325));
#13808=CARTESIAN_POINT('Origin',(5.308038567823,0.4,67.21875));
#13809=CARTESIAN_POINT('',(3.670979947417,-2.210943964946E-9,77.012499956));
#13810=CARTESIAN_POINT('Origin',(0.,0.399999997072,76.55));
#13811=CARTESIAN_POINT('',(-3.670979949726,-1.474352010848E-9,77.01249994357));
#13812=CARTESIAN_POINT('Origin',(-5.308038567823,0.4,67.21875));
#13813=CARTESIAN_POINT('',(-6.151371798226,-5.341838082984E-13,57.32499999999));
#13814=CARTESIAN_POINT('Origin',(2.895461648222E-13,0.3999999999992,56.55));
#13815=CARTESIAN_POINT('',(-6.197630920102,-5.391428044751E-13,56.37862036822));
#13816=CARTESIAN_POINT('Origin',(-6.103591830812,0.4,38.50707089762));
#13817=CARTESIAN_POINT('',(-5.209858431268,2.206744231792E-10,20.6576349929));
#13818=CARTESIAN_POINT('Origin',(-31.,0.4000000005385,19.94447452471));
#13819=CARTESIAN_POINT('',(-8.525525603927,6.280457635436E-11,7.274115389428));
#13820=CARTESIAN_POINT('Origin',(-5.656854249492,0.3999999995677,5.656854249492));
#13821=CARTESIAN_POINT('',(-8.949999999756,-2.442490654175E-10,5.656854241651));
#13822=CARTESIAN_POINT('Origin',(-9.35,0.4,0.));
#13823=CARTESIAN_POINT('',(-8.949999999628,-3.723547396343E-10,-5.656854244995));
#13824=CARTESIAN_POINT('Origin',(-5.656854249492,0.3999999995396,-5.656854249492));
#13825=CARTESIAN_POINT('',(-8.181729131142,-2.713450390305E-10,-7.771048129986));
#13826=CARTESIAN_POINT('Origin',(-6.007629781781,0.4,-10.99051973683));
#13827=CARTESIAN_POINT('',(-3.22016557103,-9.188484787851E-10,-13.69639271758));
#13828=CARTESIAN_POINT('Origin',(0.,0.3999999987797,-11.));
#13829=CARTESIAN_POINT('',(3.220165575037,-6.130896531194E-10,-13.69639271327));
#13830=CARTESIAN_POINT('Origin',(6.007629781781,0.4,-10.99051973683));
#13831=CARTESIAN_POINT('',(8.181729133362,-3.723543325525E-10,-7.771048127177));
#13832=CARTESIAN_POINT('Origin',(5.656854249492,0.3999999995396,-5.656854249492));
#13833=CARTESIAN_POINT('',(8.949999999729,-2.713441323484E-10,-5.656854241417));
#13834=CARTESIAN_POINT('Origin',(9.35,0.4,0.));
#13835=CARTESIAN_POINT('',(8.949999999651,-3.485469690645E-10,5.656854244369));
#13836=CARTESIAN_POINT('Origin',(5.656854249492,0.3999999995677,5.656854249492));
#13837=CARTESIAN_POINT('',(8.525525594456,-2.357403161568E-11,7.274115406051));
#13838=CARTESIAN_POINT('Origin',(31.,0.4000000005385,19.94447452471));
#13839=CARTESIAN_POINT('',(5.209858431913,4.113515639226E-10,20.6576350093));
#13840=CARTESIAN_POINT('Origin',(6.103591830812,0.4,38.50707089762));
#13841=CARTESIAN_POINT('',(0.,0.,0.));
#13842=CARTESIAN_POINT('Origin',(0.,0.,0.));
#13843=CARTESIAN_POINT('',(6.198715035678,0.,69.25377834393));
#13844=CARTESIAN_POINT('',(6.166271102178,0.,70.02583333333));
#13845=CARTESIAN_POINT('Origin',(-5.075939668586E-13,0.,69.38));
#13846=CARTESIAN_POINT('',(3.67987146601201,-8.54242642073055E-10,93.7654166411966));
#13847=CARTESIAN_POINT('',(6.166271102178,-8.004708007547E-14,70.02583333333));
#13848=CARTESIAN_POINT('',(-3.67987146725714,-4.76639542838379E-10,93.7654166329277));
#13849=CARTESIAN_POINT('Origin',(0.,0.,93.38));
#13850=CARTESIAN_POINT('',(-6.166271102179,-1.464569206651E-13,70.02583333333));
#13851=CARTESIAN_POINT('',(-3.679871466926,-9.535020365862E-10,93.76541663151));
#13852=CARTESIAN_POINT('',(-6.198715035678,0.,69.25377834393));
#13853=CARTESIAN_POINT('Origin',(3.934630399272E-13,0.,69.38));
#13854=CARTESIAN_POINT('',(-5.20534711102,2.033290387911E-10,20.46971954042));
#13855=CARTESIAN_POINT('',(-6.198715035678,-1.762849125934E-13,69.25377834393));
#13856=CARTESIAN_POINT('',(-8.52552559971857,-3.2752429048228E-14,7.27411539676506));
#13857=CARTESIAN_POINT('Origin',(-31.,0.,19.94447452471));
#13858=CARTESIAN_POINT('',(-8.94999999987953,-1.20637840755616E-10,5.65685424319984));
#13859=CARTESIAN_POINT('Origin',(-5.656854249492,0.,5.656854249492));
#13860=CARTESIAN_POINT('',(-8.949999999628,-3.723542955451E-10,-5.656854244995));
#13861=CARTESIAN_POINT('',(-8.949999999756,-2.442480292094E-10,5.656854241651));
#13862=CARTESIAN_POINT('',(-8.18172913227124,-1.34046182358223E-10,-7.77104812885098));
#13863=CARTESIAN_POINT('Origin',(-5.656854249492,0.,-5.656854249492));
#13864=CARTESIAN_POINT('',(-3.22016557126593,-6.12565701866584E-10,-13.6963927177776));
#13865=CARTESIAN_POINT('',(-8.181729131142,-2.713439473112E-10,-7.771048129986));
#13866=CARTESIAN_POINT('',(3.22016557428951,-3.06195441830376E-10,-13.696392714642));
#13867=CARTESIAN_POINT('Origin',(0.,0.,-11.));
#13868=CARTESIAN_POINT('',(8.181729133362,-3.723554427755E-10,-7.771048127177));
#13869=CARTESIAN_POINT('',(3.220165575037,-6.130895791046E-10,-13.69639271327));
#13870=CARTESIAN_POINT('',(8.9499999998662,-1.34026933385981E-10,-5.65685424301206));
#13871=CARTESIAN_POINT('Origin',(5.656854249492,0.,-5.656854249492));
#13872=CARTESIAN_POINT('',(8.949999999651,-3.485475611834E-10,5.656854244369));
#13873=CARTESIAN_POINT('',(8.949999999729,-2.713441323484E-10,-5.656854241417));
#13874=CARTESIAN_POINT('',(8.52552559125853,1.06207914640867E-14,7.27411541177126));
#13875=CARTESIAN_POINT('Origin',(5.656854249492,0.,5.656854249492));
#13876=CARTESIAN_POINT('',(5.20534711127096,1.89246939975172E-10,20.4697195534385));
#13877=CARTESIAN_POINT('Origin',(31.,0.,19.94447452471));
#13878=CARTESIAN_POINT('',(5.2053471115,3.785795010813E-10,20.46971955538));
#13879=CARTESIAN_POINT('',(-2.75545529808154E-16,0.,-13.25));
#13880=CARTESIAN_POINT('Origin',(0.,0.,-11.));
#13881=CARTESIAN_POINT('',(5.656854249492,0.,4.156854249492));
#13882=CARTESIAN_POINT('Origin',(5.656854249492,0.,5.656854249492));
#13883=CARTESIAN_POINT('',(5.656854249492,0.,-7.156854249492));
#13884=CARTESIAN_POINT('Origin',(5.656854249492,0.,-5.656854249492));
#13885=CARTESIAN_POINT('',(-5.656854249492,0.,4.156854249492));
#13886=CARTESIAN_POINT('Origin',(-5.656854249492,0.,5.656854249492));
#13887=CARTESIAN_POINT('',(-5.656854249492,0.,-7.156854249492));
#13888=CARTESIAN_POINT('Origin',(-5.656854249492,0.,-5.656854249492));
#13889=CARTESIAN_POINT('',(-1.83697019872103E-16,0.,91.88));
#13890=CARTESIAN_POINT('Origin',(0.,0.,93.38));
#13891=CARTESIAN_POINT('',(-1.83697019872103E-16,0.,67.88));
#13892=CARTESIAN_POINT('Origin',(0.,0.,69.38));
#13893=CARTESIAN_POINT('',(-4.89858719658941E-16,0.,-4.));
#13894=CARTESIAN_POINT('Origin',(0.,0.,0.));
#13895=CARTESIAN_POINT('Origin',(0.,0.,0.));
#13896=CARTESIAN_POINT('',(-4.89858719658941E-16,6.,-4.));
#13897=CARTESIAN_POINT('',(-4.89858719658941E-16,0.,-4.));
#13898=CARTESIAN_POINT('Origin',(0.,6.,0.));
#13899=CARTESIAN_POINT('Origin',(0.,6.,0.));
#13900=CARTESIAN_POINT('',(5.2053471112707,5.9999999998107,20.4697195534385));
#13901=CARTESIAN_POINT('',(8.52552559125853,6.,7.27411541177126));
#13902=CARTESIAN_POINT('Origin',(31.,6.,19.94447452471));
#13903=CARTESIAN_POINT('',(8.94999999983196,6.00000000016804,5.65685424588763));
#13904=CARTESIAN_POINT('Origin',(5.656854249492,6.,5.656854249492));
#13905=CARTESIAN_POINT('',(8.949999999729,6.000000000271,-5.656854241417));
#13906=CARTESIAN_POINT('',(8.949999999651,6.000000000349,5.65685424437));
#13907=CARTESIAN_POINT('',(8.18172913480355,6.00000000016534,-7.77104812577738));
#13908=CARTESIAN_POINT('Origin',(5.656854249492,6.,-5.656854249492));
#13909=CARTESIAN_POINT('',(3.220165575037,6.000000000613,-13.69639271327));
#13910=CARTESIAN_POINT('',(8.181729133362,6.000000000372,-7.771048127177));
#13911=CARTESIAN_POINT('',(-3.22016557023946,6.00000000045872,-13.696392719242));
#13912=CARTESIAN_POINT('Origin',(0.,6.,-11.));
#13913=CARTESIAN_POINT('',(-8.181729131142,6.000000000271,-7.771048129986));
#13914=CARTESIAN_POINT('',(-3.22016557103,6.000000000919,-13.69639271758));
#13915=CARTESIAN_POINT('',(-8.94999999983467,6.00000000016533,-5.65685424699367));
#13916=CARTESIAN_POINT('Origin',(-5.656854249492,6.,-5.656854249492));
#13917=CARTESIAN_POINT('',(-8.949999999756,6.000000000244,5.656854241651));
#13918=CARTESIAN_POINT('',(-8.949999999628,6.000000000372,-5.656854244995));
#13919=CARTESIAN_POINT('',(-8.52552559971857,6.00000000000004,7.27411539676507));
#13920=CARTESIAN_POINT('Origin',(-5.656854249492,6.,5.656854249492));
#13921=CARTESIAN_POINT('',(-5.20534711088656,5.99999999989856,20.4697195388659));
#13922=CARTESIAN_POINT('Origin',(-31.,6.,19.94447452471));
#13923=CARTESIAN_POINT('',(-6.198715035678,6.,69.25377834393));
#13924=CARTESIAN_POINT('',(-5.20534711102,5.999999999797,20.46971954042));
#13925=CARTESIAN_POINT('',(-6.166271102178,6.,70.02583333333));
#13926=CARTESIAN_POINT('Origin',(9.29922805426E-13,6.,69.38));
#13927=CARTESIAN_POINT('',(-3.67987146724256,6.00000000063579,93.7654166315431));
#13928=CARTESIAN_POINT('',(-6.166271102179,6.,70.02583333333));
#13929=CARTESIAN_POINT('',(3.67987146601147,6.00000000069877,93.7654166426985));
#13930=CARTESIAN_POINT('Origin',(0.,6.,93.38));
#13931=CARTESIAN_POINT('',(6.166271102178,6.,70.02583333333));
#13932=CARTESIAN_POINT('',(3.679871465472,6.000000001398,93.76541664114));
#13933=CARTESIAN_POINT('',(6.198715035678,6.,69.25377834393));
#13934=CARTESIAN_POINT('Origin',(-1.041389197098E-12,6.,69.38));
#13935=CARTESIAN_POINT('',(6.198715035678,6.,69.25377834394));
#13936=CARTESIAN_POINT('',(-2.75545529808154E-16,6.,-13.25));
#13937=CARTESIAN_POINT('Origin',(0.,6.,-11.));
#13938=CARTESIAN_POINT('',(5.656854249492,6.,4.156854249492));
#13939=CARTESIAN_POINT('Origin',(5.656854249492,6.,5.656854249492));
#13940=CARTESIAN_POINT('',(5.656854249492,6.,-7.156854249492));
#13941=CARTESIAN_POINT('Origin',(5.656854249492,6.,-5.656854249492));
#13942=CARTESIAN_POINT('',(-5.656854249492,6.,4.156854249492));
#13943=CARTESIAN_POINT('Origin',(-5.656854249492,6.,5.656854249492));
#13944=CARTESIAN_POINT('',(-5.656854249492,6.,-7.156854249492));
#13945=CARTESIAN_POINT('Origin',(-5.656854249492,6.,-5.656854249492));
#13946=CARTESIAN_POINT('',(-1.83697019872103E-16,6.,91.88));
#13947=CARTESIAN_POINT('Origin',(0.,6.,93.38));
#13948=CARTESIAN_POINT('',(-1.83697019872103E-16,6.,67.88));
#13949=CARTESIAN_POINT('Origin',(0.,6.,69.38));
#13950=CARTESIAN_POINT('Origin',(0.,0.,-11.));
#13951=CARTESIAN_POINT('',(-2.75545529808154E-16,0.,-13.25));
#13952=CARTESIAN_POINT('Origin',(5.656854249492,0.,5.656854249492));
#13953=CARTESIAN_POINT('',(5.656854249492,0.,4.156854249492));
#13954=CARTESIAN_POINT('Origin',(5.656854249492,0.,-5.656854249492));
#13955=CARTESIAN_POINT('',(5.656854249492,0.,-7.156854249492));
#13956=CARTESIAN_POINT('Origin',(-5.656854249492,0.,5.656854249492));
#13957=CARTESIAN_POINT('',(-5.656854249492,0.,4.156854249492));
#13958=CARTESIAN_POINT('Origin',(-5.656854249492,0.,-5.656854249492));
#13959=CARTESIAN_POINT('',(-5.656854249492,0.,-7.156854249492));
#13960=CARTESIAN_POINT('Origin',(0.,0.,93.38));
#13961=CARTESIAN_POINT('',(-1.83697019872103E-16,0.,91.88));
#13962=CARTESIAN_POINT('Origin',(0.,0.,69.38));
#13963=CARTESIAN_POINT('',(-1.83697019872103E-16,0.,67.88));
#13964=CARTESIAN_POINT('Origin',(31.,5.599999999504,19.94447452471));
#13965=CARTESIAN_POINT('',(6.00518130901713,5.19999999985545,20.4534328687965));
#13966=CARTESIAN_POINT('',(5.2053471115,5.999999999621,20.46971955538));
#13967=CARTESIAN_POINT('',(9.2224085120304,5.20000000000465,7.66699477582453));
#13968=CARTESIAN_POINT('Origin',(31.,5.2,19.94447452471));
#13969=CARTESIAN_POINT('',(8.525525591887,6.000000000041,7.274115410573));
#13970=CARTESIAN_POINT('Origin',(5.656854249492,5.600000000432,5.656854249492));
#13971=CARTESIAN_POINT('',(9.74999999979687,5.20000000015488,5.65685424531403));
#13972=CARTESIAN_POINT('Origin',(5.656854249492,5.2,5.656854249492));
#13973=CARTESIAN_POINT('',(8.949999999651,6.000000000349,5.65685424437));
#13974=CARTESIAN_POINT('Origin',(9.35,5.6,0.));
#13975=CARTESIAN_POINT('',(9.749999999747,5.200000000253,-5.656854241964));
#13976=CARTESIAN_POINT('',(9.749999999675,5.200000000325,5.656854244717));
#13977=CARTESIAN_POINT('',(8.949999999729,6.000000000271,-5.656854241417));
#13978=CARTESIAN_POINT('Origin',(5.656854249492,5.600000000492,-5.656854249492));
#13979=CARTESIAN_POINT('',(8.79509400233744,5.20000000016538,-8.28464674259065));
#13980=CARTESIAN_POINT('Origin',(5.656854249492,5.2,-5.656854249492));
#13981=CARTESIAN_POINT('',(8.181729133362,6.000000000372,-7.771048127177));
#13982=CARTESIAN_POINT('Origin',(6.007629781781,5.6,-10.99051973683));
#13983=CARTESIAN_POINT('',(3.833530441612,5.200000000547,-14.20999133142));
#13984=CARTESIAN_POINT('',(8.795094001901,5.200000000347,-8.284646742909));
#13985=CARTESIAN_POINT('',(3.220165575037,6.000000000613,-13.69639271327));
#13986=CARTESIAN_POINT('Origin',(0.,5.60000000122,-11.));
#13987=CARTESIAN_POINT('',(-3.83353043789536,5.20000000042618,-14.2099913358826));
#13988=CARTESIAN_POINT('Origin',(0.,5.2,-11.));
#13989=CARTESIAN_POINT('',(-3.22016557103,6.000000000919,-13.69639271758));
#13990=CARTESIAN_POINT('Origin',(-6.007629781781,5.6,-10.99051973683));
#13991=CARTESIAN_POINT('',(-8.795093999832,5.200000000253,-8.284646745527));
#13992=CARTESIAN_POINT('',(-3.833530438034,5.20000000082,-14.20999133526));
#13993=CARTESIAN_POINT('',(-8.181729131142,6.000000000271,-7.771048129986));
#13994=CARTESIAN_POINT('Origin',(-5.656854249492,5.600000000492,-5.656854249492));
#13995=CARTESIAN_POINT('',(-9.74999999978312,5.20000000016537,-5.65685424582398));
#13996=CARTESIAN_POINT('Origin',(-5.656854249492,5.2,-5.656854249492));
#13997=CARTESIAN_POINT('',(-8.949999999628,6.000000000372,-5.656854244995));
#13998=CARTESIAN_POINT('Origin',(-9.35,5.6,0.));
#13999=CARTESIAN_POINT('',(-9.749999999772,5.200000000228,5.656854242182));
#14000=CARTESIAN_POINT('',(-9.749999999653,5.200000000347,-5.6568542453));
#14001=CARTESIAN_POINT('',(-8.949999999756,6.000000000244,5.656854241651));
#14002=CARTESIAN_POINT('Origin',(-5.656854249492,5.600000000432,5.656854249492));
#14003=CARTESIAN_POINT('',(-9.22240851852197,5.20000000000291,7.66699476432815));
#14004=CARTESIAN_POINT('Origin',(-5.656854249492,5.2,5.656854249492));
#14005=CARTESIAN_POINT('',(-8.525525600635,5.99999999997,7.274115395201));
#14006=CARTESIAN_POINT('Origin',(-31.,5.599999999504,19.94447452471));
#14007=CARTESIAN_POINT('',(-6.00518130871699,5.19999999992242,20.4534328580945));
#14008=CARTESIAN_POINT('Origin',(-31.,5.2,19.94447452471));
#14009=CARTESIAN_POINT('',(-5.20534711102,5.999999999797,20.46971954042));
#14010=CARTESIAN_POINT('Origin',(-6.101948171714,5.6,44.85360557962));
#14011=CARTESIAN_POINT('',(-6.99854923383,5.2,69.23749167863));
#14012=CARTESIAN_POINT('',(-6.005181308783,5.199999999852,20.45343285877));
#14013=CARTESIAN_POINT('',(-6.198715035678,6.,69.25377834393));
#14014=CARTESIAN_POINT('Origin',(9.29922805426E-13,5.6,69.38));
#14015=CARTESIAN_POINT('',(-6.96191898633,5.2,70.10916666667));
#14016=CARTESIAN_POINT('Origin',(0.,5.2,69.38));
#14017=CARTESIAN_POINT('',(-6.166271102179,6.,70.02583333333));
#14018=CARTESIAN_POINT('Origin',(-5.320895225267,5.6,81.93729166667));
#14019=CARTESIAN_POINT('',(-4.4755193510553,5.20000000065243,93.848749967953));
#14020=CARTESIAN_POINT('',(-6.96191898633,5.2,70.10916666666));
#14021=CARTESIAN_POINT('',(-3.679871466926,6.000000000954,93.76541663151));
#14022=CARTESIAN_POINT('Origin',(0.,5.600000001851,93.38));
#14023=CARTESIAN_POINT('',(4.47551934988879,5.20000000066294,93.8487499774839));
#14024=CARTESIAN_POINT('Origin',(0.,5.2,93.38));
#14025=CARTESIAN_POINT('',(3.679871465472,6.000000001398,93.76541664114));
#14026=CARTESIAN_POINT('Origin',(5.320895225267,5.6,81.93729166667));
#14027=CARTESIAN_POINT('',(6.96191898633,5.2,70.10916666667));
#14028=CARTESIAN_POINT('',(4.475519349512,5.200000001275,93.84874997671));
#14029=CARTESIAN_POINT('',(6.166271102178,6.,70.02583333333));
#14030=CARTESIAN_POINT('Origin',(-1.041389197098E-12,5.6,69.38));
#14031=CARTESIAN_POINT('',(6.99854923383,5.2,69.23749167864));
#14032=CARTESIAN_POINT('Origin',(0.,5.2,69.38));
#14033=CARTESIAN_POINT('',(6.198715035678,6.,69.25377834394));
#14034=CARTESIAN_POINT('Origin',(6.101948171714,5.6,44.85360557962));
#14035=CARTESIAN_POINT('',(6.99854923383,5.2,69.23749167864));
#14036=CARTESIAN_POINT('Origin',(6.99854923383,0.,69.23749167864));
#14037=CARTESIAN_POINT('',(6.99854923383,0.8,69.23749167864));
#14038=CARTESIAN_POINT('',(6.99854923383,0.7999999999999,69.23749167864));
#14039=CARTESIAN_POINT('',(6.00518130901724,0.80000000014445,20.4534328687965));
#14040=CARTESIAN_POINT('',(6.005181309132,0.8000000002751,20.45343286964));
#14041=CARTESIAN_POINT('',(6.005181309132,0.8000000002751,20.45343286964));
#14042=CARTESIAN_POINT('Origin',(31.,0.,19.94447452471));
#14043=CARTESIAN_POINT('',(9.22240851203039,0.799999999995363,7.66699477582453));
#14044=CARTESIAN_POINT('Origin',(31.,0.8,19.94447452471));
#14045=CARTESIAN_POINT('',(9.222408512259,0.7999999999201,7.666994775304));
#14046=CARTESIAN_POINT('Origin',(5.656854249492,0.,5.656854249492));
#14047=CARTESIAN_POINT('',(9.749999999675,0.7999999996751,5.656854244717));
#14048=CARTESIAN_POINT('Origin',(5.656854249492,0.8,5.656854249492));
#14049=CARTESIAN_POINT('',(9.749999999675,0.7999999996751,5.656854244717));
#14050=CARTESIAN_POINT('Origin',(9.75,0.,5.656854249492));
#14051=CARTESIAN_POINT('',(9.74999999984192,0.79999999987941,-5.65685424290525));
#14052=CARTESIAN_POINT('',(9.749999999747,0.7999999997471,-5.656854241964));
#14053=CARTESIAN_POINT('',(9.749999999747,0.7999999997471,-5.656854241964));
#14054=CARTESIAN_POINT('Origin',(5.656854249492,0.,-5.656854249492));
#14055=CARTESIAN_POINT('',(8.795094001901,0.7999999996529,-8.284646742909));
#14056=CARTESIAN_POINT('Origin',(5.656854249492,0.8,-5.656854249492));
#14057=CARTESIAN_POINT('',(8.795094001901,0.7999999996529,-8.284646742909));
#14058=CARTESIAN_POINT('Origin',(8.795094004859,0.,-8.284646739918));
#14059=CARTESIAN_POINT('',(3.83353044129373,0.799999999716251,-14.2099913321019));
#14060=CARTESIAN_POINT('',(3.833530441612,0.7999999994526,-14.20999133142));
#14061=CARTESIAN_POINT('',(3.833530441612,0.7999999994526,-14.20999133142));
#14062=CARTESIAN_POINT('Origin',(0.,0.,-11.));
#14063=CARTESIAN_POINT('',(-3.83353043819185,0.799999999384718,-14.2099913353922));
#14064=CARTESIAN_POINT('Origin',(0.,0.8,-11.));
#14065=CARTESIAN_POINT('',(-3.833530438034,0.7999999991796,-14.20999133526));
#14066=CARTESIAN_POINT('Origin',(-3.833530427028,0.,-14.20999134968));
#14067=CARTESIAN_POINT('',(-8.7950940005088,0.799999999879389,-8.28464674486654));
#14068=CARTESIAN_POINT('',(-8.795093999832,0.7999999997471,-8.284646745527));
#14069=CARTESIAN_POINT('',(-8.795093999832,0.7999999997471,-8.284646745527));
#14070=CARTESIAN_POINT('Origin',(-5.656854249492,0.,-5.656854249492));
#14071=CARTESIAN_POINT('',(-9.749999999653,0.7999999996529,-5.6568542453));
#14072=CARTESIAN_POINT('Origin',(-5.656854249492,0.8,-5.656854249492));
#14073=CARTESIAN_POINT('',(-9.749999999653,0.7999999996529,-5.6568542453));
#14074=CARTESIAN_POINT('Origin',(-9.75,0.,-5.656854249492));
#14075=CARTESIAN_POINT('',(-9.74999999985754,0.799999999891417,5.65685424309605));
#14076=CARTESIAN_POINT('',(-9.749999999772,0.7999999997723,5.656854242182));
#14077=CARTESIAN_POINT('',(-9.749999999772,0.7999999997723,5.656854242182));
#14078=CARTESIAN_POINT('Origin',(-5.656854249492,0.,5.656854249492));
#14079=CARTESIAN_POINT('',(-9.22240851852196,0.799999999997098,7.66699476432815));
#14080=CARTESIAN_POINT('Origin',(-5.656854249492,0.8,5.656854249492));
#14081=CARTESIAN_POINT('',(-9.222408518872,0.7999999999502,7.666994763636));
#14082=CARTESIAN_POINT('Origin',(-31.,0.,19.94447452471));
#14083=CARTESIAN_POINT('',(-6.005181308783,0.8000000001478,20.45343285877));
#14084=CARTESIAN_POINT('Origin',(-31.,0.8,19.94447452471));
#14085=CARTESIAN_POINT('',(-6.005181308783,0.8000000001478,20.45343285877));
#14086=CARTESIAN_POINT('Origin',(-6.00518130775,0.,20.4534328153));
#14087=CARTESIAN_POINT('',(-6.99854923383,0.8,69.23749167864));
#14088=CARTESIAN_POINT('',(-6.99854923383,0.7999999999999,69.23749167863));
#14089=CARTESIAN_POINT('',(-6.99854923383,0.7999999999999,69.23749167863));
#14090=CARTESIAN_POINT('Origin',(0.,0.,69.38));
#14091=CARTESIAN_POINT('',(-6.96191898633,0.7999999999999,70.10916666666));
#14092=CARTESIAN_POINT('Origin',(0.,0.8,69.38));
#14093=CARTESIAN_POINT('',(-6.96191898633,0.7999999999999,70.10916666666));
#14094=CARTESIAN_POINT('Origin',(-6.96191898633,0.,70.10916666667));
#14095=CARTESIAN_POINT('',(-4.47551935104314,0.799999999547975,93.8487499689623));
#14096=CARTESIAN_POINT('',(-4.475519350839,0.7999999991303,93.84874996793));
#14097=CARTESIAN_POINT('',(-4.475519350839,0.7999999991303,93.84874996793));
#14098=CARTESIAN_POINT('Origin',(0.,0.,93.38));
#14099=CARTESIAN_POINT('',(4.47551934990847,0.79999999912319,93.848749976753));
#14100=CARTESIAN_POINT('Origin',(0.,0.8,93.38));
#14101=CARTESIAN_POINT('',(4.475519349512,0.7999999987249,93.84874997671));
#14102=CARTESIAN_POINT('Origin',(4.475519348355,0.,93.84875));
#14103=CARTESIAN_POINT('',(6.96191898633,0.8,70.10916666667));
#14104=CARTESIAN_POINT('',(6.96191898633,0.7999999999999,70.10916666667));
#14105=CARTESIAN_POINT('',(6.96191898633,0.7999999999999,70.10916666667));
#14106=CARTESIAN_POINT('Origin',(0.,0.,69.38));
#14107=CARTESIAN_POINT('Origin',(0.,0.8,69.38));
#14108=CARTESIAN_POINT('Origin',(-5.075939668586E-13,0.3999999999999,69.38));
#14109=CARTESIAN_POINT('',(6.198715035678,-6.54106398675E-14,69.25377834394));
#14110=CARTESIAN_POINT('',(6.166271102178,-8.004708007547E-14,70.02583333333));
#14111=CARTESIAN_POINT('Origin',(5.320895225267,0.4,81.93729166667));
#14112=CARTESIAN_POINT('',(3.679871465472,-1.39785146421E-9,93.76541664114));
#14113=CARTESIAN_POINT('Origin',(0.,0.3999999981488,93.38));
#14114=CARTESIAN_POINT('',(-3.679871466926,-9.535020365862E-10,93.76541663151));
#14115=CARTESIAN_POINT('Origin',(-5.320895225267,0.4,81.93729166667));
#14116=CARTESIAN_POINT('',(-6.166271102179,-1.464569206651E-13,70.02583333333));
#14117=CARTESIAN_POINT('Origin',(3.934630399272E-13,0.3999999999997,69.38));
#14118=CARTESIAN_POINT('',(-6.198715035678,-1.762849125934E-13,69.25377834393));
#14119=CARTESIAN_POINT('Origin',(-6.101948171714,0.4,44.85360557962));
#14120=CARTESIAN_POINT('',(-5.20534711102,2.033290387911E-10,20.46971954042));
#14121=CARTESIAN_POINT('Origin',(-31.,0.4000000004956,19.94447452471));
#14122=CARTESIAN_POINT('',(-8.525525600635,3.003582567847E-11,7.274115395201));
#14123=CARTESIAN_POINT('Origin',(-5.656854249492,0.3999999995677,5.656854249492));
#14124=CARTESIAN_POINT('',(-8.949999999756,-2.442480292094E-10,5.656854241651));
#14125=CARTESIAN_POINT('Origin',(-9.35,0.4,0.));
#14126=CARTESIAN_POINT('',(-8.949999999628,-3.723542955451E-10,-5.656854244995));
#14127=CARTESIAN_POINT('Origin',(-5.656854249492,0.3999999995083,-5.656854249492));
#14128=CARTESIAN_POINT('',(-8.181729131142,-2.713439473112E-10,-7.771048129986));
#14129=CARTESIAN_POINT('Origin',(-6.007629781781,0.4,-10.99051973683));
#14130=CARTESIAN_POINT('',(-3.22016557103,-9.188485528E-10,-13.69639271758));
#14131=CARTESIAN_POINT('Origin',(0.,0.3999999987797,-11.));
#14132=CARTESIAN_POINT('',(3.220165575037,-6.130895791046E-10,-13.69639271327));
#14133=CARTESIAN_POINT('Origin',(6.007629781781,0.4,-10.99051973683));
#14134=CARTESIAN_POINT('',(8.181729133362,-3.723554427755E-10,-7.771048127177));
#14135=CARTESIAN_POINT('Origin',(5.656854249492,0.3999999995083,-5.656854249492));
#14136=CARTESIAN_POINT('',(8.949999999729,-2.713441323484E-10,-5.656854241417));
#14137=CARTESIAN_POINT('Origin',(9.35,0.4,0.));
#14138=CARTESIAN_POINT('',(8.949999999651,-3.485475611834E-10,5.656854244369));
#14139=CARTESIAN_POINT('Origin',(5.656854249492,0.3999999995677,5.656854249492));
#14140=CARTESIAN_POINT('',(8.525525591887,-4.094532120765E-11,7.274115410573));
#14141=CARTESIAN_POINT('Origin',(31.,0.4000000004956,19.94447452471));
#14142=CARTESIAN_POINT('',(5.2053471115,3.785795010813E-10,20.46971955538));
#14143=CARTESIAN_POINT('Origin',(6.101948171714,0.4,44.85360557962));
#14144=CARTESIAN_POINT('',(0.,0.,0.));
#14145=CARTESIAN_POINT('Origin',(0.,0.,-25.));
#14146=CARTESIAN_POINT('',(3.,0.,-25.));
#14147=CARTESIAN_POINT('Origin',(0.,0.,-25.));
#14148=CARTESIAN_POINT('',(1.45,0.,-25.));
#14149=CARTESIAN_POINT('Origin',(0.,0.,-25.));
#14150=CARTESIAN_POINT('Origin',(0.,0.,-26.25));
#14151=CARTESIAN_POINT('',(1.45,0.,0.));
#14152=CARTESIAN_POINT('',(1.45,1.77573785876366E-16,-26.25));
#14153=CARTESIAN_POINT('Origin',(0.,0.,0.));
#14154=CARTESIAN_POINT('Origin',(0.,0.,0.));
#14155=CARTESIAN_POINT('',(3.,0.,0.));
#14156=CARTESIAN_POINT('Origin',(0.,0.,0.));
#14157=CARTESIAN_POINT('Origin',(0.,0.,-26.25));
#14158=CARTESIAN_POINT('',(3.,0.,-5.));
#14159=CARTESIAN_POINT('',(3.,3.67394039744206E-16,-26.25));
#14160=CARTESIAN_POINT('Origin',(0.,0.,-5.));
#14161=CARTESIAN_POINT('Origin',(0.,0.,-5.750053508677));
#14162=CARTESIAN_POINT('',(2.4,0.,-6.500107017354));
#14163=CARTESIAN_POINT('',(2.7,3.30654635769785E-16,-5.750053508677));
#14164=CARTESIAN_POINT('Origin',(0.,0.,-6.500107017354));
#14165=CARTESIAN_POINT('Origin',(0.,0.,-26.25));
#14166=CARTESIAN_POINT('',(2.4,0.,-18.49989298265));
#14167=CARTESIAN_POINT('',(2.4,2.93915231795365E-16,-26.25));
#14168=CARTESIAN_POINT('',(-2.40000000000245,2.93915231795665E-16,-18.499892982649));
#14169=CARTESIAN_POINT('Origin',(0.,0.,-18.49989298265));
#14170=CARTESIAN_POINT('Origin',(0.,0.,-18.49989298265));
#14171=CARTESIAN_POINT('Origin',(0.,0.,-19.24994649132));
#14172=CARTESIAN_POINT('',(3.,0.,-20.));
#14173=CARTESIAN_POINT('',(-3.000000000001,3.67394039744328E-16,-19.9999999999996));
#14174=CARTESIAN_POINT('Origin',(0.,0.,-20.));
#14175=CARTESIAN_POINT('',(-2.7,3.30654635769785E-16,-19.24994649132));
#14176=CARTESIAN_POINT('Origin',(0.,0.,-20.));
#14177=CARTESIAN_POINT('Origin',(0.,0.,-26.25));
#14178=CARTESIAN_POINT('',(3.,3.67394039744206E-16,-26.25));
#14179=CARTESIAN_POINT('',(0.,0.,0.));
#14180=CARTESIAN_POINT('',(87.36652926484,-6.,-49.34616404843));
#14181=CARTESIAN_POINT('',(87.22623353369,-6.,85.44603629645));
#14182=CARTESIAN_POINT('',(0.,-9.,0.));
#14183=CARTESIAN_POINT('',(14.,2.5,70.5));
#14184=CARTESIAN_POINT('',(0.,27.5,0.));
#14185=CARTESIAN_POINT('',(-87.36652926484,-6.,-49.34616404843));
#14186=CARTESIAN_POINT('',(-87.22623353369,-6.,85.44603629645));
#14187=CARTESIAN_POINT('',(-14.,2.5,70.5));
#14188=CARTESIAN_POINT('',(-14.,2.5,27.5));
#14189=CARTESIAN_POINT('',(14.,2.5,27.5));
#14190=CARTESIAN_POINT('',(-14.,2.5,-27.5));
#14191=CARTESIAN_POINT('',(14.,2.5,-27.5));
#14192=CARTESIAN_POINT('',(-14.,2.5,-70.5));
#14193=CARTESIAN_POINT('',(14.,2.5,-70.5));
#14194=UNCERTAINTY_MEASURE_WITH_UNIT(LENGTH_MEASURE(0.01),#14210,
'DISTANCE_ACCURACY_VALUE',
'Maximum model space distance between geometric entities at asserted c
onnectivities');
#14195=UNCERTAINTY_MEASURE_WITH_UNIT(LENGTH_MEASURE(0.01),#14210,
'DISTANCE_ACCURACY_VALUE',
'Maximum model space distance between geometric entities at asserted c
onnectivities');
#14196=UNCERTAINTY_MEASURE_WITH_UNIT(LENGTH_MEASURE(0.01),#14210,
'DISTANCE_ACCURACY_VALUE',
'Maximum model space distance between geometric entities at asserted c
onnectivities');
#14197=UNCERTAINTY_MEASURE_WITH_UNIT(LENGTH_MEASURE(0.01),#14210,
'DISTANCE_ACCURACY_VALUE',
'Maximum model space distance between geometric entities at asserted c
onnectivities');
#14198=UNCERTAINTY_MEASURE_WITH_UNIT(LENGTH_MEASURE(0.01),#14210,
'DISTANCE_ACCURACY_VALUE',
'Maximum model space distance between geometric entities at asserted c
onnectivities');
#14199=UNCERTAINTY_MEASURE_WITH_UNIT(LENGTH_MEASURE(0.01),#14210,
'DISTANCE_ACCURACY_VALUE',
'Maximum model space distance between geometric entities at asserted c
onnectivities');
#14200=UNCERTAINTY_MEASURE_WITH_UNIT(LENGTH_MEASURE(0.01),#14210,
'DISTANCE_ACCURACY_VALUE',
'Maximum model space distance between geometric entities at asserted c
onnectivities');
#14201=UNCERTAINTY_MEASURE_WITH_UNIT(LENGTH_MEASURE(0.01),#14210,
'DISTANCE_ACCURACY_VALUE',
'Maximum model space distance between geometric entities at asserted c
onnectivities');
#14202=(
GEOMETRIC_REPRESENTATION_CONTEXT(3)
GLOBAL_UNCERTAINTY_ASSIGNED_CONTEXT((#14194))
GLOBAL_UNIT_ASSIGNED_CONTEXT((#14210,#14212,#14213))
REPRESENTATION_CONTEXT('','3D')
);
#14203=(
GEOMETRIC_REPRESENTATION_CONTEXT(3)
GLOBAL_UNCERTAINTY_ASSIGNED_CONTEXT((#14195))
GLOBAL_UNIT_ASSIGNED_CONTEXT((#14210,#14212,#14213))
REPRESENTATION_CONTEXT('','3D')
);
#14204=(
GEOMETRIC_REPRESENTATION_CONTEXT(3)
GLOBAL_UNCERTAINTY_ASSIGNED_CONTEXT((#14196))
GLOBAL_UNIT_ASSIGNED_CONTEXT((#14210,#14212,#14213))
REPRESENTATION_CONTEXT('','3D')
);
#14205=(
GEOMETRIC_REPRESENTATION_CONTEXT(3)
GLOBAL_UNCERTAINTY_ASSIGNED_CONTEXT((#14197))
GLOBAL_UNIT_ASSIGNED_CONTEXT((#14210,#14212,#14213))
REPRESENTATION_CONTEXT('','3D')
);
#14206=(
GEOMETRIC_REPRESENTATION_CONTEXT(3)
GLOBAL_UNCERTAINTY_ASSIGNED_CONTEXT((#14198))
GLOBAL_UNIT_ASSIGNED_CONTEXT((#14210,#14212,#14213))
REPRESENTATION_CONTEXT('','3D')
);
#14207=(
GEOMETRIC_REPRESENTATION_CONTEXT(3)
GLOBAL_UNCERTAINTY_ASSIGNED_CONTEXT((#14199))
GLOBAL_UNIT_ASSIGNED_CONTEXT((#14210,#14212,#14213))
REPRESENTATION_CONTEXT('','3D')
);
#14208=(
GEOMETRIC_REPRESENTATION_CONTEXT(3)
GLOBAL_UNCERTAINTY_ASSIGNED_CONTEXT((#14200))
GLOBAL_UNIT_ASSIGNED_CONTEXT((#14210,#14212,#14213))
REPRESENTATION_CONTEXT('','3D')
);
#14209=(
GEOMETRIC_REPRESENTATION_CONTEXT(3)
GLOBAL_UNCERTAINTY_ASSIGNED_CONTEXT((#14201))
GLOBAL_UNIT_ASSIGNED_CONTEXT((#14210,#14212,#14213))
REPRESENTATION_CONTEXT('','3D')
);
#14210=(
LENGTH_UNIT()
NAMED_UNIT(*)
SI_UNIT(.MILLI.,.METRE.)
);
#14211=(
LENGTH_UNIT()
NAMED_UNIT(*)
SI_UNIT($,.METRE.)
);
#14212=(
NAMED_UNIT(*)
PLANE_ANGLE_UNIT()
SI_UNIT($,.RADIAN.)
);
#14213=(
NAMED_UNIT(*)
SI_UNIT($,.STERADIAN.)
SOLID_ANGLE_UNIT()
);
#14214=SHAPE_DEFINITION_REPRESENTATION(#14221,#14243);
#14215=SHAPE_DEFINITION_REPRESENTATION(#14222,#14244);
#14216=SHAPE_DEFINITION_REPRESENTATION(#14223,#14245);
#14217=SHAPE_DEFINITION_REPRESENTATION(#14224,#14246);
#14218=SHAPE_DEFINITION_REPRESENTATION(#14225,#14247);
#14219=SHAPE_DEFINITION_REPRESENTATION(#14226,#14248);
#14220=SHAPE_DEFINITION_REPRESENTATION(#14227,#14249);
#14221=PRODUCT_DEFINITION_SHAPE('',$,#14251);
#14222=PRODUCT_DEFINITION_SHAPE('',$,#14252);
#14223=PRODUCT_DEFINITION_SHAPE('',$,#14253);
#14224=PRODUCT_DEFINITION_SHAPE('',$,#14254);
#14225=PRODUCT_DEFINITION_SHAPE('',$,#14255);
#14226=PRODUCT_DEFINITION_SHAPE('',$,#14256);
#14227=PRODUCT_DEFINITION_SHAPE('',$,#14257);
#14228=PRODUCT_DEFINITION_SHAPE($,$,#56);
#14229=PRODUCT_DEFINITION_SHAPE($,$,#57);
#14230=PRODUCT_DEFINITION_SHAPE($,$,#58);
#14231=PRODUCT_DEFINITION_SHAPE($,$,#59);
#14232=PRODUCT_DEFINITION_SHAPE($,$,#60);
#14233=PRODUCT_DEFINITION_SHAPE($,$,#61);
#14234=PRODUCT_DEFINITION_SHAPE($,$,#62);
#14235=PRODUCT_DEFINITION_SHAPE($,$,#63);
#14236=PRODUCT_DEFINITION_SHAPE($,$,#64);
#14237=PRODUCT_DEFINITION_SHAPE($,$,#65);
#14238=PRODUCT_DEFINITION_SHAPE($,$,#66);
#14239=PRODUCT_DEFINITION_SHAPE($,$,#67);
#14240=PRODUCT_DEFINITION_SHAPE($,$,#68);
#14241=PRODUCT_DEFINITION_SHAPE($,$,#69);
#14242=PRODUCT_DEFINITION_SHAPE($,$,#70);
#14243=SHAPE_REPRESENTATION('',(#8380,#9279,#9280,#9281,#9282,#9283,#9284,
#9285,#9286,#9287,#9288,#9289,#9290,#9291,#9292,#9293),#14202);
#14244=SHAPE_REPRESENTATION('',(#8381),#14203);
#14245=SHAPE_REPRESENTATION('',(#8700),#14204);
#14246=SHAPE_REPRESENTATION('',(#8865),#14205);
#14247=SHAPE_REPRESENTATION('',(#9018),#14206);
#14248=SHAPE_REPRESENTATION('',(#9139),#14207);
#14249=SHAPE_REPRESENTATION('',(#9260),#14208);
#14250=PRODUCT_DEFINITION_CONTEXT('part definition',#14273,'design');
#14251=PRODUCT_DEFINITION('MY_DEADCAT_FRAME_ASM',
'Original Frame ONLY CFRP v3',#14258,#14250);
#14252=PRODUCT_DEFINITION('BOTTOM','BOTTOM',#14259,#14250);
#14253=PRODUCT_DEFINITION('CENTER','CENTER',#14260,#14250);
#14254=PRODUCT_DEFINITION('TOP','TOP',#14261,#14250);
#14255=PRODUCT_DEFINITION('ARM_SHORT','ARM_SHORT',#14262,#14250);
#14256=PRODUCT_DEFINITION('ARM_LONG','ARM_LONG',#14263,#14250);
#14257=PRODUCT_DEFINITION('SPACER_25MM','SPACER_25MM',#14264,#14250);
#14258=PRODUCT_DEFINITION_FORMATION('',$,#14275);
#14259=PRODUCT_DEFINITION_FORMATION('',$,#14276);
#14260=PRODUCT_DEFINITION_FORMATION('',$,#14277);
#14261=PRODUCT_DEFINITION_FORMATION('',$,#14278);
#14262=PRODUCT_DEFINITION_FORMATION('',$,#14279);
#14263=PRODUCT_DEFINITION_FORMATION('',$,#14280);
#14264=PRODUCT_DEFINITION_FORMATION('',$,#14281);
#14265=PRODUCT_RELATED_PRODUCT_CATEGORY('Original Frame ONLY CFRP v3',
'Original Frame ONLY CFRP v3',(#14275));
#14266=PRODUCT_RELATED_PRODUCT_CATEGORY('BOTTOM','BOTTOM',(#14276));
#14267=PRODUCT_RELATED_PRODUCT_CATEGORY('CENTER','CENTER',(#14277));
#14268=PRODUCT_RELATED_PRODUCT_CATEGORY('TOP','TOP',(#14278));
#14269=PRODUCT_RELATED_PRODUCT_CATEGORY('ARM_SHORT','ARM_SHORT',(#14279));
#14270=PRODUCT_RELATED_PRODUCT_CATEGORY('ARM_LONG','ARM_LONG',(#14280));
#14271=PRODUCT_RELATED_PRODUCT_CATEGORY('SPACER_25MM','SPACER_25MM',(#14281));
#14272=APPLICATION_PROTOCOL_DEFINITION('international standard',
'automotive_design',2009,#14273);
#14273=APPLICATION_CONTEXT(
'Core Data for Automotive Mechanical Design Process');
#14274=PRODUCT_CONTEXT('part definition',#14273,'mechanical');
#14275=PRODUCT('MY_DEADCAT_FRAME_ASM','Original Frame ONLY CFRP v3',$,(#14274));
#14276=PRODUCT('BOTTOM','BOTTOM','NOT SPECIFIED',(#14274));
#14277=PRODUCT('CENTER','CENTER','NOT SPECIFIED',(#14274));
#14278=PRODUCT('TOP','TOP','NOT SPECIFIED',(#14274));
#14279=PRODUCT('ARM_SHORT','ARM_SHORT','NOT SPECIFIED',(#14274));
#14280=PRODUCT('ARM_LONG','ARM_LONG','NOT SPECIFIED',(#14274));
#14281=PRODUCT('SPACER_25MM','SPACER_25MM','NOT SPECIFIED',(#14274));
#14282=PRESENTATION_STYLE_ASSIGNMENT((#14284));
#14283=PRESENTATION_STYLE_ASSIGNMENT((#14285));
#14284=SURFACE_STYLE_USAGE(.BOTH.,#14286);
#14285=SURFACE_STYLE_USAGE(.BOTH.,#14287);
#14286=SURFACE_SIDE_STYLE('',(#14288));
#14287=SURFACE_SIDE_STYLE('',(#14289));
#14288=SURFACE_STYLE_FILL_AREA(#14290);
#14289=SURFACE_STYLE_FILL_AREA(#14291);
#14290=FILL_AREA_STYLE('Steel - Satin',(#14292));
#14291=FILL_AREA_STYLE('Carbon Fiber - Plain',(#14293));
#14292=FILL_AREA_STYLE_COLOUR('Steel - Satin',#14294);
#14293=FILL_AREA_STYLE_COLOUR('Carbon Fiber - Plain',#14295);
#14294=COLOUR_RGB('Steel - Satin',0.627450980392157,0.627450980392157,0.627450980392157);
#14295=COLOUR_RGB('Carbon Fiber - Plain',0.0980392156862745,0.0980392156862745,
0.0980392156862745);
ENDSEC;
END-ISO-10303-21;
